InvoiceNo,StockCode,Description,Quantity,InvoiceDate,UnitPrice,CustomerID,Country,Revenue
572305,82482,wooden picture frame white finish,1,2011-10-23 15:09:00,2.95,17131.0,United Kingdom,2.95
574474,84231,easter bunny with basket on back,1,2011-11-04 12:05:00,0.65,17979.0,United Kingdom,0.65
537154,22563,happy stencil craft,1,2010-12-05 13:05:00,1.25,15808.0,United Kingdom,1.25
554372,22173,metal 4 hook hanger french chateau,8,2011-05-24 10:50:00,2.95,13842.0,United Kingdom,23.6
545227,22558,clothes pegs retrospot pack 24,24,2011-03-01 09:35:00,1.49,12428.0,Finland,35.76
577502,23256,childrens cutlery spaceboy,4,2011-11-20 12:34:00,4.15,12598.0,France,16.6
573763,21930,jumbo storage bag skulls,10,2011-11-01 09:56:00,2.08,17139.0,United Kingdom,20.8
573775,22910,paper chain kit vintage christmas,80,2011-11-01 10:30:00,2.55,13881.0,United Kingdom,204.0
571429,22197,popcorn holder,5,2011-10-17 12:50:00,0.85,15335.0,United Kingdom,4.25
569026,20975,12 pencils small tube red retrospot,24,2011-09-30 10:18:00,0.65,16101.0,United Kingdom,15.600000000000001
542521,21985,pack of 12 hearts design tissues,12,2011-01-28 12:28:00,0.29,17965.0,United Kingdom,3.4799999999999995
575959,21381,mini wooden happy birthday garland,12,2011-11-13 12:27:00,1.69,14547.0,United Kingdom,20.28
571456,20727,lunch bag  black skull.,5,2011-10-17 13:57:00,1.65,16729.0,United Kingdom,8.25
562046,23102,silver hearts table decoration,12,2011-08-02 10:34:00,0.83,12378.0,Switzerland,9.959999999999999
570597,23231,wrap  vintage doily,25,2011-10-11 11:49:00,0.42,16837.0,United Kingdom,10.5
564336,22320,birds mobile vintage design,1,2011-08-24 14:28:00,5.95,12748.0,United Kingdom,5.95
548148,21928,jumbo bag scandinavian blue paisley,1,2011-03-29 12:31:00,1.95,17931.0,United Kingdom,1.95
552726,22492,mini paint set vintage,36,2011-05-11 10:31:00,0.65,14920.0,United Kingdom,23.400000000000002
566967,22593,christmas gingham star,12,2011-09-15 18:05:00,0.85,16746.0,United Kingdom,10.2
563585,22383,lunch bag suki design,2,2011-08-17 17:01:00,1.65,17070.0,United Kingdom,3.3
565579,21181,please one person metal sign,3,2011-09-05 12:35:00,2.1,18283.0,United Kingdom,6.300000000000001
562450,POST,postage,3,2011-08-05 08:40:00,18.0,12562.0,France,54.0
579885,21115,rose caravan doorstop,2,2011-11-30 17:37:00,6.75,15444.0,United Kingdom,13.5
557529,21755,love building block word,18,2011-06-21 09:58:00,5.45,15189.0,United Kingdom,98.10000000000001
552804,23110,parisienne key cabinet,2,2011-05-11 12:32:00,5.75,15615.0,United Kingdom,11.5
548715,23233,wrap poppies  design,25,2011-04-03 15:22:00,0.42,17758.0,United Kingdom,10.5
557006,16045,popart wooden pencils asst,100,2011-06-16 11:29:00,0.04,14282.0,United Kingdom,4.0
561873,22558,clothes pegs retrospot pack 24,1,2011-07-31 11:48:00,1.65,13316.0,United Kingdom,1.65
559824,22667,recipe box retrospot,1,2011-07-12 17:23:00,2.95,17576.0,United Kingdom,2.95
573415,21231,sweetheart ceramic trinket box,4,2011-10-30 16:17:00,1.25,13607.0,United Kingdom,5.0
570488,21878,pack of 6 sandcastle flags assorted,1,2011-10-10 17:12:00,1.63,14096.0,United Kingdom,1.63
567707,23126,feltcraft girl amelie kit,24,2011-09-22 09:52:00,4.95,14676.0,United Kingdom,118.80000000000001
538827,20704,mr robot soft toy,16,2010-12-14 12:59:00,1.95,14298.0,United Kingdom,31.2
575756,22457,natural slate heart chalkboard,1,2011-11-11 10:48:00,2.95,18118.0,United Kingdom,2.95
543911,21700,big doughnut fridge magnets,72,2011-02-14 12:46:00,0.85,17829.0,United Arab Emirates,61.199999999999996
579472,23251,vintage red enamel trim mug,1,2011-11-29 15:09:00,1.25,13521.0,United Kingdom,1.25
575070,21931,jumbo storage bag suki,3,2011-11-08 12:58:00,2.08,17841.0,United Kingdom,6.24
581383,23301,gardeners kneeling pad keep calm,12,2011-12-08 13:04:00,1.65,15399.0,United Kingdom,19.799999999999997
560742,22720,set of 3 cake tins pantry design,3,2011-07-20 15:44:00,4.95,14755.0,United Kingdom,14.850000000000001
551824,21870,i can only please one person mug,12,2011-05-04 12:32:00,1.25,15128.0,United Kingdom,15.0
539019,20751,funky washing up gloves assorted,2,2010-12-15 14:12:00,2.1,17551.0,United Kingdom,4.2
581191,90214C,"letter ""c"" bling key ring",1,2011-12-07 16:56:00,0.29,17449.0,United Kingdom,0.29
554080,22993,set of 4 pantry jelly moulds,3,2011-05-22 11:42:00,1.25,16931.0,United Kingdom,3.75
561600,22173,metal 4 hook hanger french chateau,2,2011-07-28 11:29:00,2.95,15861.0,United Kingdom,5.9
568706,48187,doormat new england,2,2011-09-28 15:32:00,7.95,14911.0,EIRE,15.9
571965,22971,queens guard coffee mug,2,2011-10-20 10:41:00,2.55,17238.0,United Kingdom,5.1
557639,22483,red gingham teddy bear,1,2011-06-21 16:13:00,2.95,12933.0,United Kingdom,2.95
547019,20996,jazz hearts address book,5,2011-03-18 14:54:00,0.42,17841.0,United Kingdom,2.1
548711,22965,3 traditional biscuit cutters  set,1,2011-04-03 14:24:00,2.1,18116.0,United Kingdom,2.1
558556,21949,set of 6 strawberry chopsticks,1,2011-06-30 13:14:00,1.25,17954.0,United Kingdom,1.25
542080,21094,set/6 red spotty paper plates,12,2011-01-25 12:16:00,0.85,13815.0,Germany,10.2
543400,22380,toy tidy spaceboy,10,2011-02-08 11:27:00,2.1,14688.0,United Kingdom,21.0
563709,23215,jingle bell heart antique silver,3,2011-08-18 15:17:00,2.08,15472.0,United Kingdom,6.24
539075,22895,set of 2 tea towels apple and pears,1,2010-12-15 17:28:00,2.95,17189.0,United Kingdom,2.95
560234,85099B,jumbo bag red retrospot,100,2011-07-17 11:21:00,1.79,16180.0,United Kingdom,179.0
570223,22496,set of 2 round tins dutch cheese,1,2011-10-09 13:11:00,2.95,15787.0,United Kingdom,2.95
562204,23322,large white heart of wicker,5,2011-08-03 12:54:00,2.95,16324.0,United Kingdom,14.75
576213,23376,pack of 12 vintage christmas tissue,12,2011-11-14 12:47:00,0.39,18117.0,United Kingdom,4.68
542617,85036C,rose 1 wick morris boxed candle,3,2011-01-30 15:48:00,4.25,17463.0,United Kingdom,12.75
577174,22979,pantry washing up brush,2,2011-11-18 10:58:00,1.45,17841.0,United Kingdom,2.9
541434,22113,grey heart hot water bottle,8,2011-01-18 10:22:00,3.75,14911.0,EIRE,30.0
548014,21400,red pudding spoon,24,2011-03-29 11:29:00,0.12,17719.0,United Kingdom,2.88
555746,85114A,black enchanted forest placemat,2,2011-06-07 10:55:00,1.65,14606.0,United Kingdom,3.3
575410,85099B,jumbo bag red retrospot,20,2011-11-09 15:50:00,2.08,17705.0,United Kingdom,41.6
538849,20771,chrysanthemum  journal,3,2010-12-14 13:31:00,2.55,14415.0,United Kingdom,7.6499999999999995
578928,22726,alarm clock bakelike green,2,2011-11-27 12:29:00,3.75,15443.0,United Kingdom,7.5
574707,23356,love hot water bottle,1,2011-11-06 14:08:00,5.95,17107.0,United Kingdom,5.95
538635,22926,ivory giant garden thermometer,1,2010-12-13 13:32:00,5.95,17303.0,United Kingdom,5.95
538255,84609,tall rococo candle holder,4,2010-12-10 12:33:00,8.5,14911.0,EIRE,34.0
542602,21670,blue spot ceramic drawer knob,4,2011-01-30 12:09:00,1.25,15579.0,United Kingdom,5.0
543040,22417,pack of 60 spaceboy cake cases,1,2011-02-02 17:06:00,0.55,17337.0,United Kingdom,0.55
548509,22207,frying pan union flag,40,2011-03-31 15:00:00,4.25,14543.0,United Kingdom,170.0
552835,22906,12 message cards with envelopes,12,2011-05-11 14:17:00,1.65,17664.0,United Kingdom,19.799999999999997
541223,84378,set of 3 heart cookie cutters,2,2011-01-14 14:39:00,1.25,17954.0,United Kingdom,2.5
579550,22221,cake stand lovebird 2 tier pink,2,2011-11-30 10:48:00,9.95,12630.0,Finland,19.9
551860,20914,set/5 red retrospot lid glass bowls,3,2011-05-04 15:41:00,2.95,15508.0,United Kingdom,8.850000000000001
547171,48194,doormat hearts,2,2011-03-21 12:13:00,7.95,17849.0,United Kingdom,15.9
576364,23421,pantry hook spatula,2,2011-11-14 17:40:00,2.08,15009.0,United Kingdom,4.16
544910,22193,red diner wall clock,2,2011-02-24 14:32:00,8.5,16072.0,United Kingdom,17.0
581476,84510A,set of 4 english rose coasters,20,2011-12-09 08:48:00,1.25,12433.0,Norway,25.0
556784,21034,rex cash+carry jumbo shopper,2,2011-06-14 13:15:00,0.95,14461.0,United Kingdom,1.9
549966,85194L,hanging spring flower egg large,12,2011-04-13 14:17:00,0.85,16224.0,United Kingdom,10.2
574714,21224,set/4 skull badges,1,2011-11-06 14:29:00,1.25,15427.0,United Kingdom,1.25
580659,22086,paper chain kit 50's christmas,1,2011-12-05 13:46:00,2.95,17811.0,United Kingdom,2.95
569899,23284,doormat keep calm and come in,2,2011-10-06 16:15:00,8.25,13940.0,United Kingdom,16.5
553846,84997B,childrens cutlery retrospot red,8,2011-05-19 12:40:00,4.15,15738.0,United Kingdom,33.2
566295,85152,hand over the chocolate   sign,1,2011-09-11 15:44:00,2.1,15547.0,United Kingdom,2.1
541570,22551,plasters in tin spaceboy,384,2011-01-19 12:34:00,1.45,14646.0,Netherlands,556.8
563578,20982,12 pencils tall tube skulls,12,2011-08-17 15:11:00,0.85,12949.0,United Kingdom,10.2
553490,15044B,blue paper parasol,6,2011-05-17 12:44:00,2.95,13309.0,United Kingdom,17.700000000000003
545428,22699,roses regency teacup and saucer,6,2011-03-02 14:43:00,2.95,14239.0,United Kingdom,17.700000000000003
544280,22189,cream heart card holder,4,2011-02-17 12:21:00,3.95,14754.0,United Kingdom,15.8
574681,22622,box of vintage alphabet blocks,4,2011-11-06 12:41:00,11.95,15156.0,United Kingdom,47.8
538511,84660B,black stitched wall clock,20,2010-12-12 13:56:00,1.25,13959.0,United Kingdom,25.0
563256,47503A,ass floral print multi screwdriver,24,2011-08-15 12:07:00,0.42,18143.0,United Kingdom,10.08
550803,21975,pack of 60 dinosaur cake cases,1,2011-04-20 15:25:00,0.55,18177.0,United Kingdom,0.55
569568,16236,kitty pencil erasers,28,2011-10-05 09:57:00,0.21,12700.0,France,5.88
545188,22616,pack of 12 london tissues,12,2011-02-28 15:19:00,0.29,14056.0,United Kingdom,3.4799999999999995
568213,22866,hand warmer scotty dog design,12,2011-09-25 16:06:00,2.1,15214.0,United Kingdom,25.200000000000003
545591,22661,charlotte bag dolly girl design,10,2011-03-04 10:28:00,0.85,17581.0,United Kingdom,8.5
580876,23389,spaceboy mini backpack,1,2011-12-06 12:12:00,4.15,14071.0,United Kingdom,4.15
564187,20724,red retrospot charlotte bag,6,2011-08-23 15:24:00,0.85,15005.0,United Kingdom,5.1
575517,22384,lunch bag pink polkadot,3,2011-11-10 10:49:00,1.65,14562.0,United Kingdom,4.949999999999999
558700,21244,blue polkadot plate,1,2011-07-01 12:33:00,1.69,17920.0,United Kingdom,1.69
554964,21829,dinosaur keyrings assorted,36,2011-05-27 15:57:00,0.21,15867.0,United Kingdom,7.56
569230,21905,more butter metal sign,1,2011-10-02 15:07:00,0.79,16533.0,United Kingdom,0.79
557431,21257,victorian sewing box medium,2,2011-06-20 12:37:00,7.95,18260.0,United Kingdom,15.9
576355,22772,pink drawer knob acrylic edwardian,24,2011-11-14 16:28:00,1.25,13089.0,United Kingdom,30.0
568686,85071C,"charlie+lola""extremely busy"" sign",5,2011-09-28 14:26:00,0.39,16115.0,United Kingdom,1.9500000000000002
563090,23191,bundle of 3 retro note books,12,2011-08-11 17:00:00,1.65,16186.0,United Kingdom,19.799999999999997
568193,71038,white hanging beads candle holder,24,2011-09-25 14:37:00,4.65,17107.0,United Kingdom,111.60000000000001
574892,22772,pink drawer knob acrylic edwardian,36,2011-11-07 14:40:00,1.25,14700.0,United Kingdom,45.0
541280,21199,pink  heart confetti in tube,12,2011-01-17 11:57:00,1.65,15296.0,United Kingdom,19.799999999999997
547583,22652,travel sewing kit,36,2011-03-24 11:07:00,1.65,12901.0,United Kingdom,59.4
562847,21114,lavender scented fabric heart,10,2011-08-10 09:34:00,1.25,16245.0,United Kingdom,12.5
537065,22619,set of 6 soldier skittles,4,2010-12-05 11:57:00,3.75,12567.0,France,15.0
576239,22683,french blue metal door sign 8,10,2011-11-14 13:33:00,1.25,15694.0,United Kingdom,12.5
556497,84978,hanging heart jar t-light holder,12,2011-06-12 15:31:00,1.25,15271.0,United Kingdom,15.0
579103,23401,rustic mirror with lace heart,1,2011-11-28 11:39:00,6.25,18041.0,United Kingdom,6.25
572058,22386,jumbo bag pink polkadot,1,2011-10-20 12:43:00,2.08,18252.0,United Kingdom,2.08
563842,23243,set of tea coffee sugar tins pantry,4,2011-08-19 13:54:00,4.95,13871.0,United Kingdom,19.8
546753,22291,hanging chick cream decoration,3,2011-03-16 13:00:00,1.45,16383.0,United Kingdom,4.35
573381,23082,set 6 paper table lantern hearts,2,2011-10-30 14:05:00,3.75,17590.0,United Kingdom,7.5
550899,21240,blue polkadot cup,8,2011-04-21 12:07:00,0.85,13505.0,Switzerland,6.8
568674,22728,alarm clock bakelike pink,8,2011-09-28 13:30:00,3.75,12708.0,Germany,30.0
574249,22910,paper chain kit vintage christmas,6,2011-11-03 13:01:00,2.95,16347.0,United Kingdom,17.700000000000003
577697,22726,alarm clock bakelike green,4,2011-11-21 12:02:00,3.75,15804.0,United Kingdom,15.0
537058,22531,magic drawing slate circus parade,24,2010-12-05 11:51:00,0.42,13269.0,United Kingdom,10.08
542904,22352,lunch box with cutlery retrospot,6,2011-02-01 14:58:00,2.55,12682.0,France,15.299999999999999
564639,23199,jumbo bag apples,2,2011-08-26 12:55:00,2.08,18036.0,United Kingdom,4.16
542114,22558,clothes pegs retrospot pack 24,12,2011-01-25 14:00:00,1.49,16943.0,United Kingdom,17.88
570410,23309,set of 60 i love london cake cases,2,2011-10-10 13:04:00,0.55,16776.0,United Kingdom,1.1
555650,22079,ribbon reel hearts design,10,2011-06-06 13:48:00,1.65,14156.0,EIRE,16.5
570206,48185,doormat fairy cake,10,2011-10-09 10:13:00,7.08,15465.0,United Kingdom,70.8
569846,22945,christmas metal tags assorted,12,2011-10-06 13:42:00,0.85,13422.0,United Kingdom,10.2
576911,23235,storage tin vintage leaf,1,2011-11-17 10:01:00,2.89,17461.0,United Kingdom,2.89
567097,22114,hot water bottle tea and sympathy,4,2011-09-16 13:23:00,4.25,13323.0,United Kingdom,17.0
578289,22978,pantry rolling pin,2,2011-11-23 14:07:00,3.75,17841.0,United Kingdom,7.5
578369,22175,pink owl soft toy,2,2011-11-24 11:10:00,2.95,14698.0,United Kingdom,5.9
552703,82580,bathroom metal sign,2,2011-05-10 16:00:00,0.55,14462.0,United Kingdom,1.1
570020,22557,plasters in tin vintage paisley,24,2011-10-07 10:18:00,1.65,12684.0,France,39.599999999999994
568786,85099B,jumbo bag red retrospot,20,2011-09-29 09:16:00,2.08,15144.0,United Kingdom,41.6
536783,22075,6 ribbons elegant christmas,24,2010-12-02 15:19:00,1.45,15061.0,United Kingdom,34.8
543598,48138,doormat union flag,12,2011-02-10 13:06:00,6.75,18230.0,United Kingdom,81.0
566560,22411,jumbo shopper vintage red paisley,12,2011-09-13 12:09:00,2.08,17092.0,United Kingdom,24.96
580680,22285,hanging hen on nest decoration,12,2011-12-05 14:51:00,1.65,13001.0,United Kingdom,19.799999999999997
573501,22383,lunch bag suki design,4,2011-10-31 12:02:00,1.65,18055.0,United Kingdom,6.6
571418,23067,hanging engraved metal heart,4,2011-10-17 12:35:00,4.15,16412.0,United Kingdom,16.6
536520,22754,small red babushka notebook,1,2010-12-01 12:43:00,0.85,14729.0,United Kingdom,0.85
572695,20750,red retrospot mini cases,2,2011-10-25 14:23:00,7.95,12610.0,Italy,15.9
544409,22842,biscuit tin vintage red,4,2011-02-18 13:32:00,6.75,16265.0,United Kingdom,27.0
549733,22438,balloon art make your own flowers,10,2011-04-11 16:56:00,1.95,17827.0,United Kingdom,19.5
544091,21670,blue spot ceramic drawer knob,12,2011-02-16 08:37:00,1.25,14897.0,United Kingdom,15.0
567866,21034,rex cash+carry jumbo shopper,3,2011-09-22 14:13:00,0.95,16669.0,United Kingdom,2.8499999999999996
559362,23159,set of 5 pancake day magnets,12,2011-07-08 08:43:00,2.08,12635.0,Germany,24.96
540501,20727,lunch bag  black skull.,30,2011-01-09 10:43:00,1.65,13162.0,United Kingdom,49.5
575685,23526,wall art dog licence,18,2011-11-10 15:57:00,5.35,15694.0,United Kingdom,96.3
552198,22250,decoration  butterfly  magic garden,2,2011-05-06 14:47:00,0.85,15552.0,United Kingdom,1.7
553860,22819,"birthday card, retro spot",12,2011-05-19 13:57:00,0.42,17841.0,United Kingdom,5.04
580695,22464,hanging metal heart lantern,2,2011-12-05 16:03:00,0.79,13230.0,United Kingdom,1.58
553547,23204,charlotte bag apples design,40,2011-05-17 15:48:00,0.85,12474.0,Germany,34.0
536945,22438,balloon art make your own flowers,1,2010-12-03 12:24:00,1.95,14083.0,United Kingdom,1.95
561911,22989,set 2 pantry design tea towels,6,2011-08-01 10:26:00,3.25,12534.0,Germany,19.5
545415,20971,pink blue felt craft trinket box,12,2011-03-02 13:03:00,1.25,15641.0,United Kingdom,15.0
563613,22635,childs breakfast set dolly girl,4,2011-08-18 08:49:00,9.95,12688.0,Israel,39.8
576933,23309,set of 60 i love london cake cases,1,2011-11-17 11:29:00,0.55,15529.0,United Kingdom,0.55
576364,21900,"key fob , shed",1,2011-11-14 17:40:00,0.65,15009.0,United Kingdom,0.65
562046,22965,3 traditional biscuit cutters  set,6,2011-08-02 10:34:00,2.1,12378.0,Switzerland,12.600000000000001
545155,82011A,"bathroom scales, tropical beach",1,2011-02-28 13:25:00,3.75,14527.0,United Kingdom,3.75
581405,23510,mini playing cards gymkhana,2,2011-12-08 13:50:00,0.42,13521.0,United Kingdom,0.84
574532,22379,recycling bag retrospot,5,2011-11-04 14:19:00,2.1,15676.0,United Kingdom,10.5
544824,22607,wooden rounders garden set,2,2011-02-24 09:32:00,9.95,17139.0,United Kingdom,19.9
546760,22697,green regency teacup and saucer,6,2011-03-16 14:00:00,2.95,12597.0,Spain,17.700000000000003
554812,23093,small parisienne heart photo frame,4,2011-05-26 13:21:00,2.49,15005.0,United Kingdom,9.96
537226,20781,gold ear muff headphones,2,2010-12-06 08:34:00,5.49,15987.0,United Kingdom,10.98
544450,22895,set of 2 tea towels apple and pears,2,2011-02-20 12:23:00,2.95,17811.0,United Kingdom,5.9
553828,21955,doormat union jack guns and roses,2,2011-05-19 11:24:00,7.95,17865.0,United Kingdom,15.9
580175,20961,strawberry bath sponge,50,2011-12-02 11:45:00,1.25,14126.0,United Kingdom,62.5
570885,20724,red retrospot charlotte bag,10,2011-10-13 10:20:00,0.85,14211.0,United Kingdom,8.5
538533,84992,72 sweetheart fairy cake cases,2,2010-12-13 10:31:00,0.55,14796.0,United Kingdom,1.1
580963,22835,hot water bottle i am so poorly,8,2011-12-06 14:49:00,4.95,14868.0,United Kingdom,39.6
568650,20676,red retrospot bowl,16,2011-09-28 11:56:00,1.25,13505.0,Switzerland,20.0
571288,23014,glass apothecary bottle elixir,2,2011-10-16 15:13:00,3.95,16052.0,United Kingdom,7.9
554108,23076,ice cream sundae lip gloss,24,2011-05-22 14:29:00,1.25,13668.0,United Kingdom,30.0
561542,22751,feltcraft princess olivia doll,48,2011-07-28 10:09:00,3.39,15105.0,United Kingdom,162.72
550250,47566,party bunting,4,2011-04-15 11:36:00,4.95,18171.0,United Kingdom,19.8
558877,21790,vintage snap cards,1,2011-07-04 13:50:00,0.85,17841.0,United Kingdom,0.85
552638,22990,cotton apron pantry design,4,2011-05-10 13:00:00,4.95,17700.0,United Kingdom,19.8
578852,22675,french kitchen sign blue metal,1,2011-11-27 11:12:00,1.25,17841.0,United Kingdom,1.25
573093,23350,roll wrap vintage spot,2,2011-10-27 14:38:00,1.25,18283.0,United Kingdom,2.5
563262,21467,cherry crochet food cover,1,2011-08-15 12:44:00,3.75,15311.0,United Kingdom,3.75
546117,22961,jam making set printed,4,2011-03-09 13:56:00,1.45,16771.0,United Kingdom,5.8
547358,22029,spaceboy birthday card,12,2011-03-22 12:25:00,0.42,15998.0,United Kingdom,5.04
563935,84992,72 sweetheart fairy cake cases,2,2011-08-21 16:24:00,0.55,15547.0,United Kingdom,1.1
576602,23456,medium parlour frame,18,2011-11-15 15:20:00,3.75,14156.0,EIRE,67.5
561889,20726,lunch bag woodland,10,2011-07-31 13:37:00,1.65,15804.0,United Kingdom,16.5
578028,20727,lunch bag  black skull.,1,2011-11-22 13:30:00,1.65,17371.0,United Kingdom,1.65
560711,82552,washroom metal sign,1,2011-07-20 12:58:00,1.45,17841.0,United Kingdom,1.45
573340,47591D,pink fairy cake childrens apron,1,2011-10-30 11:55:00,1.95,14159.0,United Kingdom,1.95
572311,23394,poste france cushion cover,2,2011-10-23 15:45:00,3.75,14035.0,United Kingdom,7.5
547062,82581,toilet metal sign,2,2011-03-20 13:28:00,0.55,16728.0,United Kingdom,1.1
559878,22063,ceramic bowl with strawberry design,2,2011-07-13 11:19:00,2.95,15493.0,United Kingdom,5.9
570019,23094,le grand tray chic set,1,2011-10-07 10:13:00,12.5,17841.0,United Kingdom,12.5
562914,22712,card dolly girl,12,2011-08-10 13:25:00,0.42,16558.0,United Kingdom,5.04
545410,16156S,wrap pink fairy cakes,25,2011-03-02 12:18:00,0.42,16670.0,United Kingdom,10.5
536798,22427,enamel flower jug cream,1,2010-12-02 15:55:00,5.95,17838.0,United Kingdom,5.95
574481,23120,pack of 6 small fruit straws,1,2011-11-04 12:45:00,0.42,18022.0,United Kingdom,0.42
571038,72351A,set/6 turquoise butterfly t-lights,1,2011-10-13 12:58:00,2.1,15511.0,United Kingdom,2.1
557129,21531,red retrospot sugar jam bowl,1,2011-06-16 19:59:00,2.55,17841.0,United Kingdom,2.55
562680,20983,12 pencils tall tube red retrospot,1,2011-08-08 13:46:00,0.85,17954.0,United Kingdom,0.85
567917,22577,wooden heart christmas scandinavian,72,2011-09-22 17:19:00,0.29,14298.0,United Kingdom,20.88
562542,21519,gin & tonic diet greeting card,12,2011-08-05 15:40:00,0.42,17377.0,United Kingdom,5.04
572520,23434,3 raffia ribbons 50's christmas,10,2011-10-24 15:05:00,0.79,13165.0,United Kingdom,7.9
537429,20975,12 pencils small tube red retrospot,2,2010-12-06 15:54:00,0.65,12748.0,United Kingdom,1.3
574368,23569,tradtional alphabet stamp set,4,2011-11-04 10:59:00,4.95,13004.0,United Kingdom,19.8
563709,20956,porcelain t-light holders assorted,3,2011-08-18 15:17:00,1.25,15472.0,United Kingdom,3.75
579555,21164,home sweet home metal sign,2,2011-11-30 11:08:00,2.95,16241.0,United Kingdom,5.9
567656,21935,suki  shoulder bag,4,2011-09-21 14:40:00,1.63,14096.0,United Kingdom,6.52
579196,22564,alphabet stencil craft,3,2011-11-28 15:54:00,2.46,14096.0,United Kingdom,7.38
571046,84012,magic sheep wool growing from paper,5,2011-10-13 13:35:00,0.85,18096.0,United Kingdom,4.25
553188,85123A,white hanging heart t-light holder,12,2011-05-15 12:55:00,2.95,15379.0,United Kingdom,35.400000000000006
580400,22086,paper chain kit 50's christmas,6,2011-12-04 11:50:00,2.95,16561.0,United Kingdom,17.700000000000003
560931,47599A,pink party bags,26,2011-07-22 10:25:00,2.1,16365.0,United Kingdom,54.6
577700,84378,set of 3 heart cookie cutters,1,2011-11-21 12:06:00,1.45,14449.0,United Kingdom,1.45
550955,22083,paper chain kit retrospot,6,2011-04-21 16:26:00,2.95,14189.0,United Kingdom,17.700000000000003
549993,22630,dolly girl lunch box,24,2011-04-14 08:26:00,1.95,14057.0,United Kingdom,46.8
571498,22671,french laundry sign blue metal,1,2011-10-17 15:06:00,1.65,17841.0,United Kingdom,1.65
575932,20728,lunch bag cars blue,10,2011-11-13 10:35:00,1.65,16923.0,United Kingdom,16.5
554827,22482,blue tea towel classic design,96,2011-05-26 15:19:00,1.06,14646.0,Netherlands,101.76
547001,21704,bag 250g swirly marbles,144,2011-03-18 13:52:00,0.72,16656.0,United Kingdom,103.67999999999999
577720,22811,set of 6 t-lights cacti,96,2011-11-21 12:21:00,2.55,16013.0,United Kingdom,244.79999999999998
556733,21907,i'm on holiday metal sign,1,2011-06-14 11:53:00,2.1,16919.0,United Kingdom,2.1
547063,22408,money box confectionery design,1,2011-03-20 13:33:00,1.25,14769.0,United Kingdom,1.25
539353,82494L,wooden frame antique white,6,2010-12-17 11:30:00,2.95,12782.0,Portugal,17.700000000000003
559544,22210,wood stamp set best wishes,1,2011-07-10 13:52:00,0.83,17126.0,United Kingdom,0.83
554842,22514,childs garden spade blue,6,2011-05-26 18:17:00,2.1,14740.0,United Kingdom,12.600000000000001
565443,23345,dolly girl beaker,12,2011-09-04 14:22:00,1.25,12567.0,France,15.0
551533,21669,blue stripe ceramic drawer knob,1,2011-05-01 14:58:00,1.25,15407.0,United Kingdom,1.25
568897,23427,stool home sweet home,1,2011-09-29 13:17:00,12.5,13886.0,United Kingdom,12.5
550473,22399,magnets pack of 4 childhood memory,1,2011-04-18 13:54:00,1.25,14623.0,United Kingdom,1.25
558437,20677,pink polkadot bowl,4,2011-06-29 12:46:00,1.25,17799.0,United Kingdom,5.0
539086,79000,moroccan tea glass,24,2010-12-16 09:35:00,0.85,17001.0,United Kingdom,20.4
544675,22677,french blue metal door sign 2,5,2011-02-22 15:59:00,1.25,16011.0,United Kingdom,6.25
561653,16219,house shape pencil sharpener,48,2011-07-28 15:55:00,0.06,14002.0,United Kingdom,2.88
573866,22909,set of 20 vintage christmas napkins,12,2011-11-01 12:06:00,0.85,17495.0,United Kingdom,10.2
545683,84945,multi colour silver t-light holder,24,2011-03-06 11:50:00,0.85,14903.0,United Kingdom,20.4
576927,22580,advent calendar gingham sack,3,2011-11-17 11:02:00,5.95,12567.0,France,17.85
566319,23271,christmas table silver candle spike,16,2011-09-12 11:25:00,0.83,13431.0,United Kingdom,13.28
579121,23077,doughnut lip gloss,20,2011-11-28 12:01:00,1.25,17299.0,United Kingdom,25.0
566038,21756,bath building block word,3,2011-09-08 13:26:00,6.25,14511.0,United Kingdom,18.75
556629,23148,miniature antique rose hook ivory,24,2011-06-13 14:55:00,0.83,14841.0,United Kingdom,19.919999999999998
574103,23397,foot stool home sweet home,2,2011-11-03 10:30:00,9.95,13636.0,United Kingdom,19.9
561817,23202,jumbo bag vintage leaf,30,2011-07-29 15:51:00,2.08,12921.0,United Kingdom,62.400000000000006
566647,21212,pack of 72 retrospot cake cases,1,2011-09-14 11:21:00,0.55,18001.0,United Kingdom,0.55
575222,23320,giant 50's christmas cracker,4,2011-11-09 11:33:00,2.89,16880.0,United Kingdom,11.56
547623,21524,doormat spotty home sweet home,2,2011-03-24 11:29:00,7.95,15641.0,United Kingdom,15.9
542898,84992,72 sweetheart fairy cake cases,1,2011-02-01 14:01:00,0.55,16110.0,United Kingdom,0.55
564856,22325,mobile vintage hearts,3,2011-08-31 09:11:00,4.95,12477.0,Germany,14.850000000000001
548664,23177,treasure island book box,8,2011-04-01 14:45:00,2.25,14911.0,EIRE,18.0
543800,21078,set/20 strawberry paper napkins,2,2011-02-13 11:36:00,0.85,17282.0,United Kingdom,1.7
550911,21246,red retrospot big bowl,6,2011-04-21 13:11:00,4.95,12354.0,Spain,29.700000000000003
572882,23434,3 raffia ribbons 50's christmas,10,2011-10-26 13:36:00,0.79,18226.0,United Kingdom,7.9
578072,84947,antique silver tea glass engraved,6,2011-11-22 16:02:00,1.25,17759.0,United Kingdom,7.5
540862,85123A,white hanging heart t-light holder,32,2011-01-12 11:18:00,2.55,15953.0,United Kingdom,81.6
541794,84997D,pink 3 piece polkadot cutlery set,4,2011-01-21 13:21:00,3.75,17238.0,United Kingdom,15.0
574545,22485,set of 2 wooden market crates,4,2011-11-04 14:54:00,12.75,17084.0,United Kingdom,51.0
569470,22440,balloon water bomb pack of 35,10,2011-10-04 12:25:00,0.42,17673.0,United Kingdom,4.2
574909,23513,embroidered ribbon reel susie,1,2011-11-07 15:40:00,2.08,13673.0,United Kingdom,2.08
572318,23329,decorative wicker heart large,2,2011-10-23 16:19:00,1.65,15436.0,United Kingdom,3.3
537604,21528,dairy maid traditional teapot,2,2010-12-07 13:01:00,6.95,13488.0,United Kingdom,13.9
564330,22189,cream heart card holder,6,2011-08-24 13:57:00,3.95,13411.0,United Kingdom,23.700000000000003
540371,72760B,vintage cream 3 basket cake stand,2,2011-01-06 16:35:00,9.95,14312.0,United Kingdom,19.9
551184,21232,strawberry ceramic trinket box,144,2011-04-27 09:03:00,1.06,18220.0,United Kingdom,152.64000000000001
557069,22383,lunch bag suki design,10,2011-06-16 15:22:00,1.65,12562.0,France,16.5
575607,35649,vintage bead cosmetic bag,1,2011-11-10 12:37:00,2.46,14096.0,United Kingdom,2.46
571054,85017B,envelope 50 blossom images,2,2011-10-13 13:58:00,0.42,14234.0,United Kingdom,0.84
555076,21755,love building block word,3,2011-05-31 12:11:00,5.95,13900.0,United Kingdom,17.85
571846,23323,white wicker star,1,2011-10-19 12:35:00,2.1,17841.0,United Kingdom,2.1
560807,22950,36 doilies vintage christmas,12,2011-07-21 10:44:00,1.45,18143.0,United Kingdom,17.4
544292,21669,blue stripe ceramic drawer knob,6,2011-02-17 12:33:00,1.25,16745.0,United Kingdom,7.5
581266,22328,round snack boxes set of 4 fruits,18,2011-12-08 11:25:00,2.95,12621.0,Germany,53.1
552554,21974,set of 36 paisley flower doilies,2,2011-05-10 11:04:00,1.45,12843.0,United Kingdom,2.9
538866,22749,feltcraft princess charlotte doll,1,2010-12-14 14:40:00,3.75,17841.0,United Kingdom,3.75
552272,21794,classic french style basket natural,8,2011-05-08 12:13:00,3.95,13694.0,United Kingdom,31.6
548176,22245,"hook, 1 hanger ,magic garden",4,2011-03-29 14:20:00,0.85,13439.0,United Kingdom,3.4
536522,22866,hand warmer scotty dog design,1,2010-12-01 12:49:00,2.1,15012.0,United Kingdom,2.1
561065,21217,red retrospot round cake tins,1,2011-07-24 14:18:00,9.95,14180.0,United Kingdom,9.95
573340,35967,folk art metal star t-light holder,12,2011-10-30 11:55:00,0.38,14159.0,United Kingdom,4.5600000000000005
546624,20749,assorted colour mini cases,2,2011-03-15 11:38:00,7.95,14193.0,United Kingdom,15.9
537781,22909,set of 20 vintage christmas napkins,1,2010-12-08 12:46:00,0.85,17341.0,United Kingdom,0.85
563202,85066,cream sweetheart mini chest,1,2011-08-14 11:16:00,12.75,12722.0,France,12.75
549597,22570,feltcraft cushion rabbit,4,2011-04-11 11:23:00,3.75,16133.0,United Kingdom,15.0
556580,85049E,scandinavian reds ribbons,12,2011-06-13 14:20:00,1.25,17719.0,United Kingdom,15.0
548172,47566B,tea time party bunting,4,2011-03-29 14:13:00,4.95,15738.0,United Kingdom,19.8
549293,23159,set of 5 pancake day magnets,1,2011-04-07 19:16:00,2.08,17883.0,United Kingdom,2.08
545826,17084R,assorted incense pack,72,2011-03-07 13:03:00,0.21,17696.0,United Kingdom,15.12
563944,23351,roll wrap 50's christmas,12,2011-08-22 10:08:00,1.25,17581.0,United Kingdom,15.0
565851,21136,painted metal pears assorted,32,2011-09-07 13:06:00,1.69,14911.0,EIRE,54.08
566771,23268,set of 2 ceramic christmas reindeer,12,2011-09-15 09:34:00,1.45,15322.0,United Kingdom,17.4
537765,21784,shoe shine box,1,2010-12-08 12:08:00,9.95,14606.0,United Kingdom,9.95
550644,22989,set 2 pantry design tea towels,6,2011-04-19 16:19:00,3.25,12733.0,USA,19.5
574043,21506,"fancy font birthday card,",12,2011-11-02 13:13:00,0.42,16367.0,United Kingdom,5.04
573546,21463,mirrored disco ball,4,2011-10-31 13:13:00,5.95,15974.0,United Kingdom,23.8
574907,85014A,black/blue polkadot umbrella,2,2011-11-07 15:33:00,5.95,17043.0,United Kingdom,11.9
556475,23245,set of 3 regency cake tins,4,2011-06-12 12:03:00,4.95,18109.0,United Kingdom,19.8
563848,22757,large red babushka notebook,12,2011-08-19 14:57:00,1.25,14911.0,EIRE,15.0
537605,22646,ceramic strawberry cake money bank,4,2010-12-07 13:13:00,1.45,16221.0,United Kingdom,5.8
537222,21955,doormat union jack guns and roses,1,2010-12-05 16:00:00,7.95,14404.0,United Kingdom,7.95
572528,23328,set 6 school milk bottles in crate,4,2011-10-24 15:43:00,3.75,13176.0,United Kingdom,15.0
546465,47566,party bunting,4,2011-03-14 10:57:00,4.95,14395.0,United Kingdom,19.8
541273,22150,3 stripey mice feltcraft,6,2011-01-17 11:21:00,1.95,13155.0,United Kingdom,11.7
570420,84519A,tomato charlie+lola coaster set,1,2011-10-10 13:33:00,1.25,17841.0,United Kingdom,1.25
555631,22645,ceramic heart fairy cake money bank,4,2011-06-06 12:06:00,1.45,18118.0,United Kingdom,5.8
578935,23319,box of 6 mini 50's crackers,1,2011-11-27 12:52:00,2.49,15351.0,United Kingdom,2.49
578852,22666,recipe box pantry yellow design,1,2011-11-27 11:12:00,2.95,17841.0,United Kingdom,2.95
548801,22149,feltcraft 6 flower friends,6,2011-04-04 12:44:00,2.1,15289.0,United Kingdom,12.600000000000001
552039,21164,home sweet home metal sign,12,2011-05-06 08:10:00,2.95,13081.0,United Kingdom,35.400000000000006
550835,22567,20 dolly pegs retrospot,6,2011-04-21 10:52:00,1.45,15034.0,United Kingdom,8.7
571747,22591,cardholder gingham christmas tree,6,2011-10-19 10:59:00,3.25,13849.0,United Kingdom,19.5
563555,22728,alarm clock bakelike pink,1,2011-08-17 13:21:00,3.75,16755.0,United Kingdom,3.75
580514,21344,moroccan beaten metal dish,1,2011-12-04 14:01:00,9.95,16905.0,United Kingdom,9.95
558075,23110,parisienne key cabinet,2,2011-06-24 17:07:00,5.75,17858.0,United Kingdom,11.5
572030,22776,sweetheart 3 tier cake stand,1,2011-10-20 11:51:00,9.95,14923.0,United Kingdom,9.95
557619,22686,french blue metal door sign no,1,2011-06-21 13:58:00,1.25,17757.0,United Kingdom,1.25
541848,22066,love heart trinket pot,2,2011-01-23 13:31:00,1.45,17611.0,United Kingdom,2.9
538015,21143,antique glass heart decoration,12,2010-12-09 12:49:00,1.95,13240.0,United Kingdom,23.4
537606,21812,garland with hearts and bells,12,2010-12-07 13:16:00,4.95,15002.0,United Kingdom,59.400000000000006
540545,22193,red diner wall clock,1,2011-01-09 15:35:00,8.5,13451.0,United Kingdom,8.5
565117,22151,place setting white heart,24,2011-09-01 11:33:00,0.42,13089.0,United Kingdom,10.08
572103,22917,herb marker rosemary,1,2011-10-20 15:57:00,0.65,17571.0,United Kingdom,0.65
541510,85123A,white hanging heart t-light holder,2,2011-01-18 16:39:00,2.95,14428.0,United Kingdom,5.9
565800,22554,plasters in tin woodland animals,24,2011-09-07 10:23:00,1.65,14911.0,EIRE,39.599999999999994
576906,23473,woodland small red felt heart,12,2011-11-17 09:33:00,0.83,18225.0,United Kingdom,9.959999999999999
575069,23354,6 gift tags 50's christmas,12,2011-11-08 12:51:00,0.83,17637.0,United Kingdom,9.959999999999999
558620,84913B,mint green rose towel,1,2011-06-30 16:39:00,4.65,15584.0,United Kingdom,4.65
562046,23193,buffalo bill treasure book box,8,2011-08-02 10:34:00,2.25,12378.0,Switzerland,18.0
577404,22835,hot water bottle i am so poorly,2,2011-11-20 10:16:00,4.95,17243.0,United Kingdom,9.9
562127,85130B,beaded crystal heart green large,24,2011-08-03 08:21:00,0.79,13717.0,United Kingdom,18.96
574300,20831,gold photo frame,6,2011-11-03 16:12:00,2.1,14636.0,United Kingdom,12.600000000000001
546121,82482,wooden picture frame white finish,3,2011-03-09 14:30:00,2.55,14085.0,United Kingdom,7.6499999999999995
577778,23406,home sweet home key holder,1,2011-11-21 16:10:00,6.25,16549.0,United Kingdom,6.25
564150,21115,rose caravan doorstop,2,2011-08-23 12:30:00,6.75,14936.0,Channel Islands,13.5
554094,47566B,tea time party bunting,3,2011-05-22 12:49:00,4.95,15716.0,United Kingdom,14.850000000000001
540979,23231,wrap doiley design,25,2011-01-12 15:06:00,0.42,15727.0,United Kingdom,10.5
552640,47480,hanging photo clip rope ladder,2,2011-05-10 13:19:00,1.65,17841.0,United Kingdom,3.3
575842,23535,wall art bicycle safety,4,2011-11-11 12:01:00,5.95,15024.0,United Kingdom,23.8
566557,23064,cinderella chandelier,4,2011-09-13 11:47:00,41.75,14646.0,Netherlands,167.0
578676,20726,lunch bag woodland,1,2011-11-24 19:07:00,1.65,16016.0,United Kingdom,1.65
571248,22784,lantern cream gazebo,3,2011-10-14 16:05:00,4.95,15826.0,United Kingdom,14.850000000000001
547370,22115,metal sign empire tea,1,2011-03-22 13:32:00,2.95,14711.0,United Kingdom,2.95
543188,21915,red  harmonica in box,12,2011-02-04 11:45:00,1.25,12567.0,France,15.0
561383,22974,childrens dolly girl mug,12,2011-07-27 08:35:00,1.65,13730.0,United Kingdom,19.799999999999997
546438,22356,charlotte bag pink polkadot,100,2011-03-14 09:59:00,0.72,15125.0,United Kingdom,72.0
580956,22990,cotton apron pantry design,1,2011-12-06 14:23:00,1.95,17841.0,United Kingdom,1.95
568062,23545,wrap red vintage doily,25,2011-09-23 13:18:00,0.42,14014.0,United Kingdom,10.5
558754,22900,set 2 tea towels i love london,6,2011-07-03 12:10:00,3.25,15518.0,United Kingdom,19.5
544315,85206A,cream felt easter egg basket,1,2011-02-17 14:42:00,1.65,12748.0,United Kingdom,1.65
546764,22168,organiser wood antique white,2,2011-03-16 14:31:00,8.5,15671.0,United Kingdom,17.0
550437,22930,baking mould heart milk chocolate,1,2011-04-18 12:14:00,2.55,16923.0,United Kingdom,2.55
551292,23199,jumbo bag apples,30,2011-04-27 14:27:00,1.65,14298.0,United Kingdom,49.5
562276,22432,watering can pink bunny,6,2011-08-04 10:23:00,1.95,17735.0,United Kingdom,11.7
577502,23254,childrens cutlery dolly girl,4,2011-11-20 12:34:00,4.15,12598.0,France,16.6
557484,22900,set 2 tea towels i love london,6,2011-06-20 14:36:00,3.25,14796.0,United Kingdom,19.5
574034,22579,wooden tree christmas scandinavian,5,2011-11-02 12:45:00,0.29,17841.0,United Kingdom,1.45
555539,22227,hanging heart mirror decoration,2,2011-06-05 12:44:00,0.65,14472.0,United Kingdom,1.3
580135,22847,bread bin diner style ivory,1,2011-12-01 19:33:00,16.95,14702.0,United Kingdom,16.95
565291,22188,black heart card holder,324,2011-09-02 11:53:00,2.31,18102.0,United Kingdom,748.44
572681,23237,set of 4 knick knack tins leaf,6,2011-10-25 13:51:00,4.15,13510.0,United Kingdom,24.900000000000002
539497,22622,box of vintage alphabet blocks,4,2010-12-20 10:41:00,9.95,12944.0,United Kingdom,39.8
573314,23355,hot water bottle keep calm,5,2011-10-28 17:26:00,4.95,16987.0,United Kingdom,24.75
571317,22632,hand warmer red retrospot,10,2011-10-17 10:48:00,2.1,17377.0,United Kingdom,21.0
542254,22722,set of 6 spice tins pantry design,24,2011-01-26 16:41:00,3.45,14733.0,United Kingdom,82.80000000000001
537871,21621,vintage union jack bunting,1,2010-12-08 17:20:00,8.5,12748.0,United Kingdom,8.5
543022,21407,brown check cat doorstop,2,2011-02-02 14:37:00,4.25,16771.0,United Kingdom,8.5
563745,23334,ivory wicker heart small,48,2011-08-19 09:38:00,0.63,15159.0,United Kingdom,30.240000000000002
546394,21121,set/10 red polkadot party candles,24,2011-03-11 14:26:00,1.25,17164.0,United Kingdom,30.0
559167,21928,jumbo bag scandinavian blue paisley,2,2011-07-06 16:54:00,2.08,17997.0,United Kingdom,4.16
577980,22619,set of 6 soldier skittles,1,2011-11-22 12:24:00,3.75,16330.0,United Kingdom,3.75
538687,22665,recipe box blue sketchbook design,24,2010-12-14 09:50:00,2.55,13324.0,United Kingdom,61.199999999999996
574064,23229,vintage donkey tail game,6,2011-11-02 14:35:00,3.75,17434.0,United Kingdom,22.5
560547,82552,washroom metal sign,12,2011-07-19 12:39:00,1.45,17419.0,United Kingdom,17.4
564172,22072,red retrospot tea cup and saucer,2,2011-08-23 14:19:00,3.75,16033.0,United Kingdom,7.5
555642,22595,gingham heart decoration,12,2011-06-06 13:18:00,0.85,18248.0,United Kingdom,10.2
555111,22624,ivory kitchen scales,2,2011-05-31 14:37:00,8.5,16434.0,United Kingdom,17.0
543030,22027,tea party birthday card,12,2011-02-02 15:22:00,0.42,12437.0,France,5.04
572292,22866,hand warmer scotty dog design,2,2011-10-23 12:56:00,2.1,16017.0,United Kingdom,4.2
571372,22411,jumbo shopper vintage red paisley,2,2011-10-17 11:55:00,2.08,17201.0,United Kingdom,4.16
537219,22865,hand warmer owl design,3,2010-12-05 15:47:00,2.1,14081.0,United Kingdom,6.300000000000001
575871,21790,vintage snap cards,24,2011-11-11 12:52:00,0.85,14911.0,EIRE,20.4
550191,22722,set of 6 spice tins pantry design,2,2011-04-14 19:59:00,3.95,16806.0,United Kingdom,7.9
557636,22758,large purple babushka notebook,1,2011-06-21 15:41:00,1.25,17841.0,United Kingdom,1.25
557129,20617,first class passport cover,5,2011-06-16 19:59:00,2.1,17841.0,United Kingdom,10.5
561631,84978,hanging heart jar t-light holder,12,2011-07-28 14:27:00,1.25,14911.0,EIRE,15.0
574944,23333,ivory wicker heart medium,12,2011-11-08 08:16:00,1.25,13710.0,United Kingdom,15.0
575145,23035,drawer knob ceramic ivory,6,2011-11-08 15:40:00,1.45,14116.0,United Kingdom,8.7
554160,85024B,eau de nile jewelled photoframe,2,2011-05-23 11:49:00,1.65,17841.0,United Kingdom,3.3
580937,21154,red retrospot oven glove,10,2011-12-06 14:13:00,1.25,16143.0,United Kingdom,12.5
572182,23374,red spot paper gift bag,10,2011-10-21 10:32:00,0.82,13588.0,United Kingdom,8.2
565407,22418,10 colour spaceboy pen,1,2011-09-04 11:00:00,0.85,16983.0,United Kingdom,0.85
559981,21179,no junk mail metal sign,1,2011-07-14 11:30:00,0.39,14562.0,United Kingdom,0.39
576520,22568,feltcraft cushion owl,3,2011-11-15 12:33:00,3.75,14467.0,United Kingdom,11.25
556777,23110,parisienne key cabinet,2,2011-06-14 12:31:00,5.75,14426.0,United Kingdom,11.5
541206,21429,red gingham rose jewellery box,96,2011-01-14 12:24:00,1.45,14646.0,Netherlands,139.2
536690,22752,set 7 babushka nesting boxes,4,2010-12-02 12:25:00,7.65,17850.0,United Kingdom,30.6
569715,21908,chocolate this way metal sign,12,2011-10-05 17:29:00,2.1,15856.0,United Kingdom,25.200000000000003
575877,23358,hot stuff hot water bottle,6,2011-11-11 13:25:00,3.75,14907.0,United Kingdom,22.5
552288,84997C,childrens cutlery polkadot blue,4,2011-05-08 13:20:00,4.15,13313.0,United Kingdom,16.6
569246,22379,recycling bag retrospot,1,2011-10-03 09:57:00,4.13,14096.0,United Kingdom,4.13
581474,20717,strawberry shopper bag,1,2011-12-08 20:01:00,1.25,12748.0,United Kingdom,1.25
571328,23271,christmas table silver candle spike,16,2011-10-17 11:27:00,0.83,12473.0,Germany,13.28
578521,23147,single antique rose hook ivory,2,2011-11-24 14:06:00,1.45,17812.0,United Kingdom,2.9
577324,23366,set 12 colouring pencils doily,16,2011-11-18 14:01:00,0.65,16463.0,United Kingdom,10.4
554948,22748,poppy's playhouse kitchen,6,2011-05-27 14:29:00,2.1,14447.0,United Kingdom,12.600000000000001
545031,22515,childs garden spade pink,6,2011-02-25 15:35:00,2.1,15990.0,United Kingdom,12.600000000000001
561485,22907,pack of 20 napkins pantry design,1,2011-07-27 13:42:00,0.85,17841.0,United Kingdom,0.85
574351,21499,blue polkadot wrap,25,2011-11-04 10:37:00,0.42,17348.0,United Kingdom,10.5
540561,22743,make your own flowerpower card kit,6,2011-01-10 10:32:00,2.95,13004.0,United Kingdom,17.700000000000003
574744,23343,jumbo bag vintage christmas,10,2011-11-07 07:38:00,2.08,16612.0,United Kingdom,20.8
580681,22752,set 7 babushka nesting boxes,4,2011-12-05 15:01:00,8.5,13083.0,United Kingdom,34.0
566599,48194,doormat hearts,1,2011-09-13 15:37:00,8.25,15998.0,United Kingdom,8.25
543645,20726,lunch bag woodland,2,2011-02-10 17:54:00,1.65,17609.0,United Kingdom,3.3
580972,22153,angel decoration stars on dress,48,2011-12-06 15:10:00,0.42,15194.0,United Kingdom,20.16
564373,22627,mint kitchen scales,6,2011-08-25 09:56:00,8.5,15290.0,United Kingdom,51.0
566581,84978,hanging heart jar t-light holder,12,2011-09-13 13:47:00,1.25,16081.0,United Kingdom,15.0
579411,22666,recipe box pantry yellow design,3,2011-11-29 12:46:00,2.95,16794.0,United Kingdom,8.850000000000001
566171,22332,skulls party bag + sticker set,2,2011-09-09 12:22:00,1.65,18118.0,United Kingdom,3.3
581233,22622,box of vintage alphabet blocks,2,2011-12-08 10:33:00,11.95,13436.0,United Kingdom,23.9
568894,22782,set 3 wicker storage baskets,1,2011-09-29 13:04:00,24.95,17528.0,United Kingdom,24.95
579689,85169B,black love bird candle,2,2011-11-30 14:00:00,1.25,14606.0,United Kingdom,2.5
551161,21899,"key fob , garage design",24,2011-04-26 15:26:00,0.65,18183.0,United Kingdom,15.600000000000001
580660,21485,retrospot heart hot water bottle,6,2011-12-05 13:49:00,4.95,16592.0,United Kingdom,29.700000000000003
548405,21623,vintage union jack memoboard,2,2011-03-31 09:48:00,9.95,17088.0,United Kingdom,19.9
561106,21558,skull lunch box with cutlery,6,2011-07-25 11:37:00,2.55,14246.0,United Kingdom,15.299999999999999
577687,21094,set/6 red spotty paper plates,12,2011-11-21 11:16:00,0.85,12583.0,France,10.2
557872,22620,4 traditional spinning tops,12,2011-06-23 12:42:00,1.45,14911.0,EIRE,17.4
572907,22907,pack of 20 napkins pantry design,12,2011-10-26 15:44:00,0.85,12827.0,United Kingdom,10.2
567341,22697,green regency teacup and saucer,12,2011-09-19 15:04:00,2.95,14961.0,United Kingdom,35.400000000000006
539314,22424,enamel bread bin cream,1,2010-12-16 18:20:00,12.75,13874.0,United Kingdom,12.75
544406,22548,heads and tails sporting fun,1,2011-02-18 13:26:00,1.25,16726.0,United Kingdom,1.25
568144,23187,french style storage jar bonbons,48,2011-09-25 11:29:00,0.29,14005.0,United Kingdom,13.919999999999998
544191,22585,pack of 6 birdy gift tags,12,2011-02-16 16:57:00,1.25,13089.0,United Kingdom,15.0
553182,22660,doormat i love london,10,2011-05-15 12:21:00,6.75,17107.0,United Kingdom,67.5
569740,23199,jumbo bag apples,120,2011-10-06 10:52:00,1.79,15769.0,United Kingdom,214.8
538199,22631,circus parade lunch box,4,2010-12-10 11:02:00,1.95,14082.0,United Kingdom,7.8
548701,10135,colouring pencils brown tube,3,2011-04-03 11:36:00,1.25,17629.0,United Kingdom,3.75
545294,22998,travel card wallet keep calm,24,2011-03-01 12:07:00,0.42,17965.0,United Kingdom,10.08
541018,21175,gin + tonic diet metal sign,2,2011-01-13 12:03:00,2.1,14978.0,United Kingdom,4.2
545398,22193,red diner wall clock,6,2011-03-02 11:43:00,8.5,13722.0,United Kingdom,51.0
566537,22730,alarm clock bakelike ivory,4,2011-09-13 11:34:00,3.75,13767.0,United Kingdom,15.0
571846,21981,pack of 12 woodland tissues,8,2011-10-19 12:35:00,0.39,17841.0,United Kingdom,3.12
568657,21987,pack of 6 skull paper cups,4,2011-09-28 12:22:00,0.65,16460.0,United Kingdom,2.6
550327,23206,lunch bag apple design,10,2011-04-17 13:07:00,1.65,12878.0,United Kingdom,16.5
557745,23176,abc treasure book box,2,2011-06-22 12:16:00,2.25,15750.0,United Kingdom,4.5
555542,22453,measuring tape babushka blue,6,2011-06-05 12:51:00,2.95,15108.0,European Community,17.700000000000003
543914,21682,large medina stamped metal bowl,2,2011-02-14 13:19:00,4.95,14715.0,United Kingdom,9.9
560362,23307,set of 60 pantry design cake cases,24,2011-07-18 11:59:00,0.55,13488.0,United Kingdom,13.200000000000001
578684,23322,large white heart of wicker,6,2011-11-25 08:59:00,2.95,16856.0,United Kingdom,17.700000000000003
551426,22969,homemade jam scented candles,12,2011-04-28 14:39:00,1.45,14022.0,United Kingdom,17.4
565648,85124C,green juicy fruit photo frame,1,2011-09-05 16:22:00,2.55,18196.0,United Kingdom,2.55
576339,23307,set of 60 pantry design cake cases,2,2011-11-14 15:27:00,1.25,14096.0,United Kingdom,2.5
544355,21086,set/6 red spotty paper cups,12,2011-02-18 10:53:00,0.65,12714.0,France,7.800000000000001
536633,22921,herb marker chives,2,2010-12-02 11:20:00,0.65,14901.0,United Kingdom,1.3
553934,22961,jam making set printed,12,2011-05-20 10:31:00,1.45,15078.0,United Kingdom,17.4
555849,21242,red retrospot plate,8,2011-06-07 13:33:00,1.69,13266.0,United Kingdom,13.52
571837,22547,mini jigsaw dinosaur,1,2011-10-19 12:11:00,0.42,16470.0,United Kingdom,0.42
545588,22487,white wood garden plant ladder,1,2011-03-04 10:03:00,9.95,13382.0,United Kingdom,9.95
561893,22276,wash bag vintage rose paisley,2,2011-07-31 14:39:00,2.55,12942.0,United Kingdom,5.1
576087,22382,lunch bag spaceboy design,10,2011-11-14 08:31:00,1.65,12689.0,France,16.5
562543,23236,doiley storage tin,6,2011-08-05 15:45:00,2.89,13552.0,United Kingdom,17.34
576574,79321,chilli lights,24,2011-11-15 13:53:00,4.95,13078.0,United Kingdom,118.80000000000001
568494,84879,assorted colour bird ornament,8,2011-09-27 12:08:00,1.69,16266.0,United Kingdom,13.52
556105,22563,happy stencil craft,12,2011-06-08 16:39:00,1.25,13466.0,United Kingdom,15.0
562688,23244,round storage tin vintage leaf,6,2011-08-08 13:53:00,1.95,13869.0,United Kingdom,11.7
551274,22536,magic drawing slate purdey,24,2011-04-27 12:57:00,0.42,14235.0,United Kingdom,10.08
542598,21524,doormat spotty home sweet home,1,2011-01-30 10:43:00,7.95,14805.0,United Kingdom,7.95
564375,23012,glass apothecary bottle perfume,12,2011-08-25 10:16:00,3.45,13078.0,United Kingdom,41.400000000000006
562444,21136,painted metal pears assorted,8,2011-08-04 18:44:00,1.69,14713.0,United Kingdom,13.52
581414,23256,childrens cutlery spaceboy,1,2011-12-08 14:39:00,4.15,14730.0,United Kingdom,4.15
552769,22951,60 cake cases dolly girl design,1,2011-05-11 11:47:00,0.55,16241.0,United Kingdom,0.55
540372,22935,baking mould rose milk chocolate,6,2011-01-06 16:41:00,3.25,13081.0,United Kingdom,19.5
555257,20973,12 pencil small tube woodland,48,2011-06-01 15:28:00,0.65,17596.0,United Kingdom,31.200000000000003
572911,23355,hot water bottle keep calm,2,2011-10-26 16:03:00,4.95,16345.0,United Kingdom,9.9
564554,22983,card billboard font,12,2011-08-25 19:39:00,0.42,17189.0,United Kingdom,5.04
554987,82484,wood black board ant white finish,1,2011-05-29 12:48:00,7.95,14823.0,United Kingdom,7.95
568323,22411,jumbo shopper vintage red paisley,10,2011-09-26 13:45:00,2.08,15078.0,United Kingdom,20.8
562711,23170,regency tea plate roses,2,2011-08-08 14:53:00,1.65,16788.0,United Kingdom,3.3
556120,79051A,smokey grey colour d.o.f. glass,48,2011-06-09 10:06:00,0.29,16722.0,United Kingdom,13.919999999999998
542369,22630,dolly girl lunch box,12,2011-01-27 13:08:00,1.95,12645.0,Germany,23.4
547489,21523,doormat fancy font home sweet home,2,2011-03-23 11:44:00,7.95,17830.0,United Kingdom,15.9
550832,48173C,doormat black flock,2,2011-04-21 10:31:00,7.95,17588.0,United Kingdom,15.9
563022,22277,cosmetic bag vintage rose paisley,3,2011-08-11 13:34:00,2.1,17248.0,United Kingdom,6.300000000000001
572219,84755,colour glass t-light holder hanging,8,2011-10-21 13:17:00,0.65,17463.0,United Kingdom,5.2
547887,21114,lavender scented fabric heart,10,2011-03-28 09:30:00,1.25,16245.0,United Kingdom,12.5
561025,85183A,charlie & lola wastepaper bin blue,1,2011-07-24 10:37:00,1.25,16241.0,United Kingdom,1.25
550997,22379,recycling bag retrospot,5,2011-04-26 09:04:00,2.1,17735.0,United Kingdom,10.5
567459,23399,home sweet home hanging heart,12,2011-09-20 12:21:00,0.85,14221.0,United Kingdom,10.2
564141,22665,recipe box blue sketchbook design,1,2011-08-23 11:47:00,2.95,17841.0,United Kingdom,2.95
545708,21382,set/4 spring flower decoration,6,2011-03-07 09:39:00,2.95,14915.0,United Kingdom,17.700000000000003
559513,22908,pack of 20 napkins red apples,2,2011-07-08 15:56:00,0.85,14534.0,United Kingdom,1.7
551125,90163A,pink rosebud & pearl necklace,2,2011-04-26 12:47:00,7.5,17277.0,United Kingdom,15.0
556906,47566,party bunting,8,2011-06-15 13:07:00,4.95,12843.0,United Kingdom,39.6
574707,22366,doormat airmail,10,2011-11-06 14:08:00,7.08,17107.0,United Kingdom,70.8
537135,21931,jumbo storage bag suki,5,2010-12-05 12:35:00,1.95,17059.0,United Kingdom,9.75
556045,48111,doormat 3 smiley cats,2,2011-06-08 12:54:00,7.95,15764.0,United Kingdom,15.9
538652,22792,fluted antique candle holder,12,2010-12-13 15:12:00,0.85,17890.0,United Kingdom,10.2
563692,22423,regency cakestand 3 tier,2,2011-08-18 13:01:00,12.75,17243.0,United Kingdom,25.5
560577,22727,alarm clock bakelike red,4,2011-07-19 15:07:00,3.75,18223.0,United Kingdom,15.0
557892,22629,spaceboy lunch box,2,2011-06-23 14:11:00,1.95,14534.0,United Kingdom,3.9
577729,21918,set 12 kids colour  chalk sticks,24,2011-11-21 12:53:00,0.42,15179.0,United Kingdom,10.08
544295,21171,bathroom metal sign,12,2011-02-17 12:43:00,1.25,14298.0,United Kingdom,15.0
560927,84692,box of 24 cocktail parasols,25,2011-07-22 09:55:00,0.42,13078.0,United Kingdom,10.5
554842,22522,childs garden fork blue,12,2011-05-26 18:17:00,0.85,14740.0,United Kingdom,10.2
569669,21981,pack of 12 woodland tissues,3,2011-10-05 13:47:00,0.39,14730.0,United Kingdom,1.17
576394,22662,lunch bag dolly girl design,100,2011-11-15 10:32:00,1.45,12415.0,Australia,145.0
578044,23489,vintage bells garland,12,2011-11-22 14:41:00,2.89,13488.0,United Kingdom,34.68
540350,22653,button box,1,2011-01-06 14:14:00,1.95,18283.0,United Kingdom,1.95
537375,22635,childs breakfast set dolly girl,1,2010-12-06 12:55:00,9.95,17019.0,United Kingdom,9.95
551650,20727,lunch bag  black skull.,10,2011-05-03 12:02:00,1.65,13089.0,United Kingdom,16.5
546678,21706,folding umbrella red/white polkadot,4,2011-03-15 16:39:00,4.95,12681.0,France,19.8
554069,23068,aluminium stamped heart,8,2011-05-22 10:57:00,2.49,15281.0,United Kingdom,19.92
576686,21934,skull shoulder bag,2,2011-11-16 12:08:00,1.65,16916.0,United Kingdom,3.3
549311,22823,chest natural wood 20 drawers,1,2011-04-08 09:25:00,125.0,14924.0,United Kingdom,125.0
557514,22077,6 ribbons rustic charm,3,2011-06-20 16:58:00,1.65,14667.0,United Kingdom,4.949999999999999
548870,21851,lilac diamante pen in gift box,1,2011-04-04 14:41:00,4.95,14606.0,United Kingdom,4.95
569555,23256,childrens cutlery spaceboy,4,2011-10-05 08:17:00,4.15,17728.0,United Kingdom,16.6
564256,22922,fridge magnets us diner assorted,12,2011-08-24 10:45:00,0.85,14796.0,United Kingdom,10.2
563580,20679,edwardian parasol red,1,2011-08-17 15:53:00,5.95,16706.0,United Kingdom,5.95
553198,22544,mini jigsaw spaceboy,12,2011-05-15 14:48:00,0.42,13752.0,United Kingdom,5.04
545150,22921,herb marker chives,12,2011-02-28 12:27:00,0.65,14227.0,United Kingdom,7.800000000000001
540953,22523,childs garden fork pink,1,2011-01-12 13:16:00,0.85,14587.0,United Kingdom,0.85
553182,21747,small skull windmill,1,2011-05-15 12:21:00,1.25,17107.0,United Kingdom,1.25
555644,23041,paper lantern 9 point snow star,3,2011-06-06 13:24:00,4.15,16520.0,United Kingdom,12.450000000000001
564078,21239,pink  polkadot cup,12,2011-08-22 15:43:00,0.85,17083.0,United Kingdom,10.2
576611,84509G,set of 4 fairy cake placemats,1,2011-11-15 16:29:00,3.75,17357.0,United Kingdom,3.75
538935,22063,ceramic bowl with strawberry design,4,2010-12-15 11:08:00,2.95,18168.0,United Kingdom,11.8
581410,23231,wrap  vintage doily,50,2011-12-08 14:14:00,0.42,13098.0,United Kingdom,21.0
557468,22970,london bus coffee mug,3,2011-06-20 13:14:00,2.55,16713.0,United Kingdom,7.6499999999999995
578662,84997C,childrens cutlery polkadot blue,1,2011-11-24 16:51:00,4.15,17516.0,United Kingdom,4.15
565803,23203,jumbo bag vintage doily,20,2011-09-07 10:38:00,2.08,17735.0,United Kingdom,41.6
570009,21980,pack of 12 red retrospot tissues,24,2011-10-07 09:38:00,0.39,14138.0,United Kingdom,9.36
577202,21137,black record cover frame,24,2011-11-18 11:47:00,3.39,12989.0,United Kingdom,81.36
577800,20711,jumbo bag toys,10,2011-11-21 17:00:00,2.08,15484.0,United Kingdom,20.8
580677,23694,paisley park card,12,2011-12-05 14:40:00,0.42,16200.0,United Kingdom,5.04
555102,23163,regency sugar tongs,8,2011-05-31 13:50:00,2.49,14819.0,United Kingdom,19.92
543554,22469,heart of wicker small,40,2011-02-10 10:17:00,1.45,14733.0,United Kingdom,58.0
572442,22505,memo board cottage design,4,2011-10-24 12:09:00,4.95,12546.0,Spain,19.8
563569,22384,lunch bag pink polkadot,10,2011-08-17 14:47:00,1.65,18257.0,United Kingdom,16.5
546542,22115,metal sign empire tea,1,2011-03-14 15:13:00,2.95,13263.0,United Kingdom,2.95
569220,22356,charlotte bag pink polkadot,1,2011-10-02 13:26:00,0.85,16007.0,United Kingdom,0.85
540113,85208,set/12 funky felt flower peg in bag,12,2011-01-05 09:11:00,2.1,13126.0,United Kingdom,25.200000000000003
548614,85197,set of 12 mini bunnies in a bucket,2,2011-04-01 11:47:00,2.1,14419.0,United Kingdom,4.2
553738,23201,jumbo bag alphabet,10,2011-05-19 08:55:00,2.08,17469.0,United Kingdom,20.8
565583,22847,bread bin diner style ivory,1,2011-09-05 12:41:00,16.95,12816.0,Poland,16.95
552322,21936,red retrospot picnic bag,5,2011-05-09 09:16:00,2.95,17049.0,United Kingdom,14.75
562102,22029,spaceboy birthday card,12,2011-08-02 14:21:00,0.42,13089.0,United Kingdom,5.04
557469,22796,photo frame 3 classic hanging,1,2011-06-20 13:18:00,9.95,12904.0,United Kingdom,9.95
544398,84997A,green 3 piece polkadot cutlery set,1,2011-02-18 12:27:00,4.15,15311.0,United Kingdom,4.15
541120,21915,red  harmonica in box,12,2011-01-14 09:13:00,1.25,12490.0,France,15.0
568061,22557,plasters in tin vintage paisley,1,2011-09-23 13:12:00,1.65,16910.0,United Kingdom,1.65
556509,22989,set 2 pantry design tea towels,6,2011-06-13 10:33:00,3.25,12708.0,Germany,19.5
578211,20750,red retrospot mini cases,1,2011-11-23 11:47:00,7.95,12748.0,United Kingdom,7.95
557007,21062,party invites spaceman,4,2011-06-16 11:30:00,0.85,12484.0,Spain,3.4
577258,22698,pink regency teacup and saucer,1,2011-11-18 12:27:00,2.95,16764.0,United Kingdom,2.95
581476,21159,moody boy  door hanger,24,2011-12-09 08:48:00,0.39,12433.0,Norway,9.36
549543,84050,pink heart shape egg frying pan,1,2011-04-10 11:14:00,1.65,18118.0,United Kingdom,1.65
540512,21407,brown check cat doorstop,1,2011-01-09 11:39:00,4.25,17114.0,United Kingdom,4.25
565150,23181,bull dog bottle top wall clock,8,2011-09-01 14:26:00,7.5,14298.0,United Kingdom,60.0
555533,90209C,pink enamel+glass hair comb,36,2011-06-05 12:12:00,1.75,15722.0,United Kingdom,63.0
552894,22423,regency cakestand 3 tier,1,2011-05-12 10:53:00,12.75,14606.0,United Kingdom,12.75
556460,21914,blue harmonica in box,12,2011-06-12 09:56:00,1.25,14276.0,United Kingdom,15.0
579544,22113,grey heart hot water bottle,4,2011-11-30 10:15:00,4.25,14540.0,United Kingdom,17.0
545872,82551,laundry 15c metal sign,2,2011-03-07 14:51:00,1.45,15752.0,United Kingdom,2.9
573340,23491,vintage jingle bells heart,2,2011-10-30 11:55:00,8.25,14159.0,United Kingdom,16.5
557222,22149,feltcraft 6 flower friends,6,2011-06-17 13:14:00,2.1,14936.0,Channel Islands,12.600000000000001
553738,23200,jumbo bag pears,10,2011-05-19 08:55:00,2.08,17469.0,United Kingdom,20.8
569486,22633,hand warmer union jack,4,2011-10-04 12:51:00,2.1,15339.0,United Kingdom,8.4
554117,23152,ivory sweetheart wire letter rack,4,2011-05-22 15:12:00,3.75,13758.0,United Kingdom,15.0
540249,22045,spaceboy gift wrap,25,2011-01-05 16:00:00,0.42,15298.0,United Kingdom,10.5
548612,22327,round snack boxes set of 4 skulls,1,2011-04-01 11:34:00,2.95,13137.0,United Kingdom,2.95
565429,84968E,set of 16 vintage black cutlery,2,2011-09-04 12:54:00,12.75,16434.0,United Kingdom,25.5
551531,21175,gin + tonic diet metal sign,6,2011-05-01 13:45:00,2.55,15376.0,United Kingdom,15.299999999999999
579505,21181,please one person metal sign,48,2011-11-29 16:31:00,1.85,13078.0,United Kingdom,88.80000000000001
570650,21873,if you can't stand the heat mug,1,2011-10-11 13:13:00,1.25,13263.0,United Kingdom,1.25
550957,22413,metal sign take it or leave it,1,2011-04-21 16:37:00,2.95,18283.0,United Kingdom,2.95
549985,22652,travel sewing kit,20,2011-04-13 15:58:00,1.65,15640.0,United Kingdom,33.0
568531,23035,drawer knob ceramic ivory,6,2011-09-27 13:49:00,1.45,16713.0,United Kingdom,8.7
575222,21098,christmas toilet roll,5,2011-11-09 11:33:00,1.25,16880.0,United Kingdom,6.25
563384,22697,green regency teacup and saucer,6,2011-08-16 10:52:00,2.95,17315.0,United Kingdom,17.700000000000003
558442,21366,mirrored wall art photo frames,1,2011-06-29 13:10:00,4.25,15537.0,United Kingdom,4.25
564314,21408,spotty pink duck doorstop,3,2011-08-24 12:58:00,4.25,12695.0,France,12.75
564199,23247,biscuit tin 50's christmas,1,2011-08-23 17:31:00,2.89,13263.0,United Kingdom,2.89
568049,84596B,small dolly mix design orange bowl,8,2011-09-23 12:38:00,0.42,17841.0,United Kingdom,3.36
563252,21165,beware of the cat metal sign,12,2011-08-15 11:59:00,1.69,17655.0,United Kingdom,20.28
544353,22844,vintage cream dog food container,12,2011-02-18 10:32:00,7.65,18229.0,United Kingdom,91.80000000000001
577355,23108,set of 10 led dolly lights,4,2011-11-18 15:53:00,6.25,14911.0,EIRE,25.0
547580,21932,scandinavian paisley picnic bag,5,2011-03-24 10:48:00,2.95,13488.0,United Kingdom,14.75
558335,23307,set of 60 pantry design cake cases,24,2011-06-28 13:16:00,0.55,17442.0,United Kingdom,13.200000000000001
537896,22801,antique glass pedestal bowl,4,2010-12-09 10:33:00,3.75,18071.0,United Kingdom,15.0
545685,85197,set of 12 mini bunnies in a bucket,1,2011-03-06 11:55:00,2.1,14499.0,United Kingdom,2.1
558881,21403,blue egg  spoon,24,2011-07-04 14:36:00,0.12,12705.0,Germany,2.88
547720,22789,t-light holder sweetheart hanging,16,2011-03-25 10:08:00,1.95,14209.0,United Kingdom,31.2
556199,22990,cotton apron pantry design,2,2011-06-09 12:40:00,4.95,16170.0,United Kingdom,9.9
547390,22784,lantern cream gazebo,3,2011-03-22 16:08:00,4.95,12352.0,Norway,14.850000000000001
578667,84199,glow in dark dolphins,3,2011-11-24 17:10:00,0.21,15514.0,United Kingdom,0.63
538508,48116,doormat multicolour stripe,1,2010-12-12 13:32:00,7.95,15998.0,United Kingdom,7.95
538116,85048,15cm christmas glass ball 20 lights,2,2010-12-09 15:32:00,7.95,13327.0,United Kingdom,15.9
547937,21382,set/4 spring flower decoration,1,2011-03-28 14:27:00,2.95,15068.0,United Kingdom,2.95
559907,22649,strawberry fairy cake teapot,8,2011-07-13 13:37:00,4.95,12766.0,Portugal,39.6
574070,23200,jumbo bag pears,10,2011-11-02 14:52:00,2.08,16748.0,United Kingdom,20.8
551776,21166,cook with wine metal sign,4,2011-05-04 11:23:00,2.08,13268.0,United Kingdom,8.32
579160,23504,playing cards jubilee union jack,12,2011-11-28 13:54:00,1.25,13196.0,United Kingdom,15.0
554137,21668,red stripe ceramic drawer knob,12,2011-05-23 10:13:00,1.25,12708.0,Germany,15.0
539391,22619,set of 6 soldier skittles,4,2010-12-17 11:51:00,3.75,12417.0,Belgium,15.0
546005,48184,doormat english rose,10,2011-03-08 15:17:00,6.75,14426.0,United Kingdom,67.5
572186,23100,silver bells table decoration,24,2011-10-21 10:55:00,1.25,16497.0,United Kingdom,30.0
545398,22398,magnets pack of 4 swallows,12,2011-03-02 11:43:00,1.25,13722.0,United Kingdom,15.0
580909,23581,jumbo bag paisley park,10,2011-12-06 13:27:00,2.08,18225.0,United Kingdom,20.8
567148,16169E,wrap 50's  christmas,25,2011-09-16 15:23:00,0.42,18225.0,United Kingdom,10.5
566091,23439,hand warmer red love heart,1,2011-09-09 10:37:00,2.1,17870.0,United Kingdom,2.1
537955,21466,red flower crochet food cover,1,2010-12-09 11:28:00,3.75,16782.0,United Kingdom,3.75
548176,21642,assorted tutti frutti pen,8,2011-03-29 14:20:00,0.85,13439.0,United Kingdom,6.8
563216,21931,jumbo storage bag suki,1,2011-08-14 13:14:00,2.08,17841.0,United Kingdom,2.08
573362,22600,christmas retrospot star wood,24,2011-10-30 13:06:00,0.85,12597.0,Spain,20.4
541796,22261,felt egg cosy white rabbit,12,2011-01-21 13:55:00,0.85,14092.0,United Kingdom,10.2
572192,23330,decorative wicker heart medium,1,2011-10-21 11:30:00,1.25,18118.0,United Kingdom,1.25
536741,22144,christmas craft little friends,6,2010-12-02 13:11:00,2.1,13117.0,United Kingdom,12.600000000000001
539281,21677,hearts  stickers,12,2010-12-16 15:45:00,0.85,18176.0,United Kingdom,10.2
553356,47591D,pink fairy cake childrens apron,8,2011-05-16 14:05:00,1.95,14038.0,United Kingdom,15.6
565801,84997A,childrens cutlery polkadot green,16,2011-09-07 10:28:00,4.15,12685.0,France,66.4
536988,84580,mouse toy with pink t-shirt,1,2010-12-03 15:05:00,3.75,17238.0,United Kingdom,3.75
581334,22150,3 stripey mice feltcraft,1,2011-12-08 12:07:00,1.95,17841.0,United Kingdom,1.95
549713,22979,pantry washing up brush,6,2011-04-11 14:11:00,1.45,17611.0,United Kingdom,8.7
558355,82580,bathroom metal sign,4,2011-06-28 14:58:00,0.55,13614.0,United Kingdom,2.2
578271,21890,s/6 wooden skittles in cotton bag,6,2011-11-23 13:40:00,3.25,13899.0,United Kingdom,19.5
564552,22720,set of 3 cake tins pantry design,3,2011-08-25 17:22:00,4.95,16670.0,United Kingdom,14.850000000000001
542863,21385,ivory hanging decoration  heart,24,2011-02-01 11:58:00,0.85,13494.0,United Kingdom,20.4
566293,23215,jingle bell heart antique silver,12,2011-09-11 15:35:00,2.08,14533.0,United Kingdom,24.96
568651,22637,piggy bank retrospot,4,2011-09-28 12:04:00,2.55,12362.0,Belgium,10.2
576838,23198,pantry magnetic  shopping list,12,2011-11-16 15:21:00,1.45,18075.0,United Kingdom,17.4
575972,23209,lunch bag vintage doily,2,2011-11-13 13:01:00,1.65,14499.0,United Kingdom,3.3
541223,20654,first class luggage tag,1,2011-01-14 14:39:00,1.25,17954.0,United Kingdom,1.25
572030,20829,glitter hanging butterfly string,8,2011-10-20 11:51:00,2.1,14923.0,United Kingdom,16.8
565475,84978,hanging heart jar t-light holder,108,2011-09-05 10:47:00,1.06,14156.0,EIRE,114.48
574704,22667,recipe box retrospot,3,2011-11-06 14:02:00,2.95,15696.0,United Kingdom,8.850000000000001
570656,72131,columbian candle rectangle,48,2011-10-11 14:10:00,1.65,16120.0,United Kingdom,79.19999999999999
540015,22726,alarm clock bakelike green,4,2011-01-04 11:40:00,3.75,13319.0,United Kingdom,15.0
552276,23127,feltcraft girl nicole kit,8,2011-05-08 12:31:00,4.95,18142.0,United Kingdom,39.6
576251,22487,white wood garden plant ladder,4,2011-11-14 13:51:00,8.5,16207.0,United Kingdom,34.0
575318,35471D,set of 3 bird light pink feather,24,2011-11-09 13:17:00,0.39,14921.0,United Kingdom,9.36
562218,35961,folkart zinc heart christmas dec,12,2011-08-03 14:07:00,0.85,13851.0,United Kingdom,10.2
573485,22554,plasters in tin woodland animals,3,2011-10-31 11:37:00,1.65,15752.0,United Kingdom,4.949999999999999
576841,23394,poste france cushion cover,1,2011-11-16 15:26:00,3.75,17368.0,United Kingdom,3.75
577504,22965,3 traditional biscuit cutters  set,2,2011-11-20 12:36:00,2.1,14159.0,United Kingdom,4.2
575958,82482,wooden picture frame white finish,3,2011-11-13 12:23:00,2.95,15021.0,United Kingdom,8.850000000000001
571670,84987,set of 36 teatime paper doilies,12,2011-10-18 13:12:00,1.45,12611.0,Italy,17.4
580654,47471,rainbow pegs photo clip string,2,2011-12-05 13:37:00,0.65,15854.0,United Kingdom,1.3
578781,23559,woodland bunnies lolly makers,1,2011-11-25 11:54:00,2.08,15872.0,United Kingdom,2.08
571034,22699,roses regency teacup and saucer,6,2011-10-13 12:47:00,2.95,12359.0,Cyprus,17.700000000000003
554999,21166,cook with wine metal sign,3,2011-05-29 15:44:00,2.08,15547.0,United Kingdom,6.24
563205,23242,treasure tin buffalo bill,2,2011-08-14 12:03:00,2.08,14040.0,United Kingdom,4.16
570374,23311,vintage christmas stocking,9,2011-10-10 12:34:00,2.55,14719.0,United Kingdom,22.95
579540,23343,jumbo bag vintage christmas,10,2011-11-30 10:11:00,2.08,13658.0,United Kingdom,20.8
580727,22196,small heart measuring spoons,11,2011-12-05 17:17:00,1.63,14096.0,United Kingdom,17.93
573814,22383,lunch bag suki design,4,2011-11-01 11:31:00,1.65,13268.0,United Kingdom,6.6
550034,22555,plasters in tin strongman,12,2011-04-14 11:48:00,1.65,16187.0,United Kingdom,19.799999999999997
570093,23293,set of 12 fairy cake baking cases,1,2011-10-07 11:55:00,0.83,18096.0,United Kingdom,0.83
558881,22355,charlotte bag suki design,10,2011-07-04 14:36:00,0.85,12705.0,Germany,8.5
578679,22273,feltcraft doll molly,12,2011-11-25 08:12:00,2.95,15117.0,United Kingdom,35.400000000000006
569866,21929,jumbo bag pink vintage paisley,10,2011-10-06 14:50:00,2.08,12757.0,Portugal,20.8
558770,22697,green regency teacup and saucer,1,2011-07-03 15:19:00,2.95,12748.0,United Kingdom,2.95
552310,22355,charlotte bag suki design,10,2011-05-08 15:22:00,0.85,17323.0,United Kingdom,8.5
559551,22766,photo frame cornice,2,2011-07-10 16:18:00,2.95,16877.0,United Kingdom,5.9
545338,82482,wooden picture frame white finish,2,2011-03-01 17:32:00,2.55,17449.0,United Kingdom,5.1
554938,84992,72 sweetheart fairy cake cases,24,2011-05-27 13:34:00,0.55,12876.0,Belgium,13.200000000000001
560125,20725,lunch bag red retrospot,1,2011-07-15 10:44:00,1.65,18118.0,United Kingdom,1.65
544153,21755,love building block word,1,2011-02-16 12:11:00,5.95,15356.0,United Kingdom,5.95
560876,22619,set of 6 soldier skittles,12,2011-07-21 15:14:00,3.75,12626.0,Germany,45.0
577855,22809,set of 6 t-lights santa,1,2011-11-22 11:18:00,2.95,15877.0,United Kingdom,2.95
541202,85099F,jumbo bag strawberry,10,2011-01-14 12:09:00,1.95,17581.0,United Kingdom,19.5
567626,22646,ceramic strawberry cake money bank,1,2011-09-21 12:56:00,1.45,15311.0,United Kingdom,1.45
554278,22494,emergency first aid tin,1,2011-05-23 13:25:00,1.25,13831.0,United Kingdom,1.25
561051,23052,recycled acapulco mat turquoise,10,2011-07-24 13:11:00,8.25,16684.0,United Kingdom,82.5
556915,20886,box of 9 pebble candles,1,2011-06-15 13:35:00,1.95,15036.0,United Kingdom,1.95
565212,23355,hot water bottle keep calm,4,2011-09-01 17:14:00,4.95,12828.0,United Kingdom,19.8
542934,22631,circus parade lunch box,12,2011-02-02 11:01:00,1.95,13093.0,United Kingdom,23.4
543256,21034,rex cash+carry jumbo shopper,1,2011-02-04 15:54:00,0.95,17293.0,United Kingdom,0.95
581383,20725,lunch bag red retrospot,10,2011-12-08 13:04:00,1.65,15399.0,United Kingdom,16.5
554713,20719,woodland charlotte bag,10,2011-05-26 10:43:00,0.85,12654.0,Germany,8.5
538533,22197,small popcorn holder,2,2010-12-13 10:31:00,0.85,14796.0,United Kingdom,1.7
548255,48138,doormat union flag,10,2011-03-30 10:46:00,6.75,13078.0,United Kingdom,67.5
548874,23182,toilet sign occupied or vacant,24,2011-04-04 15:18:00,0.83,17716.0,United Kingdom,19.919999999999998
547002,21671,red spot ceramic drawer knob,12,2011-03-18 14:02:00,1.25,12878.0,United Kingdom,15.0
578032,23020,glass  songbird storage jar,1,2011-11-22 13:41:00,12.5,16633.0,United Kingdom,12.5
545083,21116,owl doorstop,6,2011-02-28 10:40:00,4.95,15724.0,United Kingdom,29.700000000000003
540604,85230F,jasmine votive candle,24,2011-01-10 11:38:00,0.29,15326.0,United Kingdom,6.959999999999999
569219,21689,silver vanilla  flower candle pot,1,2011-10-02 13:01:00,3.75,13558.0,United Kingdom,3.75
547894,23181,bull dog bottle top wall clock,2,2011-03-28 10:26:00,8.25,13552.0,United Kingdom,16.5
577410,22578,wooden star christmas scandinavian,10,2011-11-20 10:59:00,0.29,14664.0,United Kingdom,2.9
573139,21367,mirrored wall art gents,1,2011-10-27 17:29:00,0.75,14716.0,United Kingdom,0.75
549999,22938,cupcake lace paper set 6,12,2011-04-14 09:09:00,1.95,15813.0,United Kingdom,23.4
580071,84708B,pink jewelled photo frame,4,2011-12-01 13:47:00,4.95,15500.0,United Kingdom,19.8
573496,23241,treasure tin gymkhana design,1,2011-10-31 11:59:00,2.08,17841.0,United Kingdom,2.08
572454,22642,set of 4 napkin charms stars,6,2011-10-24 12:38:00,2.55,13808.0,United Kingdom,15.299999999999999
542102,21471,strawberry raffia food cover,6,2011-01-25 13:26:00,3.75,12744.0,Singapore,22.5
565580,23407,set of 2 trays home sweet home,2,2011-09-05 12:36:00,9.95,13851.0,United Kingdom,19.9
578519,22385,jumbo bag spaceboy design,1,2011-11-24 13:56:00,2.08,14591.0,United Kingdom,2.08
546856,22523,childs garden fork pink,12,2011-03-17 14:12:00,0.85,15433.0,United Kingdom,10.2
551396,22427,enamel flower jug cream,3,2011-04-28 12:49:00,5.95,17720.0,United Kingdom,17.85
545655,21232,strawberry ceramic trinket box,1,2011-03-04 13:58:00,1.25,14670.0,United Kingdom,1.25
540013,22169,family album white picture frame,1,2011-01-04 11:30:00,8.5,16255.0,United Kingdom,8.5
569255,23542,70's alphabet wall art,78,2011-10-03 11:01:00,6.67,18102.0,United Kingdom,520.26
545062,22567,20 dolly pegs retrospot,1,2011-02-27 14:07:00,1.25,12748.0,United Kingdom,1.25
551603,22386,jumbo bag pink polkadot,10,2011-05-03 11:34:00,2.08,16745.0,United Kingdom,20.8
541241,84406B,cream cupid hearts coat hanger,2,2011-01-16 11:08:00,3.25,13782.0,United Kingdom,6.5
576321,84519B,carrot charlie+lola coaster set,4,2011-11-14 14:59:00,1.25,14953.0,United Kingdom,5.0
543820,21415,clam shell small,4,2011-02-13 16:05:00,2.1,16084.0,United Kingdom,8.4
554868,22197,small popcorn holder,4300,2011-05-27 10:52:00,0.72,13135.0,United Kingdom,3096.0
568322,22907,pack of 20 napkins pantry design,2,2011-09-26 13:41:00,0.85,15958.0,United Kingdom,1.7
564226,23231,wrap  vintage doily,25,2011-08-24 10:13:00,0.42,12523.0,France,10.5
559669,22200,frying pan pink polkadot,4,2011-07-11 13:47:00,4.25,16332.0,United Kingdom,17.0
555835,16161U,wrap suki and friends,25,2011-06-07 12:34:00,0.42,14525.0,United Kingdom,10.5
571105,22312,office mug warmer polkadot,2,2011-10-13 16:01:00,2.95,17614.0,United Kingdom,5.9
578305,22503,cabin bag vintage paisley,2,2011-11-23 15:44:00,24.95,14088.0,United Kingdom,49.9
544450,22199,frying pan red retrospot,3,2011-02-20 12:23:00,4.25,17811.0,United Kingdom,12.75
581473,23352,roll wrap 50's red christmas,1,2011-12-08 19:57:00,1.25,12748.0,United Kingdom,1.25
575964,21175,gin + tonic diet metal sign,1,2011-11-13 12:31:00,2.55,15021.0,United Kingdom,2.55
579990,22173,metal 4 hook hanger french chateau,8,2011-12-01 11:20:00,3.29,14804.0,United Kingdom,26.32
544177,22156,heart decoration with pearls,9,2011-02-16 14:27:00,0.85,13001.0,United Kingdom,7.6499999999999995
571926,20725,lunch bag red retrospot,10,2011-10-19 16:41:00,1.65,16722.0,United Kingdom,16.5
537685,21786,polkadot rain hat,24,2010-12-08 10:21:00,0.42,18077.0,United Kingdom,10.08
569998,23076,ice cream sundae lip gloss,24,2011-10-07 08:12:00,1.25,12540.0,Spain,30.0
551544,22662,lunch bag dolly girl design,10,2011-05-03 09:33:00,1.65,12683.0,France,16.5
570521,85034A,3 gardenia morris boxed candles,4,2011-10-11 10:43:00,4.25,12371.0,Switzerland,17.0
561900,21508,vintage kid dolly card,12,2011-07-31 15:31:00,0.42,16655.0,United Kingdom,5.04
550320,22558,clothes pegs retrospot pack 24,3,2011-04-17 12:37:00,1.65,12748.0,United Kingdom,4.949999999999999
556067,23127,feltcraft girl nicole kit,1,2011-06-08 14:35:00,4.95,12748.0,United Kingdom,4.95
558993,85132C,charlie and lola figures tins,4,2011-07-05 11:49:00,1.95,16729.0,United Kingdom,7.8
547222,37449,ceramic cake stand + hanging cakes,2,2011-03-21 15:07:00,9.95,18008.0,United Kingdom,19.9
557330,22027,tea party birthday card,12,2011-06-20 10:20:00,0.42,14291.0,United Kingdom,5.04
541115,22099,caravan square tissue box,12,2011-01-13 15:34:00,1.25,12578.0,Italy,15.0
558041,22271,feltcraft doll rosie,6,2011-06-24 13:20:00,2.95,12422.0,Switzerland,17.700000000000003
564558,22487,white wood garden plant ladder,1,2011-08-26 08:59:00,9.95,12704.0,Finland,9.95
561677,23196,vintage leaf magnetic notepad,3,2011-07-28 18:23:00,1.45,15311.0,United Kingdom,4.35
541987,21067,vintage red teatime mug,6,2011-01-24 16:05:00,1.25,14130.0,United Kingdom,7.5
550512,22519,childs garden brush pink,1,2011-04-18 16:31:00,2.1,18069.0,United Kingdom,2.1
575985,21889,wooden box of dominoes,1,2011-11-13 14:09:00,1.25,17841.0,United Kingdom,1.25
560828,22231,jigsaw tree with birdhouse,24,2011-07-21 11:55:00,0.59,14298.0,United Kingdom,14.16
547485,22991,giraffe wooden ruler,3,2011-03-23 11:16:00,1.95,17019.0,United Kingdom,5.85
555948,23444,next day carriage,1,2011-06-08 10:49:00,30.0,13752.0,United Kingdom,30.0
579106,22730,alarm clock bakelike ivory,8,2011-11-28 11:42:00,3.75,16705.0,United Kingdom,30.0
561773,22680,french blue metal door sign 5,1,2011-07-29 12:41:00,1.25,17841.0,United Kingdom,1.25
541970,22551,plasters in tin spaceboy,24,2011-01-24 13:48:00,1.65,15179.0,United Kingdom,39.599999999999994
538308,21787,rain poncho retrospot,24,2010-12-10 13:29:00,0.85,14107.0,United Kingdom,20.4
553886,23132,small ivory heart wall organiser,6,2011-05-19 15:53:00,5.75,15648.0,United Kingdom,34.5
552804,22637,piggy bank retrospot,6,2011-05-11 12:32:00,2.55,15615.0,United Kingdom,15.299999999999999
573773,22379,recycling bag retrospot,20,2011-11-01 10:21:00,2.1,13327.0,United Kingdom,42.0
555856,22997,travel card wallet union jack,6,2011-06-07 14:02:00,0.42,17124.0,United Kingdom,2.52
576927,22328,round snack boxes set of 4 fruits,6,2011-11-17 11:02:00,2.95,12567.0,France,17.700000000000003
577490,22946,wooden advent calendar cream,1,2011-11-20 12:11:00,16.95,16464.0,United Kingdom,16.95
550630,85132A,charlie + lola biscuits tins,12,2011-04-19 14:49:00,1.95,14298.0,United Kingdom,23.4
544306,22418,10 colour spaceboy pen,48,2011-02-17 13:57:00,0.85,13085.0,United Kingdom,40.8
570111,22470,heart of wicker large,1,2011-10-07 12:28:00,2.95,15005.0,United Kingdom,2.95
550323,23233,wrap poppies  design,25,2011-04-17 12:57:00,0.42,13692.0,United Kingdom,10.5
540168,17165D,ass col large sand frog p'weight,6,2011-01-05 12:15:00,1.05,13715.0,United Kingdom,6.300000000000001
546681,22983,card billboard font,12,2011-03-16 08:29:00,0.42,16297.0,United Kingdom,5.04
554028,47566,party bunting,24,2011-05-20 13:43:00,4.95,15410.0,United Kingdom,118.80000000000001
579555,21430,set/3 red gingham rose storage box,2,2011-11-30 11:08:00,3.75,16241.0,United Kingdom,7.5
554108,23144,zinc t-light holder stars small,12,2011-05-22 14:29:00,0.83,13668.0,United Kingdom,9.959999999999999
558767,23019,small apothecary measuring jar,2,2011-07-03 13:27:00,8.25,13833.0,United Kingdom,16.5
541417,22588,card holder gingham heart,2,2011-01-17 16:23:00,2.55,16033.0,United Kingdom,5.1
574477,22456,natural slate chalkboard large,2,2011-11-04 12:21:00,4.95,15453.0,United Kingdom,9.9
538905,22910,paper chain kit vintage christmas,12,2010-12-15 10:31:00,2.95,13611.0,United Kingdom,35.400000000000006
576600,22158,3 hearts hanging decoration rustic,4,2011-11-15 15:08:00,2.95,18181.0,United Kingdom,11.8
561098,22457,natural slate heart chalkboard,6,2011-07-25 10:56:00,2.95,14194.0,United Kingdom,17.700000000000003
554268,23168,classic cafe sugar dispenser,36,2011-05-23 12:59:00,1.04,15311.0,United Kingdom,37.44
547102,22961,jam making set printed,12,2011-03-21 10:41:00,1.45,14245.0,United Kingdom,17.4
537126,84596E,small licorice des pink bowl,1,2010-12-05 12:13:00,1.25,18118.0,United Kingdom,1.25
578429,23581,jumbo bag paisley park,10,2011-11-24 12:12:00,2.08,16271.0,United Kingdom,20.8
545039,22167,oval wall mirror diamante,2,2011-02-27 10:22:00,9.95,17243.0,United Kingdom,19.9
577410,23275,set of 3 hanging owls ollie beak,24,2011-11-20 10:59:00,1.25,14664.0,United Kingdom,30.0
561874,20914,set/5 red retrospot lid glass bowls,6,2011-07-31 12:02:00,2.95,16255.0,United Kingdom,17.700000000000003
575324,23129,heart shaped holly wreath,8,2011-11-09 13:45:00,4.15,14240.0,United Kingdom,33.2
567853,22383,lunch bag suki design,3,2011-09-22 13:31:00,1.65,15484.0,United Kingdom,4.949999999999999
580048,85071C,"charlie+lola""extremely busy"" sign",1,2011-12-01 12:53:00,0.39,12748.0,United Kingdom,0.39
540268,22384,lunch bag pink polkadot,10,2011-01-06 11:25:00,1.65,13458.0,United Kingdom,16.5
572186,22909,set of 20 vintage christmas napkins,24,2011-10-21 10:55:00,0.85,16497.0,United Kingdom,20.4
552654,47504K,english rose garden secateurs,1,2011-05-10 14:20:00,1.95,15756.0,United Kingdom,1.95
579399,21218,red spotty biscuit tin,1,2011-11-29 12:09:00,3.75,13137.0,United Kingdom,3.75
556487,85123A,white hanging heart t-light holder,5,2011-06-12 13:51:00,2.95,17289.0,United Kingdom,14.75
570019,21558,skull lunch box with cutlery,1,2011-10-07 10:13:00,2.55,17841.0,United Kingdom,2.55
571463,23154,set of 4 jam jar magnets,12,2011-10-17 14:23:00,2.08,16463.0,United Kingdom,24.96
542662,22621,traditional knitting nancy,12,2011-01-31 12:10:00,1.45,18145.0,United Kingdom,17.4
569457,22302,coffee mug pears  design,4,2011-10-04 11:29:00,2.55,14606.0,United Kingdom,10.2
579091,23202,jumbo bag vintage leaf,10,2011-11-28 10:49:00,2.08,14893.0,United Kingdom,20.8
548641,21749,large red retrospot windmill,312,2011-04-01 12:56:00,1.85,16333.0,United Kingdom,577.2
554181,22684,french blue metal door sign 9,10,2011-05-23 12:09:00,1.25,13078.0,United Kingdom,12.5
566607,21042,red retrospot apron,6,2011-09-13 16:40:00,5.95,13032.0,United Kingdom,35.7
541258,48138,doormat union flag,2,2011-01-16 15:30:00,7.95,13634.0,United Kingdom,15.9
541138,21880,red retrospot tape,12,2011-01-14 10:42:00,0.65,12553.0,France,7.800000000000001
580153,82600,n0 singing metal sign,12,2011-12-02 10:23:00,2.1,12762.0,Portugal,25.200000000000003
537418,21790,vintage snap cards,2,2010-12-06 15:13:00,0.85,17884.0,United Kingdom,1.7
552977,47599B,blue party bags,6,2011-05-12 14:13:00,2.1,18221.0,United Kingdom,12.600000000000001
554498,22439,6 rocket balloons,24,2011-05-24 14:39:00,0.65,15314.0,United Kingdom,15.600000000000001
554363,47341A,fuschia table run flower,12,2011-05-24 10:19:00,1.25,12647.0,Germany,15.0
576351,23437,50's christmas gift bag large,20,2011-11-14 15:51:00,1.25,17235.0,United Kingdom,25.0
542534,20886,box of 9 pebble candles,6,2011-01-28 13:27:00,1.95,13707.0,United Kingdom,11.7
563933,82484,wood black board ant white finish,1,2011-08-21 15:54:00,7.95,16536.0,United Kingdom,7.95
572662,23096,petit tray chic,3,2011-10-25 12:54:00,1.65,15443.0,United Kingdom,4.949999999999999
549741,22776,sweetheart cakestand 3 tier,4,2011-04-12 09:53:00,9.95,13655.0,United Kingdom,39.8
571934,23451,square mini portrait frame,6,2011-10-20 08:21:00,1.95,16170.0,United Kingdom,11.7
565751,23241,treasure tin gymkhana design,6,2011-09-06 12:56:00,2.08,16393.0,United Kingdom,12.48
540546,22610,pens assorted funny face,36,2011-01-09 15:56:00,0.21,12766.0,Portugal,7.56
538653,21258,victorian sewing box large,8,2010-12-13 15:12:00,10.95,13089.0,United Kingdom,87.6
575083,22208,wood stamp set thank you,10,2011-11-08 13:31:00,0.83,18123.0,United Kingdom,8.299999999999999
557021,85099B,jumbo bag red retrospot,10,2011-06-16 12:55:00,2.08,17642.0,United Kingdom,20.8
538849,22203,milk pan red retrospot,2,2010-12-14 13:31:00,3.75,14415.0,United Kingdom,7.5
548631,22577,wooden heart christmas scandinavian,5,2011-04-01 12:24:00,0.85,13184.0,United Kingdom,4.25
551747,21368,mirrored wall art ladies,48,2011-05-04 11:00:00,0.85,14298.0,United Kingdom,40.8
577121,21819,glitter christmas star,36,2011-11-17 18:29:00,0.39,12681.0,France,14.040000000000001
562031,84849D,hot baths soap holder,4,2011-08-01 17:37:00,1.69,16984.0,United Kingdom,6.76
576971,22816,card motorbike santa,12,2011-11-17 11:51:00,0.42,14032.0,United Kingdom,5.04
570168,21918,set 12 kids colour  chalk sticks,5,2011-10-07 14:05:00,0.42,17596.0,United Kingdom,2.1
552631,22273,feltcraft doll molly,6,2011-05-10 12:55:00,2.95,12684.0,France,17.700000000000003
547063,22212,four hook  white lovebirds,3,2011-03-20 13:33:00,2.1,14769.0,United Kingdom,6.300000000000001
570699,22301,coffee mug cat + bird design,6,2011-10-12 09:20:00,2.55,15421.0,United Kingdom,15.299999999999999
557427,22169,family album white picture frame,8,2011-06-20 12:14:00,7.65,12429.0,Denmark,61.2
562540,20829,glitter hanging butterfly string,1,2011-08-05 15:38:00,2.1,17400.0,United Kingdom,2.1
539264,37450,ceramic cake bowl + hanging cakes,6,2010-12-16 15:02:00,2.95,15224.0,United Kingdom,17.700000000000003
548038,35910B,pink flowers rabbit easter,6,2011-03-29 12:03:00,1.95,15696.0,United Kingdom,11.7
581146,23307,set of 60 pantry design cake cases,5,2011-12-07 13:53:00,0.55,17602.0,United Kingdom,2.75
560010,21499,blue polkadot wrap,25,2011-07-14 12:48:00,0.42,13178.0,United Kingdom,10.5
574258,22750,feltcraft princess lola doll,1,2011-11-03 13:50:00,3.75,16891.0,United Kingdom,3.75
543128,21621,vintage union jack bunting,4,2011-02-03 14:54:00,8.5,12971.0,United Kingdom,34.0
571653,23538,wall art vintage heart,6,2011-10-18 12:17:00,4.15,14298.0,United Kingdom,24.900000000000002
580599,23311,vintage christmas stocking,6,2011-12-05 11:11:00,2.55,12925.0,United Kingdom,15.299999999999999
538156,22423,regency cakestand 3 tier,6,2010-12-09 16:53:00,12.75,15555.0,United Kingdom,76.5
563848,23127,feltcraft girl nicole kit,4,2011-08-19 14:57:00,4.95,14911.0,EIRE,19.8
547412,22416,set of 36 doilies spaceboy design,12,2011-03-23 09:42:00,1.45,12399.0,Belgium,17.4
565129,23307,set of 60 pantry design cake cases,3,2011-09-01 12:41:00,0.55,15719.0,United Kingdom,1.6500000000000001
563538,23000,travel card wallet transport,1,2011-08-17 11:48:00,0.42,17841.0,United Kingdom,0.42
550827,22254,felt toadstool large,12,2011-04-21 10:16:00,1.25,12670.0,France,15.0
561288,23288,green vintage spot beaker,8,2011-07-26 12:26:00,0.85,13379.0,United Kingdom,6.8
548153,21892,traditional wooden catch cup game,12,2011-03-29 13:05:00,1.25,15129.0,United Kingdom,15.0
556537,21609,set 12 lavender  botanical t-lights,6,2011-06-13 12:38:00,2.95,17725.0,United Kingdom,17.700000000000003
554598,21754,home building block word,1,2011-05-25 11:12:00,5.95,13263.0,United Kingdom,5.95
579143,85179A,green bitty light chain,24,2011-11-28 13:08:00,1.25,13882.0,United Kingdom,30.0
567853,22492,mini paint set vintage,36,2011-09-22 13:31:00,0.65,15484.0,United Kingdom,23.400000000000002
581579,85099C,jumbo  bag baroque black white,10,2011-12-09 12:19:00,1.79,17581.0,United Kingdom,17.9
579792,22328,round snack boxes set of 4 fruits,6,2011-11-30 15:43:00,2.95,12714.0,France,17.700000000000003
580735,22690,doormat home sweet home blue,2,2011-12-06 08:52:00,8.25,17728.0,United Kingdom,16.5
562031,23135,small zinc heart wall organiser,1,2011-08-01 17:37:00,5.75,16984.0,United Kingdom,5.75
578253,21122,set/10 pink polkadot party candles,24,2011-11-23 12:51:00,1.25,14744.0,United Kingdom,30.0
546380,21937,strawberry   picnic bag,1,2011-03-11 12:26:00,2.95,12748.0,United Kingdom,2.95
556207,84596G,small chocolates pink bowl,8,2011-06-09 13:50:00,0.42,17372.0,United Kingdom,3.36
553538,22659,lunch box i love london,4,2011-05-17 15:26:00,1.95,15855.0,United Kingdom,7.8
537781,21201,tropical  honeycomb paper garland,1,2010-12-08 12:46:00,2.55,17341.0,United Kingdom,2.55
557854,22851,set 20 napkins fairy cakes design,1,2011-06-23 11:38:00,0.85,13268.0,United Kingdom,0.85
579196,22263,felt egg cosy ladybird,2,2011-11-28 15:54:00,1.63,14096.0,United Kingdom,3.26
572499,23570,traditional pick up sticks game,12,2011-10-24 14:10:00,1.25,15786.0,United Kingdom,15.0
580419,22973,children's circus parade mug,6,2011-12-04 12:08:00,1.65,16283.0,United Kingdom,9.899999999999999
538508,22690,doormat home sweet home blue,1,2010-12-12 13:32:00,7.95,15998.0,United Kingdom,7.95
546133,22045,spaceboy gift wrap,25,2011-03-09 15:20:00,0.42,14291.0,United Kingdom,10.5
566450,22734,set of 6 ribbons vintage christmas,24,2011-09-12 16:12:00,2.89,15673.0,United Kingdom,69.36
556023,21623,vintage union jack memoboard,1,2011-06-08 12:21:00,9.95,14527.0,United Kingdom,9.95
563333,23106,zinc hearts plant pot holder,2,2011-08-15 13:09:00,2.89,15996.0,United Kingdom,5.78
577525,21914,blue harmonica in box,20,2011-11-20 13:37:00,1.25,16905.0,United Kingdom,25.0
579552,85123A,white hanging heart t-light holder,64,2011-11-30 10:54:00,2.55,16210.0,United Kingdom,163.2
566709,22355,charlotte bag suki design,100,2011-09-14 11:58:00,0.72,16745.0,United Kingdom,72.0
555819,22679,french blue metal door sign 4,10,2011-06-07 12:00:00,1.25,15073.0,United Kingdom,12.5
568058,23396,la jardin botanique cushion cover,4,2011-09-23 12:58:00,3.75,18188.0,United Kingdom,15.0
564958,84279P,cherry blossom  decorative flask,4,2011-08-31 13:56:00,3.75,13089.0,United Kingdom,15.0
576374,85123A,white hanging heart t-light holder,300,2011-11-15 08:50:00,2.55,13777.0,United Kingdom,765.0
547785,22849,bread bin diner style mint,2,2011-03-25 11:41:00,16.95,13097.0,United Kingdom,33.9
566326,23296,set of 6 tea time baking cases,8,2011-09-12 12:11:00,1.25,16211.0,United Kingdom,10.0
563854,21976,pack of 60 mushroom cake cases,24,2011-08-19 15:24:00,0.55,12364.0,Belgium,13.200000000000001
566891,23213,star wreath decoration with bell,12,2011-09-15 13:51:00,1.25,14894.0,United Kingdom,15.0
571837,22617,baking set spaceboy design,1,2011-10-19 12:11:00,4.95,16470.0,United Kingdom,4.95
562450,20712,jumbo bag woodland animals,10,2011-08-05 08:40:00,2.08,12562.0,France,20.8
569217,22059,ceramic strawberry design mug,4,2011-10-02 12:45:00,1.49,15579.0,United Kingdom,5.96
548612,22084,paper chain kit empire,4,2011-04-01 11:34:00,2.95,13137.0,United Kingdom,11.8
578270,22594,christmas gingham tree,2,2011-11-23 13:39:00,1.63,14096.0,United Kingdom,3.26
537772,22898,childrens apron apples design,2,2010-12-08 12:35:00,1.95,18043.0,United Kingdom,3.9
579103,22571,rocking horse red christmas,2,2011-11-28 11:39:00,0.85,18041.0,United Kingdom,1.7
568367,85049E,scandinavian reds ribbons,12,2011-09-26 15:51:00,1.25,15755.0,United Kingdom,15.0
536446,22152,place setting white star,24,2010-12-01 12:15:00,0.42,15983.0,United Kingdom,10.08
556512,22996,travel card wallet vintage ticket,11,2011-06-13 10:44:00,0.42,14688.0,United Kingdom,4.62
580294,23319,box of 6 mini 50's crackers,7,2011-12-02 13:46:00,2.49,17364.0,United Kingdom,17.43
569675,22621,traditional knitting nancy,12,2011-10-05 14:03:00,1.65,15687.0,United Kingdom,19.799999999999997
563558,20712,jumbo bag woodland animals,10,2011-08-17 13:40:00,2.08,14156.0,EIRE,20.8
579571,21032,space cadet white,10,2011-11-30 11:48:00,1.25,16657.0,United Kingdom,12.5
574240,85099C,jumbo  bag baroque black white,1,2011-11-03 12:45:00,2.08,15998.0,United Kingdom,2.08
572192,84380,set of 3 butterfly cookie cutters,1,2011-10-21 11:30:00,1.45,18118.0,United Kingdom,1.45
570123,23108,set of 10 led dolly lights,2,2011-10-07 13:09:00,6.25,13314.0,United Kingdom,12.5
544836,21626,vintage union jack pennant,12,2011-02-24 10:25:00,1.95,17613.0,United Kingdom,23.4
572123,84832,zinc willie winkie  candle stick,192,2011-10-21 08:40:00,0.72,14646.0,Netherlands,138.24
552537,22151,place setting white heart,96,2011-05-10 10:11:00,0.42,17315.0,United Kingdom,40.32
547240,85200,bunny egg box,2,2011-03-21 16:32:00,1.25,17585.0,United Kingdom,2.5
577726,22197,popcorn holder,12,2011-11-21 12:40:00,0.85,15676.0,United Kingdom,10.2
552298,84978,hanging heart jar t-light holder,6,2011-05-08 14:18:00,1.25,14507.0,United Kingdom,7.5
563230,21156,retrospot childrens apron,2,2011-08-14 15:39:00,1.95,15376.0,United Kingdom,3.9
546160,22746,poppy's playhouse livingroom,60,2011-03-10 09:49:00,1.85,15838.0,United Kingdom,111.0
577524,23439,hand warmer red love heart,3,2011-11-20 13:33:00,2.1,16905.0,United Kingdom,6.300000000000001
540543,20981,12 pencils tall tube woodland,6,2011-01-09 15:23:00,0.85,14395.0,United Kingdom,5.1
580687,22553,plasters in tin skulls,24,2011-12-05 15:38:00,1.65,16379.0,United Kingdom,39.599999999999994
570685,23399,home sweet home hanging heart,4,2011-10-11 16:25:00,0.85,13208.0,United Kingdom,3.4
577106,22385,jumbo bag spaceboy design,2,2011-11-17 17:18:00,2.08,14456.0,United Kingdom,4.16
545835,22293,hanging chick green decoration,2,2011-03-07 13:17:00,1.45,17654.0,United Kingdom,2.9
568872,22631,circus parade lunch box,12,2011-09-29 12:12:00,1.95,12372.0,Denmark,23.4
546543,22662,lunch bag dolly girl design,2,2011-03-14 15:40:00,1.65,17841.0,United Kingdom,3.3
555934,16237,sleeping cat erasers,90,2011-06-08 08:51:00,0.16,15061.0,United Kingdom,14.4
575964,22113,grey heart hot water bottle,1,2011-11-13 12:31:00,4.25,15021.0,United Kingdom,4.25
568203,23085,antique silver bauble lamp,1,2011-09-25 15:15:00,10.4,13435.0,United Kingdom,10.4
541856,22116,metal sign his dinner is served,1,2011-01-23 15:16:00,2.95,17673.0,United Kingdom,2.95
550134,21718,red metal beach spade,64,2011-04-14 13:50:00,1.25,16249.0,United Kingdom,80.0
548703,22991,giraffe wooden ruler,3,2011-04-03 11:37:00,1.95,16010.0,United Kingdom,5.85
540526,22300,coffee mug dog + ball design,2,2011-01-09 13:41:00,2.55,14606.0,United Kingdom,5.1
564740,23240,set of 4 knick knack tins doily,1,2011-08-28 14:39:00,4.15,14044.0,United Kingdom,4.15
555395,21621,vintage union jack bunting,4,2011-06-02 17:04:00,8.5,12971.0,United Kingdom,34.0
562567,22661,charlotte bag dolly girl design,10,2011-08-07 11:40:00,0.85,12877.0,United Kingdom,8.5
572612,23568,egg cup henrietta hen cream,12,2011-10-25 11:14:00,1.25,16186.0,United Kingdom,15.0
579461,84970S,hanging heart zinc t-light holder,12,2011-11-29 14:42:00,0.85,15615.0,United Kingdom,10.2
578703,20868,silver fabric mirror,5,2011-11-25 11:02:00,0.39,17385.0,United Kingdom,1.9500000000000002
572743,21928,jumbo bag scandinavian blue paisley,10,2011-10-25 16:13:00,2.08,14482.0,United Kingdom,20.8
561818,23135,small zinc heart wall organiser,1,2011-07-29 15:51:00,5.75,16775.0,United Kingdom,5.75
547063,22078,ribbon reel lace design,5,2011-03-20 13:33:00,2.1,14769.0,United Kingdom,10.5
542239,22430,enamel watering can cream,1,2011-01-26 14:35:00,4.95,17786.0,United Kingdom,4.95
544190,23004,travel card wallet pantry,24,2011-02-16 16:56:00,0.42,13089.0,United Kingdom,10.08
556056,21175,gin + tonic diet metal sign,2,2011-06-08 13:35:00,2.55,17841.0,United Kingdom,5.1
566275,23214,jingle bell heart antique gold,5,2011-09-11 13:58:00,2.08,16549.0,United Kingdom,10.4
548870,21157,red retrospot washbag,1,2011-04-04 14:41:00,2.1,14606.0,United Kingdom,2.1
537225,85049D,bright blues ribbons,1,2010-12-05 16:41:00,1.25,12748.0,United Kingdom,1.25
572216,47591D,pink fairy cake childrens apron,2,2011-10-21 12:56:00,1.95,16015.0,United Kingdom,3.9
579962,84970S,hanging heart zinc t-light holder,12,2011-12-01 11:12:00,0.85,14243.0,United Kingdom,10.2
574532,23484,heart trellis triple t-light holder,8,2011-11-04 14:19:00,2.89,15676.0,United Kingdom,23.12
571640,23501,key ring baseball boot union jack,80,2011-10-18 12:01:00,1.25,17203.0,United Kingdom,100.0
579520,22994,travel card wallet retrospot,2,2011-11-29 18:14:00,0.42,12748.0,United Kingdom,0.84
539050,21012,antique all glass candlestick,2,2010-12-15 16:21:00,2.1,12577.0,France,4.2
557621,22847,bread bin diner style ivory,2,2011-06-21 14:00:00,16.95,12444.0,Norway,33.9
565326,15056N,edwardian parasol natural,2,2011-09-02 13:41:00,5.95,16706.0,United Kingdom,11.9
560634,16008,small folding scissor(pointed edge),24,2011-07-20 10:51:00,0.12,16133.0,United Kingdom,2.88
574295,23229,vintage donkey tail game,54,2011-11-03 15:47:00,3.39,17389.0,United Kingdom,183.06
561894,47593B,scottie dogs baby bib,2,2011-07-31 15:00:00,0.39,14456.0,United Kingdom,0.78
537603,22178,victorian glass hanging t-light,24,2010-12-07 12:49:00,1.25,14673.0,United Kingdom,30.0
569653,22212,four hook  white lovebirds,24,2011-10-05 12:52:00,2.1,12451.0,Switzerland,50.400000000000006
544368,21720,cake shop  sticker sheet,6,2011-02-18 11:27:00,0.85,14057.0,United Kingdom,5.1
559550,22439,6 rocket balloons,1,2011-07-10 15:38:00,0.65,17757.0,United Kingdom,0.65
545901,22376,airline bag vintage jet set white,1,2011-03-07 17:52:00,4.25,15834.0,United Kingdom,4.25
552469,22966,gingerbread man cookie cutter,1,2011-05-09 15:34:00,1.25,12867.0,United Kingdom,1.25
540099,21658,glass  beurre dish,2,2011-01-04 16:41:00,3.95,15808.0,United Kingdom,7.9
567145,22456,natural slate chalkboard large,6,2011-09-16 15:09:00,4.95,12921.0,United Kingdom,29.700000000000003
574034,23397,foot stool home sweet home,1,2011-11-02 12:45:00,9.95,17841.0,United Kingdom,9.95
548868,21844,red retrospot mug,6,2011-04-04 14:28:00,2.95,13015.0,United Kingdom,17.700000000000003
579689,21747,small skull windmill,1,2011-11-30 14:00:00,1.25,14606.0,United Kingdom,1.25
573339,23158,set of 5 lucky cat magnets,12,2011-10-30 11:49:00,2.08,13278.0,United Kingdom,24.96
541204,22220,cake stand lovebird 2 tier white,2,2011-01-14 12:22:00,9.95,14175.0,United Kingdom,19.9
580164,20829,glitter hanging butterfly string,8,2011-12-02 11:16:00,2.1,18097.0,United Kingdom,16.8
572658,84279P,cherry blossom  decorative flask,4,2011-10-25 12:29:00,3.75,17690.0,United Kingdom,15.0
575583,21930,jumbo storage bag skulls,2,2011-11-10 11:55:00,2.08,14456.0,United Kingdom,4.16
553553,23230,wrap alphabet design,25,2011-05-17 16:32:00,0.42,16156.0,United Kingdom,10.5
571845,22737,ribbon reel christmas present,1,2011-10-19 12:34:00,1.65,16869.0,United Kingdom,1.65
560868,22749,feltcraft princess charlotte doll,1,2011-07-21 14:14:00,3.75,14866.0,United Kingdom,3.75
564630,47566,party bunting,4,2011-08-26 11:53:00,4.95,13644.0,United Kingdom,19.8
575516,84077,world war 2 gliders asstd designs,96,2011-11-10 10:45:00,0.29,17340.0,United Kingdom,27.839999999999996
541262,35921,easter bunny hanging garland,2,2011-01-16 15:50:00,1.25,18069.0,United Kingdom,2.5
570342,21340,classic metal birdcage plant holder,5,2011-10-10 12:26:00,12.75,17706.0,United Kingdom,63.75
578541,22625,red kitchen scales,2,2011-11-24 15:01:00,8.5,14277.0,France,17.0
577756,20981,12 pencils tall tube woodland,12,2011-11-21 14:59:00,0.85,15115.0,United Kingdom,10.2
580294,23313,vintage christmas bunting,5,2011-12-02 13:46:00,4.95,17364.0,United Kingdom,24.75
578270,22596,christmas star wish list chalkboard,8,2011-11-23 13:39:00,2.46,14096.0,United Kingdom,19.68
546096,82581,toilet metal sign,12,2011-03-09 11:59:00,0.55,15502.0,United Kingdom,6.6000000000000005
555558,22356,charlotte bag pink polkadot,2,2011-06-05 14:06:00,0.85,14159.0,United Kingdom,1.7
539484,22199,frying pan red retrospot,1,2010-12-19 15:44:00,4.25,15640.0,United Kingdom,4.25
565918,22269,egg cup natural chicken,3,2011-09-07 16:27:00,0.39,13249.0,United Kingdom,1.17
540275,85099B,jumbo bag red retrospot,100,2011-01-06 12:11:00,1.65,13680.0,United Kingdom,165.0
548612,20727,lunch bag  black skull.,3,2011-04-01 11:34:00,1.65,13137.0,United Kingdom,4.949999999999999
581164,22187,green christmas tree card holder,6,2011-12-07 14:34:00,1.95,14395.0,United Kingdom,11.7
557213,23263,set of 3 wooden heart decorations,1,2011-06-17 12:16:00,1.25,15021.0,United Kingdom,1.25
560036,23172,regency tea plate pink,12,2011-07-14 13:51:00,1.65,14911.0,EIRE,19.799999999999997
555540,85040A,s/4 pink flower candles in bowl,3,2011-06-05 12:48:00,1.65,13668.0,United Kingdom,4.949999999999999
545349,21558,skull lunch box with cutlery,1,2011-03-02 11:07:00,2.55,18118.0,United Kingdom,2.55
556484,23154,set of 4 jam jar magnets,3,2011-06-12 13:17:00,2.08,16938.0,United Kingdom,6.24
542174,21413,periwinkle t-light holder,12,2011-01-26 11:14:00,1.25,16043.0,United Kingdom,15.0
544662,21716,boys vintage tin seaside bucket,1,2011-02-22 14:10:00,2.55,12845.0,United Kingdom,2.55
566575,47566,party bunting,50,2011-09-13 13:15:00,4.15,17133.0,United Kingdom,207.50000000000003
563753,22961,jam making set printed,12,2011-08-19 10:51:00,1.45,12513.0,France,17.4
569932,22945,christmas metal tags assorted,12,2011-10-06 17:51:00,0.85,18221.0,United Kingdom,10.2
557468,21976,pack of 60 mushroom cake cases,3,2011-06-20 13:14:00,0.55,16713.0,United Kingdom,1.6500000000000001
543977,21210,set of 72 retrospot paper  doilies,12,2011-02-14 15:35:00,1.45,15615.0,United Kingdom,17.4
542617,85040A,s/4 pink flower candles in bowl,4,2011-01-30 15:48:00,1.65,17463.0,United Kingdom,6.6
544914,20727,lunch bag  black skull.,10,2011-02-24 15:39:00,1.65,16722.0,United Kingdom,16.5
550999,22550,holiday fun ludo,4,2011-04-26 09:12:00,3.75,17670.0,United Kingdom,15.0
557301,22113,grey heart hot water bottle,4,2011-06-19 14:08:00,3.75,15373.0,United Kingdom,15.0
548670,22382,lunch bag spaceboy design,5,2011-04-01 15:37:00,1.65,15356.0,United Kingdom,8.25
569082,22847,bread bin diner style ivory,4,2011-09-30 11:55:00,14.95,18229.0,United Kingdom,59.8
559317,85049G,chocolate box ribbons,1,2011-07-07 14:03:00,1.25,17611.0,United Kingdom,1.25
538064,10133,colouring pencils brown tube,2,2010-12-09 13:47:00,0.85,15271.0,United Kingdom,1.7
554814,22742,make your own playtime card kit,6,2011-05-26 13:34:00,2.95,16609.0,United Kingdom,17.700000000000003
578934,82600,n0 singing metal sign,2,2011-11-27 12:47:00,2.1,14577.0,United Kingdom,4.2
578262,22573,star wooden christmas decoration,2,2011-11-23 13:27:00,0.85,18283.0,United Kingdom,1.7
554682,21714,citronella candle garden pot,6,2011-05-25 16:08:00,1.25,14085.0,United Kingdom,7.5
577061,23374,red spot paper gift bag,10,2011-11-17 14:40:00,0.82,14911.0,EIRE,8.2
576556,23433,hanging quilted patchwork apples,24,2011-11-15 13:07:00,0.83,14640.0,United Kingdom,19.919999999999998
566599,23330,decorative wicker heart medium,2,2011-09-13 15:37:00,1.25,15998.0,United Kingdom,2.5
542602,21485,retrospot heart hot water bottle,2,2011-01-30 12:09:00,4.95,15579.0,United Kingdom,9.9
546982,23004,travel card wallet pantry,2,2011-03-18 12:26:00,0.42,15483.0,United Kingdom,0.84
553199,23207,lunch bag alphabet design,4,2011-05-15 15:14:00,1.65,17758.0,United Kingdom,6.6
578472,23535,wall art bicycle safety,4,2011-11-24 12:40:00,5.95,12476.0,Germany,23.8
578088,84030E,english rose hot water bottle,2,2011-11-22 16:47:00,4.25,16376.0,United Kingdom,8.5
567474,21166,cook with wine metal sign,6,2011-09-20 12:53:00,2.08,13448.0,United Kingdom,12.48
541698,21790,vintage snap cards,6,2011-01-20 19:16:00,0.85,14713.0,United Kingdom,5.1
554347,22847,bread bin diner style ivory,4,2011-05-24 08:21:00,14.95,16523.0,United Kingdom,59.8
577094,21035,set/2 red retrospot tea towels,2,2011-11-17 16:39:00,3.25,15435.0,United Kingdom,6.5
544106,22469,heart of wicker small,1,2011-02-16 10:47:00,1.65,14530.0,United Kingdom,1.65
562128,22669,red baby bunting,5,2011-08-03 09:07:00,2.95,16150.0,United Kingdom,14.75
549571,22773,green drawer knob acrylic edwardian,12,2011-04-10 15:25:00,1.25,15655.0,United Kingdom,15.0
560018,23191,bundle of 3 retro note books,1,2011-07-14 12:52:00,1.65,15987.0,United Kingdom,1.65
555400,22617,baking set spaceboy design,7,2011-06-02 17:50:00,4.25,14088.0,United Kingdom,29.75
568151,23401,rustic mirror with lace heart,4,2011-09-25 11:39:00,6.25,17506.0,United Kingdom,25.0
545060,22117,metal sign her dinner is served,1,2011-02-27 13:47:00,2.95,15547.0,United Kingdom,2.95
545183,22892,set of salt and pepper toadstools,12,2011-02-28 14:59:00,1.25,15570.0,United Kingdom,15.0
566290,20992,jazz hearts purse notebook,1,2011-09-11 15:24:00,0.39,14456.0,United Kingdom,0.39
561204,21754,home building block word,3,2011-07-25 15:22:00,5.95,12836.0,United Kingdom,17.85
547362,84313C,orange tv tray table,24,2011-03-22 12:33:00,1.95,13694.0,United Kingdom,46.8
556484,23132,small ivory heart wall organiser,2,2011-06-12 13:17:00,5.75,16938.0,United Kingdom,11.5
549958,20963,apple bath sponge,10,2011-04-13 13:47:00,1.25,17589.0,United Kingdom,12.5
580027,22996,travel card wallet vintage ticket,4,2011-12-01 12:01:00,0.42,14178.0,United Kingdom,1.68
575037,23556,landmark frame covent garden,1,2011-11-08 11:51:00,12.5,16066.0,United Kingdom,12.5
542102,21354,toast its - best mum,24,2011-01-25 13:26:00,1.25,12744.0,Singapore,30.0
567879,23200,jumbo bag pears,10,2011-09-22 14:53:00,2.08,16161.0,United Kingdom,20.8
551161,21577,save the planet cotton tote bag,6,2011-04-26 15:26:00,2.25,18183.0,United Kingdom,13.5
557760,22713,card i love london,16,2011-06-22 13:57:00,0.42,12901.0,United Kingdom,6.72
551747,22473,tv dinner tray vintage paisley,16,2011-05-04 11:00:00,1.95,14298.0,United Kingdom,31.2
552310,21975,pack of 60 dinosaur cake cases,3,2011-05-08 15:22:00,0.55,17323.0,United Kingdom,1.6500000000000001
577504,22352,lunch box with cutlery retrospot,4,2011-11-20 12:36:00,2.55,14159.0,United Kingdom,10.2
543754,22868,number tile cottage garden 0,8,2011-02-11 14:26:00,1.95,18159.0,United Kingdom,15.6
537374,21889,wooden box of dominoes,1,2010-12-06 12:55:00,1.25,17259.0,United Kingdom,1.25
580731,22906,12 message cards with envelopes,5,2011-12-05 17:36:00,1.65,17383.0,United Kingdom,8.25
568701,23167,small ceramic top storage jar,12,2011-09-28 15:07:00,0.83,13924.0,United Kingdom,9.959999999999999
576057,21245,green polkadot plate,2,2011-11-13 15:05:00,1.69,15861.0,United Kingdom,3.38
562112,23236,doiley storage tin,6,2011-08-02 15:53:00,2.89,18236.0,United Kingdom,17.34
541268,22292,hanging chick  yellow decoration,6,2011-01-17 10:52:00,1.45,12872.0,United Kingdom,8.7
559552,22811,set of 6 t-lights cacti,1,2011-07-10 16:29:00,2.95,16014.0,United Kingdom,2.95
548714,22861,easter tin chicks in garden,1,2011-04-03 15:07:00,1.65,17337.0,United Kingdom,1.65
574694,22720,set of 3 cake tins pantry design,6,2011-11-06 13:36:00,4.95,12381.0,Norway,29.700000000000003
579167,21770,open closed metal sign,1,2011-11-28 14:06:00,4.95,16800.0,United Kingdom,4.95
550622,23008,dolly girl baby gift set,1,2011-04-19 13:49:00,16.95,13735.0,United Kingdom,16.95
566649,22086,paper chain kit 50's christmas,12,2011-09-14 11:26:00,2.95,18173.0,United Kingdom,35.400000000000006
557758,22914,blue coat rack paris fashion,1,2011-06-22 13:28:00,4.95,17585.0,United Kingdom,4.95
568095,90018A,silver m.o.p orbit drop earrings,2,2011-09-23 14:49:00,4.25,14911.0,EIRE,8.5
546387,22990,cotton apron pantry design,8,2011-03-11 13:34:00,4.95,16766.0,United Kingdom,39.6
537192,21106,cream slice flannel chocolate spot,2,2010-12-05 13:42:00,2.95,16402.0,United Kingdom,5.9
571883,23534,wall art stop for tea,1,2011-10-19 13:58:00,5.95,14704.0,United Kingdom,5.95
543306,22435,set of 9 heart shaped balloons,2,2011-02-07 11:56:00,1.25,16686.0,United Kingdom,2.5
543367,21165,beware of the cat metal sign,12,2011-02-07 14:33:00,1.69,18225.0,United Kingdom,20.28
568910,84992,72 sweetheart fairy cake cases,24,2011-09-29 13:39:00,0.55,16574.0,United Kingdom,13.200000000000001
576398,22113,grey heart hot water bottle,8,2011-11-15 10:48:00,4.25,15758.0,United Kingdom,34.0
552013,21578,woodland design  cotton tote bag,12,2011-05-05 17:34:00,2.25,12451.0,Switzerland,27.0
556781,23202,jumbo bag vintage leaf,20,2011-06-14 12:47:00,2.08,13384.0,United Kingdom,41.6
551739,21713,citronella candle flowerpot,1,2011-05-04 10:58:00,2.1,18118.0,United Kingdom,2.1
560906,22423,regency cakestand 3 tier,1,2011-07-21 17:55:00,12.75,15827.0,United Kingdom,12.75
567821,22114,hot water bottle tea and sympathy,2,2011-09-22 12:45:00,4.25,14659.0,United Kingdom,8.5
558418,22960,jam making set with jars,4,2011-06-29 11:35:00,3.75,12901.0,United Kingdom,15.0
571926,21828,eight piece snake  set,12,2011-10-19 16:41:00,1.25,16722.0,United Kingdom,15.0
580074,21866,union jack flag luggage tag,12,2011-12-01 14:06:00,1.25,15028.0,United Kingdom,15.0
540550,21121,set/10 red polkadot party candles,24,2011-01-10 09:11:00,1.25,12539.0,Spain,30.0
545658,22418,10 colour spaceboy pen,5,2011-03-04 14:13:00,0.85,14670.0,United Kingdom,4.25
580750,22171,3 hook photo shelf antique white,4,2011-12-06 09:56:00,8.5,12749.0,United Kingdom,34.0
557503,84987,set of 36 teatime paper doilies,12,2011-06-20 15:47:00,1.45,16839.0,United Kingdom,17.4
551277,35961,folkart zinc heart christmas dec,5,2011-04-27 13:06:00,0.85,13637.0,United Kingdom,4.25
545517,21095,set/6 posies paper plates,24,2011-03-03 12:20:00,0.85,12727.0,France,20.4
551013,22839,3 tier cake tin green and cream,1,2011-04-26 10:54:00,14.95,15108.0,European Community,14.95
570680,35970,zinc folkart sleigh bells,12,2011-10-11 15:36:00,1.69,13969.0,United Kingdom,20.28
575367,22577,wooden heart christmas scandinavian,48,2011-11-09 15:05:00,0.29,15114.0,United Kingdom,13.919999999999998
540099,85099C,jumbo  bag baroque black white,20,2011-01-04 16:41:00,1.95,15808.0,United Kingdom,39.0
536602,82483,wood 2 drawer cabinet white finish,4,2010-12-02 08:34:00,4.95,17850.0,United Kingdom,19.8
575593,22993,set of 4 pantry jelly moulds,12,2011-11-10 12:12:00,1.25,14226.0,United Kingdom,15.0
555257,20973,12 pencil small tube woodland,21,2011-06-01 15:28:00,0.65,17596.0,United Kingdom,13.65
538145,22098,boudoir square tissue box,12,2010-12-09 16:08:00,1.25,15211.0,United Kingdom,15.0
568803,23085,antique silver bauble lamp,12,2011-09-29 10:50:00,8.25,15030.0,United Kingdom,99.0
560104,20725,lunch bag red retrospot,2,2011-07-14 18:56:00,1.65,17921.0,United Kingdom,3.3
544585,POST,postage,1,2011-02-21 14:58:00,18.0,12523.0,France,18.0
569331,84347,rotating silver angels t-light hldr,6,2011-10-03 13:39:00,2.55,16875.0,United Kingdom,15.299999999999999
581179,84012,magic sheep wool growing from paper,72,2011-12-07 15:43:00,0.85,12471.0,Germany,61.199999999999996
573576,22720,set of 3 cake tins pantry design,1,2011-10-31 14:09:00,10.79,14096.0,United Kingdom,10.79
578808,20972,pink cream felt craft trinket box,7,2011-11-25 13:23:00,1.25,16327.0,United Kingdom,8.75
577095,21498,red retrospot wrap,25,2011-11-17 16:39:00,0.42,15867.0,United Kingdom,10.5
577318,85123A,white hanging heart t-light holder,32,2011-11-18 13:42:00,2.55,17675.0,United Kingdom,81.6
574269,22601,christmas retrospot angel wood,12,2011-11-03 14:27:00,0.85,15570.0,United Kingdom,10.2
568805,23199,jumbo bag apples,10,2011-09-29 10:55:00,2.08,12826.0,United Kingdom,20.8
551776,21232,strawberry ceramic trinket box,4,2011-05-04 11:23:00,1.25,13268.0,United Kingdom,5.0
551033,21294,etched glass coaster,16,2011-04-26 11:32:00,0.39,15039.0,United Kingdom,6.24
547401,85078,scandinavian 3 hearts napkin ring,5,2011-03-22 17:00:00,0.19,17576.0,United Kingdom,0.95
569491,48187,doormat new england,1,2011-10-04 13:25:00,8.25,14056.0,United Kingdom,8.25
572466,20717,strawberry shopper bag,10,2011-10-24 13:28:00,1.25,14997.0,United Kingdom,12.5
538662,22375,airline bag vintage jet set brown,12,2010-12-13 15:44:00,3.95,15159.0,United Kingdom,47.400000000000006
565249,20758,abstract circles pocket book,1,2011-09-02 10:38:00,0.85,18027.0,United Kingdom,0.85
568059,23349,roll wrap vintage christmas,6,2011-09-23 12:58:00,1.25,13097.0,United Kingdom,7.5
549716,22789,t-light holder sweetheart hanging,8,2011-04-11 14:43:00,1.95,14628.0,United Kingdom,15.6
541660,22156,heart decoration with pearls,12,2011-01-20 12:20:00,0.85,17787.0,United Kingdom,10.2
536739,22666,recipe box pantry yellow design,6,2010-12-02 13:08:00,2.95,14180.0,United Kingdom,17.700000000000003
570796,21733,red hanging heart t-light holder,2,2011-10-12 12:19:00,2.95,16241.0,United Kingdom,5.9
576931,22998,travel card wallet keep calm,24,2011-11-17 11:10:00,0.42,13028.0,United Kingdom,10.08
578354,23205,charlotte bag vintage alphabet,20,2011-11-24 10:12:00,0.85,17139.0,United Kingdom,17.0
554365,23298,spotty bunting,12,2011-05-24 10:22:00,4.95,13089.0,United Kingdom,59.400000000000006
559535,22961,jam making set printed,2,2011-07-10 12:16:00,1.45,17841.0,United Kingdom,2.9
572294,23203,jumbo bag vintage doily,7,2011-10-23 13:10:00,2.08,13471.0,United Kingdom,14.56
574297,22456,natural slate chalkboard large,3,2011-11-03 15:54:00,4.95,16602.0,United Kingdom,14.850000000000001
556523,22920,herb marker basil,15,2011-06-13 11:24:00,0.65,16938.0,United Kingdom,9.75
563061,21790,vintage snap cards,12,2011-08-11 15:25:00,0.85,13588.0,United Kingdom,10.2
545229,22088,paper bunting coloured lace,6,2011-03-01 09:52:00,2.95,16915.0,United Kingdom,17.700000000000003
557222,85099C,jumbo  bag baroque black white,10,2011-06-17 13:14:00,2.08,14936.0,Channel Islands,20.8
551056,22714,card birthday cowboy,12,2011-04-26 11:51:00,0.42,16442.0,United Kingdom,5.04
565588,23209,lunch bag vintage doily,5,2011-09-05 13:50:00,1.65,16918.0,United Kingdom,8.25
573075,84755,colour glass t-light holder hanging,8,2011-10-27 14:04:00,0.65,17545.0,United Kingdom,5.2
547098,22957,set 3 paper vintage chick paper egg,6,2011-03-21 10:13:00,2.95,16384.0,United Kingdom,17.700000000000003
552886,21430,set/3 red gingham rose storage box,4,2011-05-12 10:18:00,3.75,16244.0,United Kingdom,15.0
580137,22720,set of 3 cake tins pantry design,1,2011-12-01 19:54:00,4.95,17566.0,United Kingdom,4.95
550120,21212,pack of 72 retrospot cake cases,24,2011-04-14 12:35:00,0.55,17071.0,United Kingdom,13.200000000000001
559552,22534,magic drawing slate spaceboy,3,2011-07-10 16:29:00,0.42,16014.0,United Kingdom,1.26
544472,22457,natural slate heart chalkboard,6,2011-02-21 09:09:00,2.95,15129.0,United Kingdom,17.700000000000003
557674,22088,paper bunting coloured lace,15,2011-06-22 10:19:00,2.55,16422.0,United Kingdom,38.25
568227,21754,home building block word,1,2011-09-26 10:57:00,6.25,17841.0,United Kingdom,6.25
578541,23090,vintage glass t-light holder,12,2011-11-24 15:01:00,0.83,14277.0,France,9.959999999999999
559898,22925,blue giant garden thermometer,1,2011-07-13 12:18:00,5.95,16225.0,United Kingdom,5.95
538894,22837,hot water bottle babushka,3,2010-12-14 17:22:00,4.65,16161.0,United Kingdom,13.950000000000001
572055,23049,recycled acapulco mat red,1,2011-10-20 12:34:00,8.25,17346.0,United Kingdom,8.25
547489,21624,vintage union jack doorstop,3,2011-03-23 11:44:00,5.95,17830.0,United Kingdom,17.85
545649,20982,12 pencils tall tube skulls,2,2011-03-04 13:14:00,0.85,14995.0,United Kingdom,1.7
556113,21471,strawberry raffia food cover,6,2011-06-09 09:32:00,3.75,13510.0,United Kingdom,22.5
573359,23367,set 12 colour pencils spaceboy,1,2011-10-30 12:48:00,0.65,14178.0,United Kingdom,0.65
545037,21524,doormat spotty home sweet home,2,2011-02-27 10:02:00,7.95,14532.0,United Kingdom,15.9
579458,82583,hot baths metal sign,1,2011-11-29 14:38:00,2.1,16549.0,United Kingdom,2.1
564379,23300,gardeners kneeling pad cup of tea,12,2011-08-25 10:32:00,1.65,16779.0,United Kingdom,19.799999999999997
567341,23096,petit tray chic,12,2011-09-19 15:04:00,1.65,14961.0,United Kingdom,19.799999999999997
544101,22619,set of 6 soldier skittles,4,2011-02-16 10:32:00,3.75,16378.0,United Kingdom,15.0
566933,48184,doormat english rose,20,2011-09-15 15:30:00,4.58,18102.0,United Kingdom,91.6
569899,48185,doormat fairy cake,2,2011-10-06 16:15:00,8.25,13940.0,United Kingdom,16.5
544091,22775,purple drawerknob acrylic edwardian,12,2011-02-16 08:37:00,1.25,14897.0,United Kingdom,15.0
560590,23288,green vintage spot beaker,8,2011-07-19 15:55:00,0.85,12560.0,Germany,6.8
569780,23530,wall art only one person,18,2011-10-06 11:38:00,4.15,13199.0,United Kingdom,74.7
581443,22182,cake stand victorian filigree small,24,2011-12-08 16:58:00,1.25,13026.0,United Kingdom,30.0
575975,23300,gardeners kneeling pad cup of tea,12,2011-11-13 13:18:00,1.65,13536.0,United Kingdom,19.799999999999997
544087,20846,zinc heart lattice t-light holder,5,2011-02-15 17:02:00,1.25,17530.0,United Kingdom,6.25
542934,22027,tea party birthday card,12,2011-02-02 11:01:00,0.42,13093.0,United Kingdom,5.04
573138,23245,set of 3 regency cake tins,1,2011-10-27 17:22:00,4.95,15023.0,United Kingdom,4.95
567798,21622,vintage union jack cushion cover,6,2011-09-22 12:00:00,4.95,13089.0,United Kingdom,29.700000000000003
565398,22666,recipe box pantry yellow design,48,2011-09-02 16:50:00,2.55,15856.0,United Kingdom,122.39999999999999
556531,22846,bread bin diner style red,1,2011-06-13 11:49:00,16.95,15491.0,United Kingdom,16.95
545815,22292,hanging chick  yellow decoration,24,2011-03-07 12:26:00,1.45,14012.0,United Kingdom,34.8
554283,22663,jumbo bag dolly girl design,10,2011-05-23 14:11:00,2.08,17686.0,United Kingdom,20.8
581376,85032B,blossom images gift wrap set,2,2011-12-08 12:43:00,0.65,14719.0,United Kingdom,1.3
567424,21977,pack of 60 pink paisley cake cases,24,2011-09-20 11:16:00,0.55,16369.0,United Kingdom,13.200000000000001
536446,10133,colouring pencils brown tube,5,2010-12-01 12:15:00,0.85,15983.0,United Kingdom,4.25
568346,85199S,small hanging ivory/red wood bird,1,2011-09-26 15:28:00,0.83,14096.0,United Kingdom,0.83
547714,21888,bingo set,12,2011-03-25 08:43:00,3.75,15815.0,United Kingdom,45.0
569943,85093,candy spot egg warmer hare,6,2011-10-06 18:08:00,0.39,14592.0,United Kingdom,2.34
542527,22895,set of 2 tea towels apple and pears,6,2011-01-28 12:48:00,2.95,17188.0,United Kingdom,17.700000000000003
567303,22086,paper chain kit 50's christmas,6,2011-09-19 13:20:00,2.95,17613.0,United Kingdom,17.700000000000003
571227,21116,owl doorstop,6,2011-10-14 13:54:00,4.95,12477.0,Germany,29.700000000000003
578901,23352,roll wrap 50's red christmas,1,2011-11-27 11:47:00,1.25,17812.0,United Kingdom,1.25
578255,21328,balloons  writing set,11,2011-11-23 12:58:00,1.65,14675.0,United Kingdom,18.15
573156,21704,bag 250g swirly marbles,144,2011-10-28 08:52:00,0.72,16656.0,United Kingdom,103.67999999999999
543913,85152,hand over the chocolate   sign,1,2011-02-14 13:11:00,2.1,17591.0,United Kingdom,2.1
560300,22367,childrens apron spaceboy design,8,2011-07-18 10:29:00,1.95,14911.0,EIRE,15.6
557850,23236,doiley storage tin,6,2011-06-23 10:56:00,2.89,12720.0,Germany,17.34
567183,23548,wrap magic forest,25,2011-09-18 15:32:00,0.42,14769.0,United Kingdom,10.5
580848,23389,spaceboy mini backpack,1,2011-12-06 11:51:00,4.15,18005.0,United Kingdom,4.15
578791,22083,paper chain kit retrospot,4,2011-11-25 12:20:00,2.95,12841.0,United Kingdom,11.8
571216,22348,tea bag plate red retrospot,4,2011-10-14 13:06:00,0.85,16081.0,United Kingdom,3.4
542107,21671,red spot ceramic drawer knob,6,2011-01-25 13:38:00,1.25,16222.0,United Kingdom,7.5
559698,21559,strawberry lunch box with cutlery,6,2011-07-11 17:07:00,2.55,17589.0,United Kingdom,15.299999999999999
549732,22507,memo board retrospot  design,4,2011-04-11 16:47:00,4.95,15615.0,United Kingdom,19.8
559550,22197,popcorn holder,10,2011-07-10 15:38:00,0.85,17757.0,United Kingdom,8.5
547789,22437,set of 9 black skull balloons,20,2011-03-25 12:04:00,0.85,14911.0,EIRE,17.0
560911,85035A,gardenia 3 wick morris boxed candle,2,2011-07-21 18:00:00,4.25,17961.0,United Kingdom,8.5
537418,22635,childs breakfast set dolly girl,1,2010-12-06 15:13:00,9.95,17884.0,United Kingdom,9.95
571442,20724,red retrospot charlotte bag,10,2011-10-17 13:39:00,0.85,17049.0,United Kingdom,8.5
552285,20982,12 pencils tall tube skulls,1,2011-05-08 12:58:00,0.85,14684.0,United Kingdom,0.85
555728,23181,bull dog bottle top wall clock,1,2011-06-06 16:41:00,8.25,17252.0,United Kingdom,8.25
562711,23031,drawer knob crackle glaze pink,2,2011-08-08 14:53:00,1.65,16788.0,United Kingdom,3.3
543446,22839,3 tier cake tin green and cream,1,2011-02-08 12:01:00,14.95,15827.0,United Kingdom,14.95
557750,16219,house shape pencil sharpener,48,2011-06-22 12:50:00,0.06,16841.0,United Kingdom,2.88
562517,22666,recipe box pantry yellow design,1,2011-08-05 12:27:00,2.95,15719.0,United Kingdom,2.95
572240,22191,ivory diner wall clock,2,2011-10-21 15:18:00,8.5,13709.0,United Kingdom,17.0
565118,22998,travel card wallet keep calm,2,2011-09-01 11:33:00,0.42,15039.0,United Kingdom,0.84
552469,21213,pack of 72 skull cake cases,6,2011-05-09 15:34:00,0.55,12867.0,United Kingdom,3.3000000000000003
568152,22382,lunch bag spaceboy design,1,2011-09-25 11:40:00,1.65,16480.0,United Kingdom,1.65
580305,23084,rabbit night light,3,2011-12-02 14:26:00,2.08,12970.0,United Kingdom,6.24
558389,85132C,charlie and lola figures tins,12,2011-06-29 10:18:00,1.95,14383.0,United Kingdom,23.4
552285,20961,strawberry bath sponge,1,2011-05-08 12:58:00,1.25,14684.0,United Kingdom,1.25
558862,21892,traditional wooden catch cup game,12,2011-07-04 12:25:00,1.25,13901.0,United Kingdom,15.0
560094,21977,pack of 60 pink paisley cake cases,2,2011-07-14 17:13:00,0.55,18109.0,United Kingdom,1.1
544447,21592,retrospot cigar box matches,2,2011-02-20 11:39:00,1.25,16466.0,United Kingdom,2.5
556784,20699,mousey long legs soft toy,2,2011-06-14 13:15:00,2.55,14461.0,United Kingdom,5.1
580600,22593,christmas gingham star,36,2011-12-05 11:13:00,0.85,12841.0,United Kingdom,30.599999999999998
560272,23256,childrens cutlery spaceboy,8,2011-07-17 14:56:00,4.15,12691.0,France,33.2
572843,21485,retrospot heart hot water bottle,9,2011-10-26 12:06:00,4.95,14315.0,United Kingdom,44.550000000000004
562202,23171,regency tea plate green,24,2011-08-03 12:33:00,1.65,15290.0,United Kingdom,39.599999999999994
574709,85066,cream sweetheart mini chest,2,2011-11-06 14:14:00,12.75,17768.0,United Kingdom,25.5
553184,21172,party metal sign,2,2011-05-15 12:33:00,1.45,13232.0,United Kingdom,2.9
574852,37450,ceramic cake bowl + hanging cakes,2,2011-11-07 12:04:00,2.95,15493.0,United Kingdom,5.9
569653,22704,wrap red apples,75,2011-10-05 12:52:00,0.42,12451.0,Switzerland,31.5
572192,82494L,wooden frame antique white,6,2011-10-21 11:30:00,2.95,18118.0,United Kingdom,17.700000000000003
552764,22559,seaside flying disc,12,2011-05-11 11:34:00,1.25,17489.0,United Kingdom,15.0
544069,22659,lunch box i love london,12,2011-02-15 14:17:00,1.95,12616.0,France,23.4
568202,22570,feltcraft cushion rabbit,4,2011-09-25 15:01:00,3.75,15366.0,United Kingdom,15.0
572319,16046,teatime pen case & pens,1,2011-10-23 16:19:00,0.85,14704.0,United Kingdom,0.85
561923,85099B,jumbo bag red retrospot,10,2011-08-01 12:16:00,2.08,14112.0,United Kingdom,20.8
558096,22795,sweetheart recipe book stand,2,2011-06-26 13:24:00,6.75,15532.0,United Kingdom,13.5
556642,23298,spotty bunting,4,2011-06-13 15:47:00,4.95,17236.0,United Kingdom,19.8
554028,23174,regency sugar bowl green,6,2011-05-20 13:43:00,4.15,15410.0,United Kingdom,24.900000000000002
561502,84879,assorted colour bird ornament,16,2011-07-27 14:14:00,1.69,14305.0,United Kingdom,27.04
544051,85099C,jumbo  bag baroque black white,10,2011-02-15 12:40:00,1.95,16700.0,United Kingdom,19.5
561355,21789,kids rain mac pink,24,2011-07-26 14:51:00,0.85,13090.0,United Kingdom,20.4
564324,90030C,brown kukui coconut seed necklace,6,2011-08-24 13:26:00,1.0,13694.0,United Kingdom,6.0
557802,20969,red floral feltcraft shoulder bag,4,2011-06-23 10:15:00,3.75,15130.0,United Kingdom,15.0
550342,20974,12 pencils small tube skull,24,2011-04-17 15:55:00,0.65,13018.0,United Kingdom,15.600000000000001
556917,23190,bundle of 3 school exercise books,144,2011-06-15 13:37:00,1.45,12415.0,Australia,208.79999999999998
576655,23405,home sweet home 2 drawer cabinet,4,2011-11-16 10:55:00,4.95,15687.0,United Kingdom,19.8
568710,21159,moody boy  door hanger,1,2011-09-28 15:42:00,0.39,14649.0,United Kingdom,0.39
580514,23223,christmas tree hanging silver,15,2011-12-04 14:01:00,0.83,16905.0,United Kingdom,12.45
556507,21561,dinosaur lunch box with cutlery,6,2011-06-13 09:55:00,2.55,12567.0,France,15.299999999999999
581098,22072,red retrospot tea cup and saucer,12,2011-12-07 11:42:00,1.25,14911.0,EIRE,15.0
558368,20712,jumbo bag woodland animals,10,2011-06-28 15:36:00,2.08,14329.0,United Kingdom,20.8
557625,21090,set/6 collage paper plates,12,2011-06-21 14:23:00,0.39,15159.0,United Kingdom,4.68
568198,22505,memo board cottage design,2,2011-09-25 14:52:00,4.95,16771.0,United Kingdom,9.9
560302,82484,wood black board ant white finish,6,2011-07-18 10:43:00,7.95,14397.0,United Kingdom,47.7
565202,22197,popcorn holder,3,2011-09-01 16:44:00,0.85,14482.0,United Kingdom,2.55
579167,22644,ceramic cherry cake money bank,8,2011-11-28 14:06:00,1.45,16800.0,United Kingdom,11.6
550526,22977,dolly girl childrens egg cup,12,2011-04-19 10:40:00,1.25,14309.0,United Kingdom,15.0
568101,23351,roll wrap 50's christmas,24,2011-09-23 15:21:00,1.25,15978.0,United Kingdom,30.0
565383,20718,red retrospot shopper bag,1,2011-09-02 15:45:00,2.46,14096.0,United Kingdom,2.46
553061,23201,jumbo bag alphabet,4,2011-05-13 11:12:00,2.08,17238.0,United Kingdom,8.32
536632,22111,scottie dog hot water bottle,3,2010-12-02 11:02:00,4.95,14388.0,United Kingdom,14.850000000000001
566821,85099B,jumbo bag red retrospot,20,2011-09-15 11:33:00,2.08,14227.0,United Kingdom,41.6
579690,23394,poste france cushion cover,1,2011-11-30 14:03:00,3.75,15060.0,United Kingdom,3.75
545683,22469,heart of wicker small,4,2011-03-06 11:50:00,1.65,14903.0,United Kingdom,6.6
543982,22081,ribbon reel flora + fauna,10,2011-02-15 08:21:00,1.65,15358.0,United Kingdom,16.5
543124,21121,set/10 red polkadot party candles,3,2011-02-03 14:15:00,1.25,15311.0,United Kingdom,3.75
550493,21212,pack of 72 retrospot cake cases,120,2011-04-18 14:50:00,0.42,15311.0,United Kingdom,50.4
570252,22633,hand warmer union jack,12,2011-10-10 09:14:00,2.1,14665.0,United Kingdom,25.200000000000003
580319,23357,hot water bottle sex bomb,24,2011-12-02 15:39:00,1.65,15078.0,United Kingdom,39.599999999999994
556470,48188,doormat welcome puppies,2,2011-06-12 11:41:00,7.95,15291.0,United Kingdom,15.9
539261,22539,mini jigsaw dolly girl,24,2010-12-16 14:34:00,0.42,15620.0,United Kingdom,10.08
539475,22746,poppy's playhouse livingroom,2,2010-12-19 14:41:00,2.1,16686.0,United Kingdom,4.2
559155,16156L,wrap carousel,25,2011-07-06 15:49:00,0.42,13418.0,United Kingdom,10.5
549296,22767,triple photo frame cornice,2,2011-04-08 07:37:00,9.95,14619.0,United Kingdom,19.9
568148,22112,chocolate hot water bottle,24,2011-09-25 11:36:00,4.25,14135.0,United Kingdom,102.0
569236,22210,wood stamp set best wishes,1,2011-10-02 15:49:00,0.83,14432.0,United Kingdom,0.83
547413,22341,love garland painted zinc,12,2011-03-23 09:43:00,1.65,13475.0,United Kingdom,19.799999999999997
536977,21094,set/6 red spotty paper plates,10,2010-12-03 14:18:00,0.85,17954.0,United Kingdom,8.5
577228,20676,red retrospot bowl,2,2011-11-18 12:07:00,1.25,12391.0,Cyprus,2.5
557798,72351B,set/6 pink  butterfly t-lights,12,2011-06-23 09:38:00,2.1,16187.0,United Kingdom,25.200000000000003
561709,21359,relax large wood letters,2,2011-07-29 11:35:00,3.95,17790.0,United Kingdom,7.9
555340,20676,red retrospot bowl,12,2011-06-02 11:33:00,1.25,13334.0,United Kingdom,15.0
558355,10133,colouring pencils brown tube,4,2011-06-28 14:58:00,0.42,13614.0,United Kingdom,1.68
564172,22646,ceramic strawberry cake money bank,8,2011-08-23 14:19:00,1.45,16033.0,United Kingdom,11.6
573373,84991,60 teatime fairy cake cases,1,2011-10-30 13:37:00,0.55,14684.0,United Kingdom,0.55
540802,22423,regency cakestand 3 tier,16,2011-01-11 12:29:00,10.95,15189.0,United Kingdom,175.2
556071,82583,hot baths metal sign,12,2011-06-08 14:52:00,2.1,15974.0,United Kingdom,25.200000000000003
573778,22112,chocolate hot water bottle,24,2011-11-01 10:56:00,4.25,18092.0,United Kingdom,102.0
571461,21647,assorted tutti frutti large purse,1,2011-10-17 14:12:00,2.1,16932.0,United Kingdom,2.1
540240,22610,pens assorted funny face,36,2011-01-05 15:09:00,0.21,17585.0,United Kingdom,7.56
537595,21479,white skull hot water bottle,1,2010-12-07 12:29:00,3.75,13569.0,United Kingdom,3.75
573083,22358,kings choice tea caddy,3,2011-10-27 14:22:00,2.95,13735.0,United Kingdom,8.850000000000001
576899,22624,ivory kitchen scales,2,2011-11-17 08:49:00,8.5,14911.0,EIRE,17.0
546843,21680,woodland  stickers,12,2011-03-17 12:40:00,0.85,12472.0,Germany,10.2
547063,22673,french garden sign blue metal,2,2011-03-20 13:33:00,1.25,14769.0,United Kingdom,2.5
553005,22479,daisy garden marker,7,2011-05-12 16:29:00,1.25,14651.0,United Kingdom,8.75
569653,84997D,childrens cutlery polkadot pink,8,2011-10-05 12:52:00,4.15,12451.0,Switzerland,33.2
560862,22178,victorian glass hanging t-light,12,2011-07-21 13:48:00,1.25,14085.0,United Kingdom,15.0
566021,21498,red retrospot wrap,25,2011-09-08 12:47:00,0.42,15306.0,United Kingdom,10.5
545327,21428,set3 book box green gingham flower,3,2011-03-01 15:16:00,4.25,13166.0,United Kingdom,12.75
572219,23343,jumbo bag vintage christmas,2,2011-10-21 13:17:00,2.08,17463.0,United Kingdom,4.16
556258,22992,revolver wooden ruler,24,2011-06-09 17:48:00,1.95,12694.0,France,46.8
562219,84050,pink heart shape egg frying pan,6,2011-08-03 14:14:00,1.65,15089.0,United Kingdom,9.899999999999999
560415,85066,cream sweetheart mini chest,2,2011-07-18 14:36:00,12.75,15152.0,United Kingdom,25.5
555413,22433,watering can green dinosaur,1,2011-06-03 09:50:00,1.95,17994.0,United Kingdom,1.95
547058,21870,i can only please one person mug,12,2011-03-20 12:44:00,1.25,14232.0,United Kingdom,15.0
576213,16216,letter shape pencil sharpener,80,2011-11-14 12:47:00,0.06,18117.0,United Kingdom,4.8
544411,21232,strawberry ceramic trinket box,12,2011-02-18 14:18:00,1.25,13799.0,United Kingdom,15.0
579516,22939,adult apron apple delight,1,2011-11-29 17:52:00,4.95,17841.0,United Kingdom,4.95
572294,23295,set of 12 mini loaf baking cases,8,2011-10-23 13:10:00,0.83,13471.0,United Kingdom,6.64
576932,23328,set 6 school milk bottles in crate,2,2011-11-17 11:12:00,3.75,15443.0,United Kingdom,7.5
563354,21070,vintage billboard mug,2,2011-08-15 14:35:00,1.25,15271.0,United Kingdom,2.5
571064,21620,set of 4 rose botanical candles,1,2011-10-13 14:48:00,1.25,17181.0,United Kingdom,1.25
571442,23100,silver bells table decoration,12,2011-10-17 13:39:00,1.25,17049.0,United Kingdom,15.0
573903,22558,clothes pegs retrospot pack 24,2,2011-11-01 14:51:00,1.65,14667.0,United Kingdom,3.3
554098,23144,zinc t-light holder stars small,12,2011-05-22 13:01:00,0.83,14769.0,United Kingdom,9.959999999999999
578278,22306,silver mug bone china tree of life,6,2011-11-23 13:51:00,1.06,12748.0,United Kingdom,6.36
581101,23137,zinc wire sweetheart letter tray,5,2011-12-07 11:48:00,1.25,17835.0,United Kingdom,6.25
558871,20725,lunch bag red retrospot,100,2011-07-04 13:19:00,1.45,12557.0,Spain,145.0
561893,22507,memo board retrospot  design,2,2011-07-31 14:39:00,4.95,12942.0,United Kingdom,9.9
567890,22623,box of vintage jigsaw blocks,3,2011-09-22 15:40:00,5.95,14125.0,United Kingdom,17.85
545338,21868,potting shed tea mug,2,2011-03-01 17:32:00,1.25,17449.0,United Kingdom,2.5
577300,22114,hot water bottle tea and sympathy,2,2011-11-18 12:53:00,4.25,16924.0,United Kingdom,8.5
563538,21989,pack of 20 skull paper napkins,1,2011-08-17 11:48:00,0.85,17841.0,United Kingdom,0.85
536956,85152,hand over the chocolate   sign,12,2010-12-03 12:43:00,2.1,14210.0,United Kingdom,25.200000000000003
543645,22386,jumbo bag pink polkadot,1,2011-02-10 17:54:00,1.95,17609.0,United Kingdom,1.95
576339,22144,christmas craft little friends,9,2011-11-14 15:27:00,4.13,14096.0,United Kingdom,37.17
538184,22053,empire design rosette,10,2010-12-10 10:21:00,1.25,17880.0,United Kingdom,12.5
544463,90160C,turq+red boudicca large bracelet,1,2011-02-20 14:31:00,6.95,12988.0,United Kingdom,6.95
553141,22907,pack of 20 napkins pantry design,8,2011-05-13 13:01:00,0.85,15907.0,United Kingdom,6.8
557064,21067,vintage red teatime mug,1,2011-06-16 15:07:00,1.25,13263.0,United Kingdom,1.25
546580,20719,woodland charlotte bag,20,2011-03-15 11:09:00,0.85,14911.0,EIRE,17.0
560053,85132C,charlie and lola figures tins,12,2011-07-14 15:44:00,1.95,17612.0,United Kingdom,23.4
548714,22699,roses regency teacup and saucer,1,2011-04-03 15:07:00,2.95,17337.0,United Kingdom,2.95
563912,23199,jumbo bag apples,10,2011-08-21 12:58:00,2.08,17675.0,United Kingdom,20.8
569123,22197,popcorn holder,3,2011-09-30 13:09:00,0.85,12748.0,United Kingdom,2.55
578852,20749,assorted colour mini cases,1,2011-11-27 11:12:00,7.95,17841.0,United Kingdom,7.95
581401,23284,doormat keep calm and come in,4,2011-12-08 13:43:00,8.25,17644.0,United Kingdom,33.0
567816,82494L,wooden frame antique white,6,2011-09-22 12:34:00,2.95,17243.0,United Kingdom,17.700000000000003
542898,22649,strawberry fairy cake teapot,1,2011-02-01 14:01:00,4.95,16110.0,United Kingdom,4.95
550938,20679,edwardian parasol red,3,2011-04-21 15:16:00,5.95,16019.0,United Kingdom,17.85
565388,22685,french blue metal door sign 0,4,2011-09-02 15:56:00,1.25,14415.0,United Kingdom,5.0
537773,21984,pack of 12 pink paisley tissues,1,2010-12-08 12:36:00,0.29,16016.0,United Kingdom,0.29
577893,22111,scottie dog hot water bottle,2,2011-11-22 11:47:00,4.95,17073.0,United Kingdom,9.9
538488,35971,rose folkart heart decorations,6,2010-12-12 12:41:00,1.25,13715.0,United Kingdom,7.5
554392,22426,enamel wash bowl cream,1,2011-05-24 12:04:00,3.75,14534.0,United Kingdom,3.75
572194,79030D,tumbler baroque,6,2011-10-21 11:43:00,0.39,17832.0,United Kingdom,2.34
560590,23243,set of tea coffee sugar tins pantry,4,2011-07-19 15:55:00,4.95,12560.0,Germany,19.8
569246,21929,jumbo bag pink vintage paisley,1,2011-10-03 09:57:00,4.13,14096.0,United Kingdom,4.13
536799,22745,poppy's playhouse bedroom,2,2010-12-02 16:00:00,2.1,17228.0,United Kingdom,4.2
538369,84029E,red woolly hottie white heart.,5,2010-12-12 11:06:00,3.75,17251.0,United Kingdom,18.75
573121,23581,jumbo bag paisley park,10,2011-10-27 16:22:00,2.08,15498.0,United Kingdom,20.8
573029,23382,box of 6 christmas cake decorations,4,2011-10-27 13:33:00,3.75,14971.0,United Kingdom,15.0
538171,22417,pack of 60 spaceboy cake cases,3,2010-12-09 20:01:00,0.55,17530.0,United Kingdom,1.6500000000000001
573143,48138,doormat union flag,10,2011-10-27 17:56:00,7.08,13098.0,United Kingdom,70.8
578133,22865,hand warmer owl design,12,2011-11-23 10:55:00,2.1,14205.0,United Kingdom,25.200000000000003
573364,84950,assorted colour t-light holder,12,2011-10-30 13:09:00,0.65,14710.0,United Kingdom,7.800000000000001
566295,21179,no junk mail metal sign,2,2011-09-11 15:44:00,0.39,15547.0,United Kingdom,0.78
566557,23390,dolly girl mini backpack,50,2011-09-13 11:47:00,3.75,14646.0,Netherlands,187.5
579435,22795,sweetheart recipe book stand,4,2011-11-29 13:20:00,6.75,16782.0,United Kingdom,27.0
581179,23254,childrens cutlery dolly girl,4,2011-12-07 15:43:00,4.15,12471.0,Germany,16.6
543653,22131,food container set 3 love heart,2,2011-02-11 10:26:00,1.95,14796.0,United Kingdom,3.9
552291,21240,blue polkadot cup,8,2011-05-08 14:00:00,0.85,15421.0,United Kingdom,6.8
578074,23330,decorative wicker heart medium,3,2011-11-22 16:06:00,1.25,17590.0,United Kingdom,3.75
580541,22026,banquet birthday  card,12,2011-12-05 09:03:00,0.42,15358.0,United Kingdom,5.04
580140,21231,sweetheart ceramic trinket box,12,2011-12-02 09:19:00,1.25,14895.0,United Kingdom,15.0
539471,22375,airline bag vintage jet set brown,1,2010-12-19 14:16:00,4.25,17358.0,United Kingdom,4.25
579472,21878,pack of 6 sandcastle flags assorted,1,2011-11-29 15:09:00,0.85,13521.0,United Kingdom,0.85
576190,21094,set/6 red spotty paper plates,1,2011-11-14 11:46:00,0.85,15039.0,United Kingdom,0.85
539731,21218,red spotty biscuit tin,48,2010-12-21 15:05:00,3.25,14646.0,Netherlands,156.0
553524,22691,doormat welcome sunrise,1,2011-05-17 14:46:00,7.95,15570.0,United Kingdom,7.95
581473,20718,red retrospot shopper bag,1,2011-12-08 19:57:00,1.25,12748.0,United Kingdom,1.25
550918,22442,grow your own flowers set of 3,2,2011-04-21 14:03:00,7.95,17630.0,United Kingdom,15.9
537335,22186,red star card holder,5,2010-12-06 12:15:00,2.95,15048.0,United Kingdom,14.75
566291,22193,red diner wall clock,1,2011-09-11 15:31:00,8.5,12965.0,United Kingdom,8.5
538872,22727,alarm clock bakelike red,8,2010-12-14 15:13:00,3.75,13097.0,United Kingdom,30.0
543978,20971,pink blue felt craft trinket box,3,2011-02-14 15:37:00,1.25,12867.0,United Kingdom,3.75
576640,84947,antique silver tea glass engraved,36,2011-11-16 09:44:00,1.25,13894.0,United Kingdom,45.0
573300,84050,pink heart shape egg frying pan,1,2011-10-28 16:10:00,1.65,16049.0,United Kingdom,1.65
567302,22141,christmas craft tree top angel,12,2011-09-19 13:02:00,2.1,15058.0,United Kingdom,25.200000000000003
550342,22644,ceramic cherry cake money bank,12,2011-04-17 15:55:00,1.45,13018.0,United Kingdom,17.4
538558,22346,party pizza dish green polkadot,24,2010-12-13 10:58:00,0.21,13069.0,United Kingdom,5.04
580278,22413,metal sign take it or leave it,3,2011-12-02 13:11:00,2.95,13560.0,United Kingdom,8.850000000000001
566017,22431,watering can blue elephant,12,2011-09-08 12:27:00,1.95,13330.0,United Kingdom,23.4
567853,22726,alarm clock bakelike green,2,2011-09-22 13:31:00,3.75,15484.0,United Kingdom,7.5
557972,POST,postage,2,2011-06-24 10:16:00,18.0,12500.0,Germany,36.0
569022,23027,drawer knob vintage glass hexagon,12,2011-09-30 09:45:00,2.08,17725.0,United Kingdom,24.96
556023,85099C,jumbo  bag baroque black white,4,2011-06-08 12:21:00,2.08,14527.0,United Kingdom,8.32
542659,21080,set/20 red retrospot paper napkins,24,2011-01-31 12:09:00,0.85,15738.0,United Kingdom,20.4
579493,23103,jingle bell heart decoration,24,2011-11-29 15:24:00,1.65,15570.0,United Kingdom,39.599999999999994
554998,84987,set of 36 teatime paper doilies,4,2011-05-29 15:35:00,1.45,15925.0,United Kingdom,5.8
557892,22900,set 2 tea towels i love london,2,2011-06-23 14:11:00,3.25,14534.0,United Kingdom,6.5
569661,84946,antique silver t-light glass,12,2011-10-05 13:10:00,1.25,17483.0,United Kingdom,15.0
576597,85049A,traditional christmas ribbons,12,2011-11-15 14:57:00,1.25,14194.0,United Kingdom,15.0
571032,23093,small parisienne heart photo frame,1,2011-10-13 12:38:00,2.49,13827.0,United Kingdom,2.49
540798,85204,hanging wood and felt flower,12,2011-01-11 12:11:00,0.42,17365.0,United Kingdom,5.04
544447,84459B,yellow metal chicken heart,3,2011-02-20 11:39:00,1.49,16466.0,United Kingdom,4.47
551014,22972,children's spaceboy mug,12,2011-04-26 11:04:00,1.65,13209.0,United Kingdom,19.799999999999997
562039,22662,lunch bag dolly girl design,10,2011-08-02 09:55:00,1.65,12593.0,France,16.5
575181,21929,jumbo bag pink vintage paisley,10,2011-11-09 08:21:00,2.08,14709.0,United Kingdom,20.8
538807,22168,organiser wood antique white,1,2010-12-14 12:06:00,8.5,17194.0,United Kingdom,8.5
568001,85123A,white hanging heart t-light holder,12,2011-09-23 11:35:00,2.95,12540.0,Spain,35.400000000000006
571117,22114,hot water bottle tea and sympathy,4,2011-10-13 17:51:00,4.25,16224.0,United Kingdom,17.0
552669,15039,sandalwood fan,4,2011-05-10 15:05:00,0.85,16710.0,United Kingdom,3.4
557492,20996,jazz hearts address book,24,2011-06-20 15:08:00,0.19,13717.0,United Kingdom,4.5600000000000005
545417,22843,biscuit tin vintage green,2,2011-03-02 13:42:00,6.75,15622.0,United Kingdom,13.5
546030,85176,sewing susan 21 needle set,12,2011-03-09 08:59:00,0.85,14013.0,United Kingdom,10.2
562578,22568,feltcraft cushion owl,4,2011-08-07 13:17:00,3.75,14331.0,United Kingdom,15.0
557129,23166,medium ceramic top storage jar,2,2011-06-16 19:59:00,1.25,17841.0,United Kingdom,2.5
573276,22662,lunch bag dolly girl design,20,2011-10-28 13:14:00,1.65,13985.0,United Kingdom,33.0
574701,20992,jazz hearts purse notebook,4,2011-11-06 13:54:00,0.39,15426.0,United Kingdom,1.56
558159,47566,party bunting,1,2011-06-27 11:50:00,4.95,16904.0,United Kingdom,4.95
549309,21914,blue harmonica in box,12,2011-04-08 09:15:00,1.25,15114.0,United Kingdom,15.0
560203,22615,pack of 12 circus parade tissues,2,2011-07-15 13:13:00,0.29,15311.0,United Kingdom,0.58
563680,23294,set of 6 snack loaf baking cases,8,2011-08-18 12:06:00,0.83,18272.0,United Kingdom,6.64
578846,21790,vintage snap cards,10,2011-11-25 17:27:00,0.85,17757.0,United Kingdom,8.5
539010,20713,jumbo bag owls,2,2010-12-15 13:24:00,1.95,15005.0,United Kingdom,3.9
570458,21485,retrospot heart hot water bottle,1,2011-10-10 15:39:00,4.95,14535.0,United Kingdom,4.95
557639,22570,feltcraft cushion rabbit,1,2011-06-21 16:13:00,3.75,12933.0,United Kingdom,3.75
539019,22693,grow a flytrap or sunflower in tin,24,2010-12-15 14:12:00,1.25,17551.0,United Kingdom,30.0
569019,84946,antique silver t-light glass,24,2011-09-30 09:38:00,1.25,15602.0,United Kingdom,30.0
546422,84406B,cream cupid hearts coat hanger,1,2011-03-13 11:38:00,4.15,15547.0,United Kingdom,4.15
539043,22837,hot water bottle babushka,4,2010-12-15 15:45:00,4.65,12928.0,United Kingdom,18.6
571665,22592,cardholder holly wreath metal,8,2011-10-18 12:59:00,3.75,12540.0,Spain,30.0
561197,22904,calendar paper cut design,6,2011-07-25 14:35:00,2.95,16364.0,United Kingdom,17.700000000000003
560997,20725,lunch bag red retrospot,20,2011-07-22 13:59:00,1.65,12627.0,Germany,33.0
573576,21947,set of 6 heart chopsticks,3,2011-10-31 14:09:00,2.46,14096.0,United Kingdom,7.38
555257,20974,12 pencils small tube skull,48,2011-06-01 15:28:00,0.65,17596.0,United Kingdom,31.200000000000003
555920,21523,doormat fancy font home sweet home,200,2011-06-07 16:35:00,4.58,18102.0,United Kingdom,916.0
570594,23389,spaceboy mini backpack,4,2011-10-11 11:43:00,4.15,13517.0,United Kingdom,16.6
558770,22131,food container set 3 love heart,1,2011-07-03 15:19:00,1.95,12748.0,United Kingdom,1.95
576538,21479,white skull hot water bottle,10,2011-11-15 12:42:00,4.25,14725.0,United Kingdom,42.5
574547,21162,toxic area  door hanger,1,2011-11-04 15:08:00,0.39,17841.0,United Kingdom,0.39
577174,23266,set of 3 wooden stocking decoration,2,2011-11-18 10:58:00,1.25,17841.0,United Kingdom,2.5
555703,21930,jumbo storage bag skulls,10,2011-06-06 15:06:00,2.08,15379.0,United Kingdom,20.8
549129,22132,red love heart shape cup,1,2011-04-06 14:53:00,0.85,17042.0,United Kingdom,0.85
555543,23147,single antique rose hook ivory,24,2011-06-05 12:59:00,1.45,13089.0,United Kingdom,34.8
547063,21774,decorative cats bathroom bottle,12,2011-03-20 13:33:00,1.25,14769.0,United Kingdom,15.0
547491,22077,6 ribbons rustic charm,12,2011-03-23 12:05:00,1.65,17096.0,United Kingdom,19.799999999999997
565922,22076,6 ribbons empire,12,2011-09-08 09:51:00,1.65,14116.0,United Kingdom,19.799999999999997
578678,23220,reindeer heart decoration gold,1,2011-11-24 19:59:00,0.83,17841.0,United Kingdom,0.83
536412,22328,round snack boxes set of 4 fruits,1,2010-12-01 11:49:00,2.95,17920.0,United Kingdom,2.95
567138,22624,ivory kitchen scales,2,2011-09-16 14:39:00,8.5,17652.0,United Kingdom,17.0
551869,22713,card i love london,24,2011-05-04 16:36:00,0.42,16767.0,United Kingdom,10.08
569223,22817,card suki birthday,12,2011-10-02 13:49:00,0.42,16283.0,United Kingdom,5.04
560555,21983,pack of 12 blue paisley tissues,2,2011-07-19 13:01:00,0.29,14178.0,United Kingdom,0.58
556470,22853,cat bowl vintage cream,6,2011-06-12 11:41:00,3.25,15291.0,United Kingdom,19.5
578357,22630,dolly girl lunch box,2,2011-11-24 10:24:00,1.95,17228.0,United Kingdom,3.9
565616,23550,wrap alphabet poster,25,2011-09-05 15:26:00,0.42,15238.0,United Kingdom,10.5
559557,23173,regency teapot roses,2,2011-07-11 10:33:00,9.95,17444.0,Canada,19.9
552302,84692,box of 24 cocktail parasols,2,2011-05-08 14:59:00,0.42,14606.0,United Kingdom,0.84
555572,21791,vintage heads and tails card game,12,2011-06-05 15:37:00,1.25,12449.0,Belgium,15.0
542996,84879,assorted colour bird ornament,24,2011-02-02 12:10:00,1.69,15046.0,United Kingdom,40.56
572918,21507,elephant birthday card,12,2011-10-26 16:43:00,0.42,14379.0,United Kingdom,5.04
578043,23569,tradtional alphabet stamp set,4,2011-11-22 14:39:00,4.95,12474.0,Germany,19.8
579167,22059,ceramic strawberry design mug,2,2011-11-28 14:06:00,1.49,16800.0,United Kingdom,2.98
559029,23123,cocktail swords 50 pieces,12,2011-07-05 14:42:00,0.83,16316.0,United Kingdom,9.959999999999999
573335,85049G,chocolate box ribbons,2,2011-10-30 11:35:00,1.25,15059.0,United Kingdom,2.5
561113,15056BL,edwardian parasol black,1,2011-07-25 12:09:00,5.95,17841.0,United Kingdom,5.95
574328,84692,box of 24 cocktail parasols,50,2011-11-04 09:05:00,0.42,13081.0,United Kingdom,21.0
560360,22893,mini cake stand t-light holder,24,2011-07-18 11:55:00,0.42,12744.0,Singapore,10.08
575504,21216,"set 3 retrospot tea,coffee,sugar",4,2011-11-10 10:29:00,4.95,14895.0,United Kingdom,19.8
575036,23343,jumbo bag vintage christmas,20,2011-11-08 11:45:00,2.08,15249.0,United Kingdom,41.6
569216,21328,balloons  writing set,3,2011-10-02 12:41:00,1.65,15555.0,United Kingdom,4.949999999999999
538378,22110,bird house hot water bottle,1,2010-12-12 11:26:00,2.55,14577.0,United Kingdom,2.55
557350,22720,set of 3 cake tins pantry design,3,2011-06-20 10:41:00,4.95,16670.0,United Kingdom,14.850000000000001
571441,85049G,chocolate box ribbons,1,2011-10-17 13:31:00,2.46,14096.0,United Kingdom,2.46
566173,22028,penny farthing birthday card,24,2011-09-09 12:24:00,0.42,12787.0,Netherlands,10.08
574038,21314,small glass heart trinket pot,8,2011-11-02 12:56:00,2.1,18164.0,United Kingdom,16.8
575481,22630,dolly girl lunch box,4,2011-11-09 16:28:00,1.95,15679.0,United Kingdom,7.8
563347,22568,feltcraft cushion owl,4,2011-08-15 13:46:00,3.75,16961.0,United Kingdom,15.0
544096,22084,paper chain kit empire,6,2011-02-16 09:45:00,2.95,14386.0,United Kingdom,17.700000000000003
537298,21014,swiss chalet tree decoration,12,2010-12-06 11:37:00,0.85,13497.0,United Kingdom,10.2
565926,23266,set of 3 wooden stocking decoration,24,2011-09-08 10:02:00,1.25,13305.0,United Kingdom,30.0
560265,21503,toybox  wrap,25,2011-07-17 13:48:00,0.42,17863.0,United Kingdom,10.5
579141,23379,pack of 12 red apple tissues,1,2011-11-28 13:06:00,0.39,17019.0,United Kingdom,0.39
576899,15056BL,edwardian parasol black,3,2011-11-17 08:49:00,5.95,14911.0,EIRE,17.85
572746,23227,filigree heart butterfly white,3,2011-10-25 16:30:00,1.25,13263.0,United Kingdom,3.75
580735,23203,jumbo bag vintage doily,10,2011-12-06 08:52:00,2.08,17728.0,United Kingdom,20.8
572521,22576,swallow wooden christmas decoration,12,2011-10-24 15:19:00,0.85,15844.0,United Kingdom,10.2
576339,84032B,charlie + lola red hot water bottle,3,2011-11-14 15:27:00,3.29,14096.0,United Kingdom,9.870000000000001
569100,23389,spaceboy mini backpack,2,2011-09-30 12:19:00,4.15,12748.0,United Kingdom,8.3
571201,22568,feltcraft cushion owl,12,2011-10-14 12:28:00,3.39,14937.0,Channel Islands,40.68
550819,22269,egg cup natural chicken,5,2011-04-20 17:37:00,1.25,17530.0,United Kingdom,6.25
567374,85099B,jumbo bag red retrospot,100,2011-09-20 09:40:00,1.79,15341.0,United Kingdom,179.0
559930,23175,regency milk jug pink,12,2011-07-14 09:22:00,3.25,17738.0,United Kingdom,39.0
570724,22622,box of vintage alphabet blocks,2,2011-10-12 11:22:00,11.95,12602.0,France,23.9
548405,85123A,white hanging heart t-light holder,6,2011-03-31 09:48:00,2.95,17088.0,United Kingdom,17.700000000000003
557328,23243,set of tea coffee sugar tins pantry,1,2011-06-20 09:53:00,4.95,14646.0,Netherlands,4.95
557570,22983,card billboard font,12,2011-06-21 10:48:00,0.42,15998.0,United Kingdom,5.04
581252,22563,happy stencil craft,12,2011-12-08 11:02:00,1.25,14129.0,United Kingdom,15.0
544817,POST,postage,2,2011-02-23 16:44:00,18.0,12437.0,France,36.0
544476,22403,magnets pack of 4 vintage labels,1,2011-02-21 09:58:00,1.25,14796.0,United Kingdom,1.25
567186,22911,paper chain kit london,3,2011-09-18 16:04:00,2.95,17073.0,United Kingdom,8.850000000000001
563613,22354,retrospot padded seat cushion,30,2011-08-18 08:49:00,3.39,12688.0,Israel,101.7
566726,23321,small white heart of wicker,1,2011-09-14 13:12:00,1.65,15021.0,United Kingdom,1.65
578510,23196,vintage leaf magnetic notepad,2,2011-11-24 13:25:00,1.45,14056.0,United Kingdom,2.9
553844,22620,4 traditional spinning tops,12,2011-05-19 12:36:00,1.45,13450.0,United Kingdom,17.4
568046,85099C,jumbo  bag baroque black white,1,2011-09-23 12:16:00,2.08,18118.0,United Kingdom,2.08
575269,22774,red drawer knob acrylic edwardian,24,2011-11-09 12:08:00,1.25,17865.0,United Kingdom,30.0
551516,21179,no junk mail metal sign,1,2011-05-01 11:10:00,1.25,14800.0,United Kingdom,1.25
545595,22311,office mug warmer black+silver,1,2011-03-04 10:39:00,2.95,14570.0,United Kingdom,2.95
545085,21755,love building block word,1,2011-02-28 11:19:00,5.95,15039.0,United Kingdom,5.95
574678,22548,heads and tails sporting fun,12,2011-11-06 12:36:00,1.25,13365.0,United Kingdom,15.0
553035,20846,zinc heart lattice t-light holder,1,2011-05-12 20:13:00,1.25,17337.0,United Kingdom,1.25
573078,23473,woodland small red felt heart,12,2011-10-27 14:13:00,0.83,12839.0,United Kingdom,9.959999999999999
552975,22919,herb marker mint,12,2011-05-12 13:58:00,0.65,17932.0,United Kingdom,7.800000000000001
566290,20754,retrospot red washing up gloves,1,2011-09-11 15:24:00,2.1,14456.0,United Kingdom,2.1
560792,22669,red baby bunting,5,2011-07-21 10:32:00,2.95,15189.0,United Kingdom,14.75
572669,85123A,white hanging heart t-light holder,4,2011-10-25 13:10:00,2.95,16549.0,United Kingdom,11.8
579067,23242,treasure tin buffalo bill,6,2011-11-28 10:31:00,2.08,14470.0,United Kingdom,12.48
545657,48188,doormat welcome puppies,2,2011-03-04 14:02:00,7.95,14911.0,EIRE,15.9
571844,22197,popcorn holder,24,2011-10-19 12:30:00,0.85,17101.0,United Kingdom,20.4
544169,84251B,"greeting card, sticky gordon",12,2011-02-16 13:44:00,0.19,13078.0,United Kingdom,2.2800000000000002
537218,22751,feltcraft princess olivia doll,8,2010-12-05 15:46:00,3.75,12763.0,Japan,30.0
558993,22995,travel card wallet suki,24,2011-07-05 11:49:00,0.42,16729.0,United Kingdom,10.08
569246,21031,space cadet black,1,2011-10-03 09:57:00,2.46,14096.0,United Kingdom,2.46
547717,21172,party metal sign,12,2011-03-25 08:53:00,1.45,16833.0,United Kingdom,17.4
545702,22296,heart ivory trellis large,1,2011-03-06 15:21:00,1.65,14247.0,United Kingdom,1.65
545031,20978,36 pencils tube skulls,16,2011-02-25 15:35:00,1.25,15990.0,United Kingdom,20.0
574629,79321,chilli lights,1,2011-11-06 11:21:00,5.75,16326.0,United Kingdom,5.75
548701,22629,spaceboy lunch box,3,2011-04-03 11:36:00,1.95,17629.0,United Kingdom,5.85
560724,22727,alarm clock bakelike red,8,2011-07-20 13:55:00,3.75,16186.0,United Kingdom,30.0
540475,21121,set/10 red polkadot party candles,4,2011-01-07 14:43:00,1.25,15311.0,United Kingdom,5.0
580355,47590B,pink happy birthday bunting,8,2011-12-02 16:04:00,5.45,13953.0,United Kingdom,43.6
544837,22957,set 3 paper vintage chick paper egg,3,2011-02-24 10:29:00,2.95,15910.0,United Kingdom,8.850000000000001
545014,85099F,jumbo bag strawberry,10,2011-02-25 13:15:00,1.95,18223.0,United Kingdom,19.5
557884,21714,citronella candle garden pot,18,2011-06-23 13:35:00,1.25,17759.0,United Kingdom,22.5
564060,22555,plasters in tin strongman,3,2011-08-22 14:37:00,1.65,17073.0,United Kingdom,4.949999999999999
547565,22086,paper chain kit 50's christmas,40,2011-03-24 09:21:00,2.55,13035.0,United Kingdom,102.0
561193,22752,set 7 babushka nesting boxes,4,2011-07-25 13:46:00,8.5,13296.0,United Kingdom,34.0
573324,21352,eucalyptus & pinecone  wreath,12,2011-10-30 10:56:00,2.95,16235.0,United Kingdom,35.400000000000006
561917,21033,jumbo bag charlie and lola toys,1,2011-08-01 11:57:00,2.08,16904.0,United Kingdom,2.08
572703,20971,pink blue felt craft trinket box,2,2011-10-25 14:35:00,1.25,16110.0,United Kingdom,2.5
563955,23239,set of 4 knick knack tins poppies,6,2011-08-22 11:00:00,4.15,16652.0,United Kingdom,24.900000000000002
544769,21207,skull and crossbones  garland,48,2011-02-23 11:11:00,1.45,16422.0,United Kingdom,69.6
555245,22432,watering can pink bunny,4,2011-06-01 14:12:00,1.95,14800.0,United Kingdom,7.8
562928,85172,hyacinth bulb t-light candles,32,2011-08-10 15:29:00,0.42,15494.0,United Kingdom,13.44
563569,21931,jumbo storage bag suki,10,2011-08-17 14:47:00,2.08,18257.0,United Kingdom,20.8
537692,82583,hot baths metal sign,8,2010-12-08 10:40:00,2.1,14796.0,United Kingdom,16.8
543188,22613,pack of 20 spaceboy napkins,12,2011-02-04 11:45:00,0.85,12567.0,France,10.2
569005,47566,party bunting,4,2011-09-29 18:30:00,4.95,16268.0,United Kingdom,19.8
581402,22980,pantry scrubbing brush,3,2011-12-08 13:45:00,1.65,14653.0,United Kingdom,4.949999999999999
575723,23202,jumbo bag vintage leaf,10,2011-11-10 18:33:00,2.08,14748.0,United Kingdom,20.8
575745,23681,lunch bag red vintage doily,10,2011-11-11 10:14:00,1.65,16458.0,United Kingdom,16.5
562468,21668,red stripe ceramic drawer knob,3,2011-08-05 11:52:00,1.25,16928.0,United Kingdom,3.75
553159,23255,childrens cutlery circus parade,4,2011-05-13 15:25:00,4.15,14194.0,United Kingdom,16.6
577497,22940,feltcraft christmas fairy,1,2011-11-20 12:22:00,4.25,17555.0,United Kingdom,4.25
573548,20677,pink polkadot bowl,6,2011-10-31 13:22:00,1.25,13680.0,United Kingdom,7.5
566275,23377,pack of 12 dolly girl tissues,12,2011-09-11 13:58:00,0.39,16549.0,United Kingdom,4.68
562649,22322,bird decoration green polkadot,2,2011-08-08 13:11:00,0.85,14606.0,United Kingdom,1.7
541138,79191C,retro plastic elephant tray,12,2011-01-14 10:42:00,0.85,12553.0,France,10.2
554103,22998,travel card wallet keep calm,5,2011-05-22 13:51:00,0.42,15555.0,United Kingdom,2.1
569894,22959,wrap christmas village,25,2011-10-06 15:53:00,0.42,15707.0,United Kingdom,10.5
568075,47567B,tea time kitchen apron,1,2011-09-23 14:21:00,5.95,14652.0,United Kingdom,5.95
565682,21231,sweetheart ceramic trinket box,8,2011-09-06 10:42:00,1.25,14796.0,United Kingdom,10.0
552007,22429,enamel measuring jug cream,4,2011-05-05 16:56:00,4.25,13269.0,United Kingdom,17.0
564742,22383,lunch bag suki design,2,2011-08-28 15:01:00,1.65,17346.0,United Kingdom,3.3
556937,22189,cream heart card holder,4,2011-06-15 16:05:00,3.95,17716.0,United Kingdom,15.8
579443,23016,glass twist bon bon jar,2,2011-11-29 13:40:00,7.85,16479.0,United Kingdom,15.7
543389,15044B,blue paper parasol,1,2011-02-08 09:56:00,2.95,17841.0,United Kingdom,2.95
545660,22961,jam making set printed,6,2011-03-04 14:28:00,1.45,17191.0,United Kingdom,8.7
547350,21790,vintage snap cards,24,2011-03-22 12:05:00,0.85,17272.0,United Kingdom,20.4
566674,23378,pack of 12 50's christmas tissues,24,2011-09-14 11:41:00,0.39,15105.0,United Kingdom,9.36
540946,82613B,"metal sign,cupcake single hook",20,2011-01-12 12:43:00,0.42,12359.0,Cyprus,8.4
571547,84078A,set/4 white retro storage cubes,1,2011-10-18 07:43:00,39.95,17679.0,United Kingdom,39.95
572274,22434,balloon pump with 10 balloons,1,2011-10-21 16:48:00,1.95,14031.0,United Kingdom,1.95
554964,21122,set/10 pink polkadot party candles,2,2011-05-27 15:57:00,1.25,15867.0,United Kingdom,2.5
539262,84951A,set of 4 pistachio lovebird coaster,12,2010-12-16 14:35:00,0.85,15789.0,United Kingdom,10.2
564554,22720,set of 3 cake tins pantry design,4,2011-08-25 19:39:00,4.95,17189.0,United Kingdom,19.8
557805,23165,large ceramic top storage jar,12,2011-06-23 10:27:00,1.65,17651.0,United Kingdom,19.799999999999997
575726,23215,jingle bell heart antique silver,1,2011-11-10 19:12:00,2.08,16791.0,United Kingdom,2.08
541110,21179,no junk mail metal sign,1,2011-01-13 15:11:00,1.25,15916.0,United Kingdom,1.25
542227,22801,antique glass pedestal bowl,4,2011-01-26 13:33:00,3.75,14243.0,United Kingdom,15.0
565384,23322,large white heart of wicker,6,2011-09-02 15:45:00,2.95,13507.0,United Kingdom,17.700000000000003
559931,23040,paper lantern 9 point snow star,3,2011-07-14 09:23:00,5.75,17738.0,United Kingdom,17.25
559538,22666,recipe box pantry yellow design,1,2011-07-10 12:25:00,2.95,16880.0,United Kingdom,2.95
570793,23400,shelf with 4 hooks home sweet home,4,2011-10-12 12:08:00,6.25,12444.0,Norway,25.0
547666,22759,set of 3 notebooks in parcel,24,2011-03-24 13:23:00,1.65,14235.0,United Kingdom,39.599999999999994
578707,21429,red gingham rose jewellery box,4,2011-11-25 11:20:00,1.95,17870.0,United Kingdom,7.8
551286,84879,assorted colour bird ornament,48,2011-04-27 14:16:00,1.69,13767.0,United Kingdom,81.12
568193,48185,doormat fairy cake,10,2011-09-25 14:37:00,7.08,17107.0,United Kingdom,70.8
541518,22975,spaceboy childrens egg cup,12,2011-01-19 09:05:00,1.25,12451.0,Switzerland,15.0
540374,21670,blue spot ceramic drawer knob,12,2011-01-06 17:19:00,1.25,15845.0,United Kingdom,15.0
543815,21896,potting shed twine,2,2011-02-13 15:18:00,2.1,17255.0,United Kingdom,4.2
577536,23275,set of 3 hanging owls ollie beak,1,2011-11-20 14:14:00,1.25,15850.0,United Kingdom,1.25
559672,22063,ceramic bowl with strawberry design,1,2011-07-11 14:04:00,2.95,14796.0,United Kingdom,2.95
577544,23329,decorative wicker heart large,7,2011-11-20 14:43:00,1.65,17758.0,United Kingdom,11.549999999999999
543555,22178,victorian glass hanging t-light,12,2011-02-10 10:18:00,1.25,17686.0,United Kingdom,15.0
563622,23164,regency cake slice,4,2011-08-18 10:21:00,4.95,15189.0,United Kingdom,19.8
561658,84050,pink heart shape egg frying pan,1,2011-07-28 16:06:00,1.65,12743.0,Unspecified,1.65
563371,23209,lunch bag vintage doily,100,2011-08-16 09:39:00,1.45,14006.0,United Kingdom,145.0
569844,22631,circus parade lunch box,12,2011-10-06 13:30:00,1.95,12626.0,Germany,23.4
580272,20914,set/5 red retrospot lid glass bowls,3,2011-12-02 12:52:00,2.95,15547.0,United Kingdom,8.850000000000001
550052,21936,red retrospot picnic bag,5,2011-04-14 12:00:00,2.95,17068.0,United Kingdom,14.75
566976,23175,regency milk jug pink,4,2011-09-16 09:27:00,3.25,15382.0,United Kingdom,13.0
556768,82494L,wooden frame antique white,6,2011-06-14 12:21:00,2.95,17243.0,United Kingdom,17.700000000000003
570095,37447,ceramic cake design spotted plate,12,2011-10-07 11:57:00,1.49,12528.0,Germany,17.88
557525,22715,card wedding day,12,2011-06-21 09:26:00,0.42,12759.0,Netherlands,5.04
564366,84945,multi colour silver t-light holder,24,2011-08-25 08:58:00,0.85,13236.0,United Kingdom,20.4
574587,21754,home building block word,6,2011-11-06 10:29:00,6.25,14936.0,Channel Islands,37.5
544391,85099B,jumbo bag red retrospot,10,2011-02-18 11:53:00,1.95,15755.0,United Kingdom,19.5
546237,85123A,white hanging heart t-light holder,6,2011-03-10 12:50:00,2.95,16625.0,United Kingdom,17.700000000000003
556503,15056N,edwardian parasol natural,3,2011-06-13 08:44:00,5.95,13517.0,United Kingdom,17.85
576654,85014B,red retrospot umbrella,1,2011-11-16 10:55:00,5.95,15584.0,United Kingdom,5.95
563255,22841,round cake tin vintage green,1,2011-08-15 12:07:00,7.95,14527.0,United Kingdom,7.95
563369,22595,gingham heart decoration,12,2011-08-16 09:25:00,0.85,13394.0,United Kingdom,10.2
555644,23109,led tea lights,3,2011-06-06 13:24:00,2.89,16520.0,United Kingdom,8.67
572669,84991,60 teatime fairy cake cases,2,2011-10-25 13:10:00,0.55,16549.0,United Kingdom,1.1
538367,22951,60 cake cases dolly girl design,24,2010-12-12 10:48:00,0.55,14800.0,United Kingdom,13.200000000000001
573629,21108,fairy cake flannel assorted colour,18,2011-10-31 15:30:00,0.79,12522.0,Germany,14.22
538655,84313C,orange tv tray table,1,2010-12-13 15:16:00,4.25,17375.0,United Kingdom,4.25
576274,22026,banquet birthday  card,12,2011-11-14 14:24:00,0.42,17793.0,United Kingdom,5.04
546172,22185,slate tile natural hanging,12,2011-03-10 10:32:00,1.65,14156.0,EIRE,19.799999999999997
538354,22852,dog bowl vintage cream,8,2010-12-10 15:45:00,4.25,16873.0,United Kingdom,34.0
569555,23301,gardeners kneeling pad keep calm,12,2011-10-05 08:17:00,1.65,17728.0,United Kingdom,19.799999999999997
568792,22697,green regency teacup and saucer,6,2011-09-29 09:53:00,2.95,18192.0,United Kingdom,17.700000000000003
575710,20780,black ear muff headphones,1,2011-11-10 17:29:00,5.49,17901.0,United Kingdom,5.49
553468,22174,photo cube,48,2011-05-17 11:14:00,1.25,16029.0,United Kingdom,60.0
545469,22721,set of 3 cake tins sketchbook,3,2011-03-03 10:09:00,4.95,17646.0,United Kingdom,14.850000000000001
547565,21207,skull and crossbones  garland,12,2011-03-24 09:21:00,1.65,13035.0,United Kingdom,19.799999999999997
573548,23265,set of 3 wooden tree decorations,3,2011-10-31 13:22:00,1.25,13680.0,United Kingdom,3.75
566567,23389,spaceboy mini backpack,4,2011-09-13 12:37:00,4.15,16161.0,United Kingdom,16.6
555546,20727,lunch bag  black skull.,10,2011-06-05 13:09:00,1.65,17735.0,United Kingdom,16.5
539483,22726,alarm clock bakelike green,5,2010-12-19 15:31:00,3.75,17218.0,United Kingdom,18.75
544909,75178,asstd col butterfly/crystal w/chime,144,2011-02-24 14:32:00,0.42,14298.0,United Kingdom,60.48
566582,23124,18pc wooden cutlery set disposable,16,2011-09-13 13:49:00,1.25,13384.0,United Kingdom,20.0
560644,22292,hanging chick  yellow decoration,4,2011-07-20 11:22:00,1.45,16271.0,United Kingdom,5.8
575755,22818,card christmas village,12,2011-11-11 10:45:00,0.42,17015.0,United Kingdom,5.04
580438,22139,retrospot tea set ceramic 11 pc,9,2011-12-04 12:17:00,4.95,12827.0,United Kingdom,44.550000000000004
569669,22326,round snack boxes set of4 woodland,1,2011-10-05 13:47:00,2.95,14730.0,United Kingdom,2.95
576851,22153,angel decoration stars on dress,2,2011-11-16 15:41:00,0.42,15967.0,United Kingdom,0.84
551665,20675,blue polkadot bowl,8,2011-05-03 12:35:00,1.25,17442.0,United Kingdom,10.0
546466,22324,blue polkadot kids bag,2,2011-03-14 11:04:00,1.95,18118.0,United Kingdom,3.9
543293,22916,herb marker thyme,12,2011-02-07 11:20:00,0.65,17613.0,United Kingdom,7.800000000000001
562046,84568,girls alphabet iron on patches,288,2011-08-02 10:34:00,0.21,12378.0,Switzerland,60.48
539957,22785,squarecushion cover pink union flag,2,2010-12-23 12:58:00,6.75,12585.0,Germany,13.5
569494,23101,silver stars table decoration,72,2011-10-04 13:42:00,0.72,15739.0,United Kingdom,51.839999999999996
539957,22634,childs breakfast set spaceboy,2,2010-12-23 12:58:00,9.95,12585.0,Germany,19.9
562101,23315,ivory refectory clock,2,2011-08-02 14:04:00,9.95,13850.0,United Kingdom,19.9
556571,84755,colour glass t-light holder hanging,16,2011-06-13 13:13:00,0.65,13018.0,United Kingdom,10.4
572106,22274,feltcraft doll emily,3,2011-10-20 17:04:00,2.95,15058.0,United Kingdom,8.850000000000001
567183,21080,set/20 red retrospot paper napkins,10,2011-09-18 15:33:00,0.85,14769.0,United Kingdom,8.5
552631,22992,revolver wooden ruler,12,2011-05-10 12:55:00,1.95,12684.0,France,23.4
557956,21931,jumbo storage bag suki,2,2011-06-23 19:20:00,2.08,18283.0,United Kingdom,4.16
546169,21112,swiss roll towel pink  spots,200,2011-03-10 10:27:00,2.55,14603.0,United Kingdom,509.99999999999994
543309,22667,recipe box retrospot,2,2011-02-07 12:05:00,2.95,18118.0,United Kingdom,5.9
552877,22644,ceramic cherry cake money bank,12,2011-05-12 09:49:00,1.45,14883.0,United Kingdom,17.4
563172,23353,6 gift tags vintage christmas,12,2011-08-12 13:15:00,0.83,12399.0,Belgium,9.959999999999999
547383,22243,5 hook hanger red magic toadstool,24,2011-03-22 15:42:00,1.65,12613.0,Germany,39.599999999999994
579001,82483,wood 2 drawer cabinet white finish,2,2011-11-27 16:19:00,6.95,15555.0,United Kingdom,13.9
552285,21789,kids rain mac pink,1,2011-05-08 12:58:00,0.85,14684.0,United Kingdom,0.85
553709,22752,set 7 babushka nesting boxes,3,2011-05-18 15:29:00,8.5,13767.0,United Kingdom,25.5
569229,22092,blue paisley tissue box,2,2011-10-02 14:56:00,0.39,14502.0,United Kingdom,0.78
576071,21262,white goose feather christmas tree,1,2011-11-13 16:03:00,2.95,18069.0,United Kingdom,2.95
562219,22982,pantry pastry brush,12,2011-08-03 14:14:00,1.25,15089.0,United Kingdom,15.0
571831,85150,ladies & gentlemen metal sign,6,2011-10-19 12:01:00,2.55,16979.0,United Kingdom,15.299999999999999
565664,21883,stars gift tape,12,2011-09-05 17:36:00,0.65,13211.0,United Kingdom,7.800000000000001
556905,84849B,fairy soap soap holder,1,2011-06-15 13:05:00,1.69,16904.0,United Kingdom,1.69
539308,22610,pens assorted funny face,36,2010-12-16 17:48:00,0.21,17412.0,United Kingdom,7.56
544153,22469,heart of wicker small,14,2011-02-16 12:11:00,1.65,15356.0,United Kingdom,23.099999999999998
537688,18098C,porcelain butterfly oil burner,6,2010-12-08 10:35:00,2.95,17406.0,United Kingdom,17.700000000000003
548708,47566,party bunting,6,2011-04-03 12:41:00,4.95,13269.0,United Kingdom,29.700000000000003
565492,21181,please one person metal sign,96,2011-09-05 11:43:00,1.85,13881.0,United Kingdom,177.60000000000002
565067,22413,metal sign take it or leave it,5,2011-08-31 17:16:00,2.95,15856.0,United Kingdom,14.75
545326,22720,set of 3 cake tins pantry design,3,2011-03-01 15:12:00,4.95,14560.0,United Kingdom,14.850000000000001
575738,20719,woodland charlotte bag,10,2011-11-11 09:02:00,0.85,16790.0,United Kingdom,8.5
550834,22926,ivory giant garden thermometer,2,2011-04-21 10:51:00,5.95,14730.0,United Kingdom,11.9
571837,23504,playing cards jubilee union jack,2,2011-10-19 12:11:00,1.25,16470.0,United Kingdom,2.5
577785,22910,paper chain kit vintage christmas,8,2011-11-21 16:25:00,2.95,16369.0,United Kingdom,23.6
580635,90161B,ant copper turq boudicca bracelet,3,2011-12-05 12:30:00,4.95,14649.0,United Kingdom,14.850000000000001
542895,85123A,white hanging heart t-light holder,3,2011-02-01 13:47:00,2.95,14549.0,United Kingdom,8.850000000000001
579145,21108,fairy cake flannel assorted colour,18,2011-11-28 13:13:00,0.79,14597.0,United Kingdom,14.22
577057,22374,airline bag vintage jet set red,1,2011-11-17 14:26:00,4.25,12748.0,United Kingdom,4.25
574898,22557,plasters in tin vintage paisley,6,2011-11-07 15:07:00,1.65,16242.0,United Kingdom,9.899999999999999
579001,23206,lunch bag apple design,2,2011-11-27 16:19:00,1.65,15555.0,United Kingdom,3.3
560562,22427,enamel flower jug cream,3,2011-07-19 13:34:00,5.95,15713.0,United Kingdom,17.85
563935,85231B,cinammon set of 9 t-lights,6,2011-08-21 16:24:00,0.85,15547.0,United Kingdom,5.1
557021,23288,green vintage spot beaker,8,2011-06-16 12:55:00,0.85,17642.0,United Kingdom,6.8
579558,22470,heart of wicker large,6,2011-11-30 11:24:00,2.95,14755.0,United Kingdom,17.700000000000003
536800,47567B,tea time kitchen apron,3,2010-12-02 16:12:00,5.95,14829.0,United Kingdom,17.85
568952,22950,36 doilies vintage christmas,12,2011-09-29 15:29:00,1.45,14305.0,United Kingdom,17.4
553173,22969,homemade jam scented candles,12,2011-05-13 17:34:00,1.45,17400.0,United Kingdom,17.4
562392,21058,party invites woodland,12,2011-08-04 16:07:00,0.85,15205.0,United Kingdom,10.2
557007,22605,wooden croquet garden set,4,2011-06-16 11:30:00,12.75,12484.0,Spain,51.0
538841,20726,lunch bag woodland,2,2010-12-14 13:11:00,1.65,16899.0,United Kingdom,3.3
573415,72817,set of 2 christmas decoupage candle,2,2011-10-30 16:17:00,0.79,13607.0,United Kingdom,1.58
578305,21317,glass sphere candle stand medium,8,2011-11-23 15:44:00,4.95,14088.0,United Kingdom,39.6
563353,22405,money box pocket money design,12,2011-08-15 14:32:00,1.25,15480.0,Malta,15.0
547521,70006,love heart pocket warmer,12,2011-03-23 15:00:00,1.65,16713.0,United Kingdom,19.799999999999997
544177,21363,home small wood letters,2,2011-02-16 14:27:00,4.95,13001.0,United Kingdom,9.9
536744,21156,retrospot childrens apron,25,2010-12-02 13:36:00,1.95,14466.0,United Kingdom,48.75
536750,20679,edwardian parasol red,6,2010-12-02 14:04:00,4.95,17850.0,United Kingdom,29.700000000000003
570791,20668,disco ball christmas decoration,24,2011-10-12 11:58:00,0.12,17346.0,United Kingdom,2.88
568553,23420,pantry hook tea strainer,12,2011-09-27 15:17:00,2.08,15674.0,United Kingdom,24.96
573330,22141,christmas craft tree top angel,1,2011-10-30 11:22:00,2.1,16923.0,United Kingdom,2.1
574532,21912,vintage snakes & ladders,4,2011-11-04 14:19:00,3.75,15676.0,United Kingdom,15.0
542370,22860,easter tin chicks pink daisy,6,2011-01-27 13:23:00,1.65,13004.0,United Kingdom,9.899999999999999
572182,23188,vintage  2 metre folding ruler,12,2011-10-21 10:32:00,1.65,13588.0,United Kingdom,19.799999999999997
571280,22155,star decoration rustic,10,2011-10-16 13:08:00,0.42,18122.0,United Kingdom,4.2
577850,22601,christmas retrospot angel wood,12,2011-11-22 11:04:00,0.85,14911.0,EIRE,10.2
549845,84755,colour glass t-light holder hanging,24,2011-04-12 14:22:00,0.65,16729.0,United Kingdom,15.600000000000001
573300,22158,3 hearts hanging decoration rustic,2,2011-10-28 16:10:00,2.95,16049.0,United Kingdom,5.9
572660,22890,novelty biscuits cake stand 3 tier,1,2011-10-25 12:30:00,9.95,14527.0,United Kingdom,9.95
577064,21704,bag 250g swirly marbles,72,2011-11-17 14:43:00,0.72,16656.0,United Kingdom,51.839999999999996
538633,22379,recycling bag retrospot,1,2010-12-13 13:28:00,2.1,16726.0,United Kingdom,2.1
548990,85185B,pink horse sock puppet,6,2011-04-05 13:42:00,2.95,16170.0,United Kingdom,17.700000000000003
563181,20717,strawberry shopper bag,10,2011-08-12 14:32:00,1.25,16612.0,United Kingdom,12.5
578270,21123,set/10 ivory polkadot party candles,1,2011-11-23 13:39:00,0.83,14096.0,United Kingdom,0.83
563013,22662,lunch bag dolly girl design,10,2011-08-11 12:01:00,1.65,12993.0,United Kingdom,16.5
544479,22355,charlotte bag suki design,100,2011-02-21 10:28:00,0.72,14646.0,Netherlands,72.0
577755,22910,paper chain kit vintage christmas,6,2011-11-21 14:49:00,2.95,17010.0,United Kingdom,17.700000000000003
552045,48138,doormat union flag,2,2011-05-06 09:22:00,7.95,18241.0,United Kingdom,15.9
541919,48187,doormat new england,2,2011-01-24 11:35:00,7.95,14334.0,United Kingdom,15.9
580956,22916,herb marker thyme,2,2011-12-06 14:23:00,0.65,17841.0,United Kingdom,1.3
555519,22534,magic drawing slate spaceboy,192,2011-06-05 11:02:00,0.36,16682.0,United Kingdom,69.12
553750,20685,doormat red retrospot,2,2011-05-19 10:16:00,7.95,15660.0,United Kingdom,15.9
547911,46000R,polyester filler pad 45x30cm,2,2011-03-28 12:25:00,1.45,14127.0,United Kingdom,2.9
565476,21181,please one person metal sign,192,2011-09-05 10:48:00,1.85,14156.0,EIRE,355.20000000000005
548521,22844,vintage cream dog food container,2,2011-03-31 16:41:00,8.5,17735.0,United Kingdom,17.0
560644,22677,french blue metal door sign 2,1,2011-07-20 11:22:00,1.25,16271.0,United Kingdom,1.25
577046,85176,sewing susan 21 needle set,12,2011-11-17 13:46:00,0.85,12449.0,Belgium,10.2
556491,21900,"key fob , shed",2,2011-06-12 14:15:00,0.65,16794.0,United Kingdom,1.3
578944,23329,decorative wicker heart large,1,2011-11-27 13:41:00,1.65,16005.0,United Kingdom,1.65
569129,23270,set of 2 ceramic painted hearts,6,2011-09-30 13:40:00,1.45,15034.0,United Kingdom,8.7
547658,22229,bunny wooden painted with flower,2,2011-03-24 13:04:00,0.85,13736.0,United Kingdom,1.7
549918,22197,small popcorn holder,24,2011-04-13 09:48:00,0.85,17017.0,United Kingdom,20.4
575117,22522,childs garden fork blue,1,2011-11-08 14:22:00,0.85,12748.0,United Kingdom,0.85
543235,35471D,set of 3 bird light pink feather,1,2011-02-04 13:30:00,1.25,14462.0,United Kingdom,1.25
577052,23358,hot stuff hot water bottle,1,2011-11-17 14:08:00,3.75,17397.0,United Kingdom,3.75
552770,22938,cupcake lace paper set 6,12,2011-05-11 11:57:00,1.95,13404.0,United Kingdom,23.4
538126,22429,enamel measuring jug cream,6,2010-12-09 15:50:00,4.25,17838.0,United Kingdom,25.5
570420,23028,drawer knob crackle glaze blue,2,2011-10-10 13:33:00,1.65,17841.0,United Kingdom,3.3
556886,84828,jungle popsicles ice lolly moulds,24,2011-06-15 12:34:00,1.25,12624.0,France,30.0
579102,21903,man flu metal sign,12,2011-11-28 11:33:00,2.1,14911.0,EIRE,25.200000000000003
571328,16235,recycled pencil with rabbit eraser,60,2011-10-17 11:27:00,0.21,12473.0,Germany,12.6
565734,21896,potting shed twine,1,2011-09-06 12:15:00,2.1,17191.0,United Kingdom,2.1
544286,22666,recipe box pantry yellow design,2,2011-02-17 12:29:00,2.95,13151.0,United Kingdom,5.9
539988,20751,funky washing up gloves assorted,2,2010-12-23 16:06:00,2.1,18116.0,United Kingdom,4.2
557410,23300,gardeners kneeling pad cup of tea,1,2011-06-20 11:36:00,1.65,14701.0,United Kingdom,1.65
544450,22201,frying pan blue polkadot,3,2011-02-20 12:23:00,4.25,17811.0,United Kingdom,12.75
573392,82494L,wooden frame antique white,6,2011-10-30 15:04:00,2.95,15376.0,United Kingdom,17.700000000000003
562105,21900,"key fob , shed",24,2011-08-02 14:50:00,0.65,15271.0,United Kingdom,15.600000000000001
566397,21975,pack of 60 dinosaur cake cases,1,2011-09-12 12:54:00,0.55,17811.0,United Kingdom,0.55
552310,20658,red retrospot luggage tag,2,2011-05-08 15:22:00,1.25,17323.0,United Kingdom,2.5
561774,22659,lunch box i love london,2,2011-07-29 12:41:00,1.95,16729.0,United Kingdom,3.9
540268,84946,antique silver tea glass etched,12,2011-01-06 11:25:00,1.25,13458.0,United Kingdom,15.0
580482,23420,pantry hook tea strainer,1,2011-12-04 12:44:00,2.08,16033.0,United Kingdom,2.08
560841,22491,pack of 12 coloured pencils,24,2011-07-21 12:25:00,0.72,14298.0,United Kingdom,17.28
537144,22784,lantern cream gazebo,1,2010-12-05 13:00:00,4.95,15880.0,United Kingdom,4.95
537359,22080,ribbon reel polkadots,10,2010-12-06 12:30:00,1.65,14825.0,United Kingdom,16.5
567183,21498,red retrospot wrap,25,2011-09-18 15:32:00,0.42,14769.0,United Kingdom,10.5
546089,23002,travel card wallet skulls,24,2011-03-09 11:44:00,0.42,17864.0,United Kingdom,10.08
580526,22698,pink regency teacup and saucer,6,2011-12-04 15:18:00,2.95,16535.0,United Kingdom,17.700000000000003
547324,22077,6 ribbons rustic charm,24,2011-03-22 11:27:00,1.65,13014.0,United Kingdom,39.599999999999994
566296,20713,jumbo bag owls,1,2011-09-11 15:47:00,2.08,17841.0,United Kingdom,2.08
574544,23350,roll wrap vintage spot,12,2011-11-04 14:49:00,1.25,17084.0,United Kingdom,15.0
542931,22367,childrens apron spaceboy design,8,2011-02-02 10:46:00,1.95,15589.0,United Kingdom,15.6
575631,20982,12 pencils tall tube skulls,24,2011-11-10 13:41:00,0.85,15184.0,United Kingdom,20.4
575678,21810,christmas hanging star with bell,48,2011-11-10 15:23:00,0.39,16169.0,United Kingdom,18.72
542398,21188,3d hearts  honeycomb paper garland,3,2011-01-27 15:36:00,2.95,13174.0,United Kingdom,8.850000000000001
579473,84375,set of 20 kids cookie cutters,12,2011-11-29 15:17:00,2.1,13198.0,United Kingdom,25.200000000000003
551558,20676,red retrospot bowl,4,2011-05-03 10:41:00,1.25,17841.0,United Kingdom,5.0
567700,22617,baking set spaceboy design,6,2011-09-22 09:33:00,4.95,16379.0,United Kingdom,29.700000000000003
575591,23395,belle jardiniere cushion cover,1,2011-11-10 12:09:00,3.75,17791.0,United Kingdom,3.75
537201,22579,wooden tree christmas scandinavian,24,2010-12-05 14:19:00,0.85,12472.0,Germany,20.4
561529,22667,recipe box retrospot,6,2011-07-28 09:19:00,2.95,13013.0,United Kingdom,17.700000000000003
573401,21987,pack of 6 skull paper cups,12,2011-10-30 15:43:00,0.65,12364.0,Belgium,7.800000000000001
555096,23112,parisienne curio cabinet,2,2011-05-31 13:32:00,7.5,12682.0,France,15.0
548872,21746,small red retrospot windmill,12,2011-04-04 14:42:00,1.25,13015.0,United Kingdom,15.0
548673,21314,small glass heart trinket pot,8,2011-04-01 16:18:00,2.1,13767.0,United Kingdom,16.8
568183,21809,christmas hanging tree with bell,24,2011-09-25 13:47:00,0.39,13991.0,United Kingdom,9.36
571265,22537,magic drawing slate dinosaur,2,2011-10-16 11:31:00,0.42,16674.0,United Kingdom,0.84
554940,23084,rabbit night light,6,2011-05-27 13:49:00,2.08,12494.0,France,12.48
545914,22151,place setting white heart,24,2011-03-08 11:39:00,0.42,13340.0,United Kingdom,10.08
577557,22639,set of 4 napkin charms hearts,3,2011-11-20 15:36:00,2.55,15426.0,United Kingdom,7.6499999999999995
568188,21754,home building block word,1,2011-09-25 14:33:00,6.25,16049.0,United Kingdom,6.25
556726,23134,large zinc heart wall organiser,304,2011-06-14 11:31:00,5.88,18102.0,United Kingdom,1787.52
569843,21484,chick grey hot water bottle,1,2011-10-06 13:29:00,4.25,14449.0,United Kingdom,4.25
568882,23204,charlotte bag apples design,10,2011-09-29 12:39:00,0.85,12839.0,United Kingdom,8.5
571216,21677,hearts  stickers,6,2011-10-14 13:06:00,0.85,16081.0,United Kingdom,5.1
580816,84679,classical rose table lamp,4,2011-12-06 11:28:00,3.95,15157.0,United Kingdom,15.8
551013,22843,biscuit tin vintage green,2,2011-04-26 10:54:00,6.75,15108.0,European Community,13.5
574336,23390,dolly girl mini backpack,4,2011-11-04 09:52:00,4.15,12397.0,Belgium,16.6
549829,84946,antique silver t-light glass,12,2011-04-12 12:56:00,1.25,16713.0,United Kingdom,15.0
549985,22993,set of 4 pantry jelly moulds,6,2011-04-13 15:58:00,1.25,15640.0,United Kingdom,7.5
572296,23503,playing cards keep calm & carry on,1,2011-10-23 14:28:00,1.25,13598.0,United Kingdom,1.25
576202,22114,hot water bottle tea and sympathy,24,2011-11-14 12:22:00,3.75,13767.0,United Kingdom,90.0
566967,22594,christmas gingham tree,12,2011-09-15 18:05:00,0.85,16746.0,United Kingdom,10.2
568792,23201,jumbo bag alphabet,10,2011-09-29 09:53:00,2.08,18192.0,United Kingdom,20.8
573545,22603,christmas retrospot tree wood,12,2011-10-31 13:12:00,0.85,16969.0,United Kingdom,10.2
555124,20685,doormat red retrospot,2,2011-05-31 15:26:00,7.95,18204.0,United Kingdom,15.9
565067,22109,full english breakfast plate,3,2011-08-31 17:16:00,3.75,15856.0,United Kingdom,11.25
566195,22772,pink drawer knob acrylic edwardian,12,2011-09-09 13:44:00,1.25,12433.0,Norway,15.0
543591,22777,glass cloche large,2,2011-02-10 11:46:00,8.5,13854.0,United Kingdom,17.0
544824,22653,button box,10,2011-02-24 09:32:00,1.95,17139.0,United Kingdom,19.5
541405,POST,postage,5,2011-01-17 15:17:00,18.0,12683.0,France,90.0
560504,21975,pack of 60 dinosaur cake cases,24,2011-07-19 11:47:00,0.55,13081.0,United Kingdom,13.200000000000001
540981,22457,natural slate heart chalkboard,6,2011-01-12 15:25:00,2.95,12868.0,United Kingdom,17.700000000000003
546172,C2,carriage,1,2011-03-10 10:32:00,50.0,14156.0,EIRE,50.0
538449,22725,alarm clock bakelike chocolate,1,2010-12-12 12:24:00,3.75,17085.0,United Kingdom,3.75
544484,22896,peg bag apples design,6,2011-02-21 11:10:00,2.55,15321.0,United Kingdom,15.299999999999999
562579,23211,red rocking horse hand painted,24,2011-08-07 13:30:00,1.25,16950.0,United Kingdom,30.0
578926,22633,hand warmer union jack,2,2011-11-27 12:24:00,2.1,18156.0,United Kingdom,4.2
566271,22030,swallows greeting card,12,2011-09-11 13:44:00,0.42,14250.0,United Kingdom,5.04
555245,22750,feltcraft princess lola doll,3,2011-06-01 14:12:00,3.75,14800.0,United Kingdom,11.25
539225,22457,natural slate heart chalkboard,18,2010-12-16 13:02:00,2.95,15379.0,United Kingdom,53.1
574170,22607,wooden rounders garden set,1,2011-11-03 11:43:00,9.95,16221.0,United Kingdom,9.95
544075,21756,bath building block word,18,2011-02-15 14:50:00,5.45,14156.0,EIRE,98.10000000000001
563910,84884A,ant white wire heart spiral,15,2011-08-21 12:37:00,3.95,17428.0,United Kingdom,59.25
570876,22696,wicker wreath large,3,2011-10-12 17:19:00,1.95,16085.0,United Kingdom,5.85
577133,22151,place setting white heart,24,2011-11-18 08:47:00,0.42,13962.0,United Kingdom,10.08
540779,22491,pack of 12 coloured pencils,12,2011-01-11 11:18:00,0.85,15346.0,United Kingdom,10.2
578822,22952,60 cake cases vintage christmas,24,2011-11-25 14:00:00,0.55,13437.0,United Kingdom,13.200000000000001
574914,22908,pack of 20 napkins red apples,1,2011-11-07 16:16:00,0.85,17109.0,United Kingdom,0.85
554986,22326,round snack boxes set of4 woodland,1,2011-05-29 12:35:00,2.95,14451.0,United Kingdom,2.95
579503,22578,wooden star christmas scandinavian,5,2011-11-29 16:23:00,0.29,17097.0,Spain,1.45
555110,85099C,jumbo  bag baroque black white,1,2011-05-31 14:34:00,2.08,17841.0,United Kingdom,2.08
566291,22925,blue giant garden thermometer,1,2011-09-11 15:31:00,5.95,12965.0,United Kingdom,5.95
580876,22509,sewing box retrospot design,1,2011-12-06 12:12:00,3.95,14071.0,United Kingdom,3.95
580672,22754,small red babushka notebook,3,2011-12-05 14:29:00,0.21,17920.0,United Kingdom,0.63
542132,POST,postage,2,2011-01-25 15:59:00,18.0,12691.0,France,36.0
551855,22770,mirror cornice,2,2011-05-04 15:08:00,14.95,12836.0,United Kingdom,29.9
561058,47567B,tea time kitchen apron,6,2011-07-24 13:26:00,5.95,17724.0,United Kingdom,35.7
541202,21931,jumbo storage bag suki,10,2011-01-14 12:09:00,1.95,17581.0,United Kingdom,19.5
581412,23266,set of 3 wooden stocking decoration,12,2011-12-08 14:38:00,1.25,14415.0,United Kingdom,15.0
562371,22625,red kitchen scales,2,2011-08-04 14:30:00,8.5,13709.0,United Kingdom,17.0
581428,23234,biscuit tin vintage christmas,6,2011-12-08 15:37:00,2.89,13404.0,United Kingdom,17.34
569097,22554,plasters in tin woodland animals,24,2011-09-30 12:06:00,1.65,12731.0,France,39.599999999999994
537050,22556,plasters in tin circus parade,2,2010-12-05 11:10:00,1.65,14800.0,United Kingdom,3.3
564077,82484,wood black board ant white finish,1,2011-08-22 15:42:00,7.95,14711.0,United Kingdom,7.95
569639,POST,postage,1,2011-10-05 12:24:00,240.0,12471.0,Germany,240.0
558555,22748,poppy's playhouse kitchen,1,2011-06-30 13:03:00,2.1,15578.0,United Kingdom,2.1
578697,22751,feltcraft princess olivia doll,4,2011-11-25 10:03:00,3.75,14132.0,United Kingdom,15.0
553347,84755,colour glass t-light holder hanging,16,2011-05-16 12:59:00,0.65,14755.0,United Kingdom,10.4
563852,22352,lunch box with cutlery retrospot,6,2011-08-19 15:18:00,2.55,12395.0,Belgium,15.299999999999999
573264,22602,retrospot wooden heart decoration,53,2011-10-28 12:36:00,0.85,14415.0,United Kingdom,45.05
569248,23340,vintage christmas cake frill,12,2011-10-03 10:09:00,1.65,12886.0,United Kingdom,19.799999999999997
554080,22560,traditional modelling clay,6,2011-05-22 11:42:00,1.25,16931.0,United Kingdom,7.5
573396,22866,hand warmer scotty dog design,2,2011-10-30 15:13:00,2.1,14723.0,United Kingdom,4.2
578707,21985,pack of 12 hearts design tissues,12,2011-11-25 11:20:00,0.39,17870.0,United Kingdom,4.68
546422,85152,hand over the chocolate   sign,2,2011-03-13 11:38:00,2.1,15547.0,United Kingdom,4.2
546563,22747,poppy's playhouse bathroom,6,2011-03-15 10:49:00,2.1,15047.0,United Kingdom,12.600000000000001
569246,21880,red retrospot tape,1,2011-10-03 09:57:00,0.42,14096.0,United Kingdom,0.42
553505,22469,heart of wicker small,12,2011-05-17 13:27:00,1.65,12949.0,United Kingdom,19.799999999999997
577121,21224,set/4 skull badges,10,2011-11-17 18:29:00,1.25,12681.0,France,12.5
568780,21791,vintage heads and tails card game,12,2011-09-29 08:27:00,1.25,18235.0,United Kingdom,15.0
556247,20971,pink blue felt craft trinket box,24,2011-06-09 16:16:00,1.25,15058.0,United Kingdom,30.0
559984,23169,classic glass cookie jar,1,2011-07-14 11:45:00,4.15,16657.0,United Kingdom,4.15
580648,23351,roll wrap 50's christmas,12,2011-12-05 13:15:00,1.25,12628.0,Germany,15.0
565145,23349,roll wrap vintage christmas,60,2011-09-01 13:50:00,1.25,12415.0,Australia,75.0
554058,22138,baking set 9 piece retrospot,2,2011-05-20 16:04:00,4.95,17757.0,United Kingdom,9.9
543040,82578,kitchen metal sign,1,2011-02-02 17:06:00,0.55,17337.0,United Kingdom,0.55
553663,20801,large pink glass sundae dish,32,2011-05-18 12:13:00,0.79,14527.0,United Kingdom,25.28
570188,20972,pink cream felt craft trinket box,48,2011-10-07 15:13:00,1.25,13763.0,United Kingdom,60.0
553347,22727,alarm clock bakelike red,4,2011-05-16 12:59:00,3.75,14755.0,United Kingdom,15.0
559024,22025,ring of roses birthday card,12,2011-07-05 13:38:00,0.42,16616.0,United Kingdom,5.04
575687,22947,wooden advent calendar red,6,2011-11-10 16:03:00,7.95,16126.0,United Kingdom,47.7
540364,84406B,cream cupid hearts coat hanger,4,2011-01-06 16:03:00,3.25,14505.0,United Kingdom,13.0
537050,84077,world war 2 gliders asstd designs,48,2010-12-05 11:10:00,0.29,14800.0,United Kingdom,13.919999999999998
538347,22689,doormat merry christmas red,1,2010-12-10 14:54:00,7.95,17220.0,United Kingdom,7.95
550527,35810B,enamel blue rim coffee container,6,2011-04-19 10:48:00,0.83,12476.0,Germany,4.9799999999999995
579470,21155,red retrospot peg bag,1,2011-11-29 15:06:00,2.55,16549.0,United Kingdom,2.55
564953,72232,feng shui pillar candle,48,2011-08-31 13:37:00,0.19,17588.0,United Kingdom,9.120000000000001
558442,15056N,edwardian parasol natural,1,2011-06-29 13:10:00,5.95,15537.0,United Kingdom,5.95
577472,22726,alarm clock bakelike green,12,2011-11-20 11:28:00,3.75,14503.0,United Kingdom,45.0
568895,23202,jumbo bag vintage leaf,4,2011-09-29 13:11:00,2.08,15356.0,United Kingdom,8.32
564372,22983,card billboard font,12,2011-08-25 09:55:00,0.42,12714.0,France,5.04
558754,22556,plasters in tin circus parade,6,2011-07-03 12:10:00,1.65,15518.0,United Kingdom,9.899999999999999
561915,23029,drawer knob crackle glaze green,6,2011-08-01 11:23:00,1.65,14408.0,United Kingdom,9.899999999999999
570213,23155,knickerbockerglory magnet assorted,12,2011-10-09 11:32:00,0.83,16248.0,United Kingdom,9.959999999999999
536785,20961,strawberry bath sponge,100,2010-12-02 15:22:00,1.25,15061.0,United Kingdom,125.0
549847,22077,6 ribbons rustic charm,12,2011-04-12 14:43:00,1.65,15358.0,United Kingdom,19.799999999999997
555560,22608,pens assorted funky jeweled,36,2011-06-05 14:20:00,0.19,17346.0,United Kingdom,6.84
548968,21518,bank account  greeting  card,72,2011-04-05 10:58:00,0.36,12744.0,Singapore,25.919999999999998
564950,22999,travel card wallet vintage leaf,4,2011-08-31 13:31:00,0.42,17320.0,United Kingdom,1.68
567183,22352,lunch box with cutlery retrospot,2,2011-09-18 15:33:00,2.55,14769.0,United Kingdom,5.1
574547,22430,enamel watering can cream,3,2011-11-04 15:08:00,4.95,17841.0,United Kingdom,14.850000000000001
552563,22672,french bathroom sign blue metal,12,2011-05-10 11:54:00,1.65,17597.0,United Kingdom,19.799999999999997
569230,23186,french style storage jar cafe,6,2011-10-02 15:07:00,0.29,16533.0,United Kingdom,1.7399999999999998
554950,21929,jumbo bag pink vintage paisley,10,2011-05-27 14:48:00,2.08,14227.0,United Kingdom,20.8
565230,21137,black record cover frame,24,2011-09-02 09:24:00,3.39,16705.0,United Kingdom,81.36
563029,21494,rotating leaves t-light holder,48,2011-08-11 14:34:00,1.25,18093.0,United Kingdom,60.0
565748,22625,red kitchen scales,12,2011-09-06 12:38:00,7.65,14156.0,EIRE,91.80000000000001
581471,22795,sweetheart recipe book stand,1,2011-12-08 19:29:00,6.75,14702.0,United Kingdom,6.75
558367,22109,full english breakfast plate,1,2011-06-28 15:31:00,3.75,16550.0,United Kingdom,3.75
550525,21613,s/12 vanilla  botanical t-lights,4,2011-04-19 10:19:00,2.95,14672.0,United Kingdom,11.8
563367,21671,red spot ceramic drawer knob,12,2011-08-16 08:58:00,1.25,16133.0,United Kingdom,15.0
568049,21908,chocolate this way metal sign,2,2011-09-23 12:38:00,2.1,17841.0,United Kingdom,4.2
581578,21918,set 12 kids colour  chalk sticks,24,2011-12-09 12:16:00,0.42,12713.0,Germany,10.08
566171,22169,family album white picture frame,1,2011-09-09 12:22:00,8.5,18118.0,United Kingdom,8.5
554695,22377,bottle bag retrospot,3,2011-05-25 17:12:00,2.1,16161.0,United Kingdom,6.300000000000001
580652,22199,frying pan red retrospot,24,2011-12-05 13:33:00,1.25,17511.0,United Kingdom,30.0
560232,23251,vintage red enamel trim mug,1,2011-07-17 11:08:00,1.25,14810.0,United Kingdom,1.25
580399,23307,set of 60 pantry design cake cases,3,2011-12-04 11:45:00,0.55,13471.0,United Kingdom,1.6500000000000001
544462,20996,jazz hearts address book,4,2011-02-20 14:21:00,0.42,17050.0,United Kingdom,1.68
569250,22941,christmas lights 10 reindeer,2,2011-10-03 10:18:00,8.5,16747.0,United Kingdom,17.0
577058,23198,pantry magnetic  shopping list,1,2011-11-17 14:29:00,1.45,18122.0,United Kingdom,1.45
551305,16156S,wrap pink fairy cakes,25,2011-04-27 14:58:00,0.42,16145.0,United Kingdom,10.5
557745,22025,ring of roses birthday card,12,2011-06-22 12:16:00,0.42,15750.0,United Kingdom,5.04
580126,22301,coffee mug cat + bird design,6,2011-12-01 17:20:00,2.55,12562.0,France,15.299999999999999
581425,84596F,small marshmallows pink bowl,8,2011-12-08 15:31:00,0.42,14796.0,United Kingdom,3.36
576688,22141,christmas craft tree top angel,6,2011-11-16 12:16:00,2.1,16717.0,United Kingdom,12.600000000000001
557009,22607,wooden rounders garden set,2,2011-06-16 11:38:00,9.95,14321.0,United Kingdom,19.9
576071,23199,jumbo bag apples,1,2011-11-13 16:03:00,2.08,18069.0,United Kingdom,2.08
546660,22849,bread bin diner style mint,4,2011-03-15 14:32:00,14.95,14156.0,EIRE,59.8
568210,23394,poste france cushion cover,4,2011-09-25 15:56:00,3.75,17159.0,United Kingdom,15.0
554556,23174,regency sugar bowl green,6,2011-05-25 10:11:00,4.15,13098.0,United Kingdom,24.900000000000002
553540,22026,banquet birthday  card,72,2011-05-17 15:32:00,0.36,17511.0,United Kingdom,25.919999999999998
570883,22992,revolver wooden ruler,12,2011-10-13 09:55:00,1.95,13477.0,United Kingdom,23.4
552820,22522,childs garden fork blue,12,2011-05-11 12:53:00,0.85,16644.0,United Kingdom,10.2
579427,23084,rabbit night light,4,2011-11-29 13:04:00,2.08,16479.0,United Kingdom,8.32
573320,22467,gumball coat rack,12,2011-10-30 10:29:00,2.55,15513.0,United Kingdom,30.599999999999998
555473,21559,strawberry lunch box with cutlery,12,2011-06-03 11:59:00,2.55,14700.0,United Kingdom,30.599999999999998
563925,23130,mistletoe heart wreath green,2,2011-08-21 14:42:00,4.15,13610.0,United Kingdom,8.3
557011,21609,set 12 lavender  botanical t-lights,12,2011-06-16 11:50:00,2.95,16279.0,United Kingdom,35.400000000000006
571890,22197,popcorn holder,12,2011-10-19 14:05:00,0.85,16826.0,United Kingdom,10.2
541518,20750,red retrospot mini cases,2,2011-01-19 09:05:00,7.95,12451.0,Switzerland,15.9
575491,22600,christmas retrospot star wood,5,2011-11-09 17:47:00,0.85,15531.0,United Kingdom,4.25
581467,20868,silver fabric mirror,4,2011-12-08 19:24:00,0.39,13077.0,United Kingdom,1.56
574914,84929,asstd fruit+flowers fridge magnets,10,2011-11-07 16:16:00,0.19,17109.0,United Kingdom,1.9
555928,22487,white wood garden plant ladder,4,2011-06-08 08:02:00,8.5,12383.0,Belgium,34.0
579100,84580,mouse toy with pink t-shirt,4,2011-11-28 11:27:00,3.75,13004.0,United Kingdom,15.0
564020,85099B,jumbo bag red retrospot,10,2011-08-22 11:57:00,2.08,13971.0,United Kingdom,20.8
575642,21974,set of 36 paisley flower doilies,24,2011-11-10 14:07:00,1.45,14466.0,United Kingdom,34.8
574089,23252,vintage red enamel trim jug,4,2011-11-03 09:07:00,3.75,17611.0,United Kingdom,15.0
539722,20752,blue polkadot washing up gloves,18,2010-12-21 13:45:00,2.1,14911.0,EIRE,37.800000000000004
562980,23546,wrap paisley park,25,2011-08-11 11:44:00,0.42,17686.0,United Kingdom,10.5
545872,22245,"hook, 1 hanger ,magic garden",3,2011-03-07 14:51:00,0.85,15752.0,United Kingdom,2.55
547906,47566B,tea time party bunting,2,2011-03-28 12:13:00,4.95,14410.0,United Kingdom,9.9
578829,22291,hanging chick cream decoration,1,2011-11-25 14:53:00,1.45,14710.0,United Kingdom,1.45
573320,23232,wrap vintage leaf design,25,2011-10-30 10:29:00,0.42,15513.0,United Kingdom,10.5
557625,20726,lunch bag woodland,10,2011-06-21 14:23:00,1.65,15159.0,United Kingdom,16.5
551507,22666,recipe box pantry yellow design,6,2011-04-28 18:11:00,2.95,18272.0,United Kingdom,17.700000000000003
575303,23344,jumbo bag 50's christmas,6,2011-11-09 12:34:00,2.08,12893.0,United Kingdom,12.48
565445,23032,drawer knob crackle glaze ivory,6,2011-09-04 14:50:00,1.65,13548.0,United Kingdom,9.899999999999999
542107,22138,baking set 9 piece retrospot,4,2011-01-25 13:38:00,4.95,16222.0,United Kingdom,19.8
569870,23503,playing cards keep calm & carry on,2,2011-10-06 14:59:00,1.25,12757.0,Portugal,2.5
562219,84279P,cherry blossom  decorative flask,4,2011-08-03 14:14:00,3.75,15089.0,United Kingdom,15.0
565150,23099,french carriage lantern,12,2011-09-01 14:26:00,5.75,14298.0,United Kingdom,69.0
538633,79321,chilli lights,2,2010-12-13 13:28:00,4.95,16726.0,United Kingdom,9.9
553390,21260,first aid tin,1,2011-05-16 16:41:00,3.25,17841.0,United Kingdom,3.25
567104,47566,party bunting,4,2011-09-16 13:33:00,4.95,15975.0,United Kingdom,19.8
572066,22697,green regency teacup and saucer,6,2011-10-20 13:07:00,2.95,15159.0,United Kingdom,17.700000000000003
537781,72800E,4 ivory dinner candles silver flock,2,2010-12-08 12:46:00,2.55,17341.0,United Kingdom,5.1
554105,22441,grow your own basil in enamel mug,4,2011-05-22 14:04:00,2.1,14711.0,United Kingdom,8.4
570672,23008,dolly girl baby gift set,3,2011-10-11 14:52:00,16.95,12536.0,France,50.849999999999994
570420,22475,skull design tv dinner tray,1,2011-10-10 13:33:00,4.95,17841.0,United Kingdom,4.95
557427,22948,metal decoration naughty children,24,2011-06-20 12:14:00,0.85,12429.0,Denmark,20.4
578231,21928,jumbo bag scandinavian blue paisley,20,2011-11-23 12:05:00,2.08,14527.0,United Kingdom,41.6
538069,22071,small white retrospot mug in box,2,2010-12-09 14:08:00,3.75,16795.0,United Kingdom,7.5
578926,21080,set/20 red retrospot paper napkins,2,2011-11-27 12:24:00,0.85,18156.0,United Kingdom,1.7
560601,22664,toy tidy dolly girl design,1,2011-07-19 17:17:00,2.1,16764.0,United Kingdom,2.1
537129,48185,doormat fairy cake,2,2010-12-05 12:15:00,7.95,13506.0,United Kingdom,15.9
578811,47591D,pink fairy cake childrens apron,8,2011-11-25 13:28:00,1.95,12438.0,Norway,15.6
538488,82552,washroom metal sign,6,2010-12-12 12:41:00,1.45,13715.0,United Kingdom,8.7
573572,22946,wooden advent calendar cream,1,2011-10-31 14:03:00,16.95,14527.0,United Kingdom,16.95
540043,22112,chocolate hot water bottle,1,2011-01-04 14:21:00,4.95,15164.0,United Kingdom,4.95
563564,22762,cupboard 3 drawer ma campagne,2,2011-08-17 14:11:00,14.95,16633.0,United Kingdom,29.9
577773,23183,mother's kitchen spoon rest,3,2011-11-21 15:57:00,3.75,16712.0,United Kingdom,11.25
547195,20914,set/5 red retrospot lid glass bowls,12,2011-03-21 12:42:00,2.95,17204.0,United Kingdom,35.400000000000006
544673,22639,set of 4 napkin charms hearts,3,2011-02-22 15:46:00,2.55,13421.0,United Kingdom,7.6499999999999995
539572,22891,tea for one polkadot,6,2010-12-20 12:14:00,4.25,14113.0,United Kingdom,25.5
539590,17091J,vanilla incense in tin,36,2010-12-20 13:21:00,0.38,14733.0,United Kingdom,13.68
571046,21034,rex cash+carry jumbo shopper,2,2011-10-13 13:35:00,0.95,18096.0,United Kingdom,1.9
577536,22562,monsters stencil craft,1,2011-11-20 14:14:00,1.25,15850.0,United Kingdom,1.25
539498,22891,tea for one polkadot,3,2010-12-20 10:48:00,4.25,15279.0,United Kingdom,12.75
568938,23251,vintage red enamel trim mug,5,2011-09-29 14:46:00,1.25,17220.0,United Kingdom,6.25
561885,22607,wooden rounders garden set,1,2011-07-31 13:13:00,9.95,15532.0,United Kingdom,9.95
579414,22910,paper chain kit vintage christmas,2,2011-11-29 12:52:00,2.95,14719.0,United Kingdom,5.9
574047,22492,mini paint set vintage,36,2011-11-02 13:26:00,0.65,13318.0,United Kingdom,23.400000000000002
572242,22843,biscuit tin vintage green,4,2011-10-21 15:36:00,6.75,15677.0,United Kingdom,27.0
574655,21745,gaolers keys decorative garden,3,2011-11-06 11:35:00,3.75,16466.0,United Kingdom,11.25
546553,22251,birdhouse decoration magic garden,12,2011-03-15 08:52:00,1.25,13499.0,United Kingdom,15.0
561625,16219,house shape pencil sharpener,96,2011-07-28 14:03:00,0.06,16843.0,United Kingdom,5.76
537244,22027,tea party birthday card,12,2010-12-06 10:20:00,0.42,17674.0,United Kingdom,5.04
556776,22927,green giant garden thermometer,2,2011-06-14 12:24:00,5.95,14730.0,United Kingdom,11.9
564139,22173,metal 4 hook hanger french chateau,1,2011-08-23 11:41:00,2.95,16904.0,United Kingdom,2.95
574669,22531,magic drawing slate circus parade,24,2011-11-06 12:16:00,0.42,13727.0,United Kingdom,10.08
580518,21850,blue  diamante pen in gift box,1,2011-12-04 14:45:00,4.95,13435.0,United Kingdom,4.95
546538,21155,red retrospot peg bag,6,2011-03-14 14:51:00,2.55,16327.0,United Kingdom,15.299999999999999
566708,22738,ribbon reel snowy village,120,2011-09-14 11:55:00,1.45,13078.0,United Kingdom,174.0
575366,23581,jumbo bag paisley park,10,2011-11-09 15:02:00,2.08,14621.0,United Kingdom,20.8
572921,46000S,polyester filler pad 40x40cm,1,2011-10-26 16:57:00,1.45,15993.0,United Kingdom,1.45
571044,22086,paper chain kit 50's christmas,6,2011-10-13 13:24:00,2.95,14421.0,United Kingdom,17.700000000000003
573955,21770,open closed metal sign,2,2011-11-02 10:51:00,4.95,14216.0,United Kingdom,9.9
555736,22348,tea bag plate red retrospot,24,2011-06-07 09:13:00,0.85,17730.0,United Kingdom,20.4
545069,21383,pack of 12 sticky bunnies,24,2011-02-27 15:25:00,0.65,14745.0,United Kingdom,15.600000000000001
544460,22274,feltcraft doll emily,1,2011-02-20 14:01:00,2.95,16931.0,United Kingdom,2.95
565766,21172,party metal sign,2,2011-09-06 14:23:00,1.45,17841.0,United Kingdom,2.9
558731,22082,ribbon reel stripes design,10,2011-07-01 14:53:00,1.65,13285.0,United Kingdom,16.5
538511,21259,victorian sewing box small,4,2010-12-12 13:56:00,5.95,13959.0,United Kingdom,23.8
568101,23344,jumbo bag 50's christmas,10,2011-09-23 15:21:00,2.08,15978.0,United Kingdom,20.8
540349,22383,lunch bag suki  design,10,2011-01-06 14:07:00,1.65,15379.0,United Kingdom,16.5
552325,22895,set of 2 tea towels apple and pears,6,2011-05-09 09:47:00,3.25,12490.0,France,19.5
556510,23170,regency tea plate roses,12,2011-06-13 10:36:00,1.65,14911.0,EIRE,19.799999999999997
567165,21931,jumbo storage bag suki,1,2011-09-18 11:58:00,2.08,17841.0,United Kingdom,2.08
554156,21169,you're confusing me metal sign,48,2011-05-23 11:28:00,1.45,13798.0,United Kingdom,69.6
579459,21106,cream slice flannel chocolate spot,24,2011-11-29 14:38:00,2.55,17173.0,United Kingdom,61.199999999999996
558123,23051,recycled acapulco mat blue,2,2011-06-27 10:16:00,8.25,15834.0,United Kingdom,16.5
575687,22940,feltcraft christmas fairy,24,2011-11-10 16:03:00,4.25,16126.0,United Kingdom,102.0
559545,22596,christmas star wish list chalkboard,12,2011-07-10 14:42:00,1.25,15467.0,United Kingdom,15.0
575886,23206,lunch bag apple design,2,2011-11-11 13:57:00,1.65,12517.0,Germany,3.3
565117,22360,glass jar english confectionery,6,2011-09-01 11:33:00,2.95,13089.0,United Kingdom,17.700000000000003
543737,22449,silk purse babushka pink,6,2011-02-11 12:45:00,3.35,12477.0,Germany,20.1
554658,20724,red retrospot charlotte bag,10,2011-05-25 14:18:00,0.85,12839.0,United Kingdom,8.5
572089,22413,metal sign take it or leave it,6,2011-10-20 14:33:00,2.95,15565.0,United Kingdom,17.700000000000003
538942,82001S,vinyl record frame silver,1,2010-12-15 11:14:00,3.75,17346.0,United Kingdom,3.75
574444,21891,traditional wooden skipping rope,1,2011-11-04 11:41:00,1.45,18122.0,United Kingdom,1.45
574015,71459,hanging jam jar t-light holders,24,2011-11-02 12:03:00,0.85,15576.0,United Kingdom,20.4
554326,23170,regency tea plate roses,12,2011-05-23 16:32:00,1.65,13737.0,United Kingdom,19.799999999999997
548757,22293,hanging chick green decoration,24,2011-04-04 12:31:00,1.45,17419.0,United Kingdom,34.8
536607,21733,red hanging heart t-light holder,6,2010-12-02 09:29:00,2.95,17732.0,United Kingdom,17.700000000000003
572882,21914,blue harmonica in box,12,2011-10-26 13:36:00,1.25,18226.0,United Kingdom,15.0
553384,22382,lunch bag spaceboy design,4,2011-05-16 15:53:00,1.65,16899.0,United Kingdom,6.6
550656,22554,plasters in tin woodland animals,12,2011-04-20 08:07:00,1.65,17652.0,United Kingdom,19.799999999999997
536745,22737,ribbon reel christmas present,10,2010-12-02 13:38:00,1.65,17235.0,United Kingdom,16.5
573139,22279,pocket bag blue paisley red spot,4,2011-10-27 17:29:00,1.25,14716.0,United Kingdom,5.0
538679,84029E,red woolly hottie white heart.,4,2010-12-13 17:03:00,3.75,16455.0,United Kingdom,15.0
544945,22384,lunch bag pink polkadot,10,2011-02-25 10:53:00,1.65,17735.0,United Kingdom,16.5
571306,23354,6 gift tags 50's christmas,48,2011-10-17 09:57:00,0.83,16701.0,United Kingdom,39.839999999999996
574328,21497,fancy fonts birthday wrap,25,2011-11-04 09:05:00,0.42,13081.0,United Kingdom,10.5
575732,15056P,edwardian parasol pink,3,2011-11-11 08:19:00,5.95,12712.0,Germany,17.85
578935,23552,bicycle puncture repair kit,1,2011-11-27 12:52:00,2.08,15351.0,United Kingdom,2.08
560299,37327,asstd multicolour circles mug,48,2011-07-18 10:28:00,0.39,17593.0,United Kingdom,18.72
549128,84406B,cream cupid hearts coat hanger,3,2011-04-06 14:25:00,4.15,16713.0,United Kingdom,12.450000000000001
557958,47599B,blue party bags,3,2011-06-23 19:27:00,2.1,16161.0,United Kingdom,6.300000000000001
537415,22960,jam making set with jars,6,2010-12-06 15:09:00,4.25,16654.0,United Kingdom,25.5
545349,22520,childs garden trowel blue,3,2011-03-02 11:07:00,0.85,18118.0,United Kingdom,2.55
575943,85178,victorian sewing kit,4,2011-11-13 11:44:00,1.25,17920.0,United Kingdom,5.0
567917,85111,silver glitter flower votive holder,36,2011-09-22 17:19:00,0.29,14298.0,United Kingdom,10.44
548259,35095B,red victorian fabric oval box,6,2011-03-30 11:12:00,0.42,14099.0,United Kingdom,2.52
560997,22554,plasters in tin woodland animals,12,2011-07-22 13:59:00,1.65,12627.0,Germany,19.799999999999997
574681,21790,vintage snap cards,12,2011-11-06 12:41:00,0.85,15156.0,United Kingdom,10.2
553856,20622,vippassport cover,1,2011-05-19 13:28:00,2.1,16813.0,United Kingdom,2.1
575843,23203,jumbo bag vintage doily,1,2011-11-11 12:02:00,2.08,14446.0,United Kingdom,2.08
576212,85227,set of 6 3d kit cards for kids,8,2011-11-14 12:45:00,0.85,18082.0,United Kingdom,6.8
571441,22414,doormat neighbourhood witch,3,2011-10-17 13:31:00,15.79,14096.0,United Kingdom,47.37
562213,23242,treasure tin buffalo bill,6,2011-08-03 13:39:00,2.08,13975.0,United Kingdom,12.48
550960,84279B,cherry blossom decorative flask,4,2011-04-21 16:39:00,3.75,12622.0,Germany,15.0
572281,22737,ribbon reel christmas present,5,2011-10-23 11:10:00,1.65,17211.0,United Kingdom,8.25
551033,22670,french wc sign blue metal,4,2011-04-26 11:32:00,1.25,15039.0,United Kingdom,5.0
567236,20914,set/5 red retrospot lid glass bowls,32,2011-09-19 11:33:00,2.55,14735.0,United Kingdom,81.6
552446,22727,alarm clock bakelike red,3,2011-05-09 13:28:00,3.75,16729.0,United Kingdom,11.25
547358,21504,skulls greeting card,12,2011-03-22 12:25:00,0.42,15998.0,United Kingdom,5.04
578697,23190,bundle of 3 school exercise books,12,2011-11-25 10:03:00,1.65,14132.0,United Kingdom,19.799999999999997
569486,22586,feltcraft hairband pink and blue,12,2011-10-04 12:51:00,0.85,15339.0,United Kingdom,10.2
569491,22723,set of 6 herb tins sketchbook,1,2011-10-04 13:25:00,3.95,14056.0,United Kingdom,3.95
569261,22562,monsters stencil craft,1,2011-10-03 11:34:00,1.25,17321.0,United Kingdom,1.25
545188,22441,grow your own basil in enamel mug,2,2011-02-28 15:19:00,2.1,14056.0,United Kingdom,4.2
537837,20668,disco ball christmas decoration,96,2010-12-08 14:59:00,0.12,13077.0,United Kingdom,11.52
579002,22123,ping microwave apron,4,2011-11-27 16:27:00,1.95,14093.0,United Kingdom,7.8
569461,23355,hot water bottle keep calm,4,2011-10-04 11:36:00,4.95,16556.0,United Kingdom,19.8
552824,22178,victorian glass hanging t-light,3,2011-05-11 13:16:00,1.25,14056.0,United Kingdom,3.75
554264,84946,antique silver t-light glass,12,2011-05-23 12:35:00,1.25,15602.0,United Kingdom,15.0
572103,22925,blue giant garden thermometer,4,2011-10-20 15:57:00,5.95,17571.0,United Kingdom,23.8
541844,20970,pink floral feltcraft shoulder bag,1,2011-01-23 12:19:00,3.75,16931.0,United Kingdom,3.75
567197,22485,set of 2 wooden market crates,4,2011-09-19 10:10:00,12.75,14934.0,Channel Islands,51.0
576538,23204,charlotte bag apples design,10,2011-11-15 12:42:00,0.85,14725.0,United Kingdom,8.5
541565,21928,jumbo bag scandinavian paisley,10,2011-01-19 11:48:00,1.95,14527.0,United Kingdom,19.5
575089,22952,60 cake cases vintage christmas,24,2011-11-08 14:02:00,0.55,13437.0,United Kingdom,13.200000000000001
538844,22667,recipe box retrospot,24,2010-12-14 13:19:00,2.55,14680.0,United Kingdom,61.199999999999996
547662,84879,assorted colour bird ornament,16,2011-03-24 13:12:00,1.69,14085.0,United Kingdom,27.04
577812,22469,heart of wicker small,12,2011-11-22 08:56:00,1.65,16956.0,United Kingdom,19.799999999999997
569110,23245,set of 3 regency cake tins,4,2011-09-30 12:44:00,4.95,17675.0,United Kingdom,19.8
579196,23058,christmas hanging snowflake,1,2011-11-28 15:54:00,4.96,14096.0,United Kingdom,4.96
571565,84988,set of 72 pink heart paper doilies,12,2011-10-18 10:18:00,1.45,12720.0,Germany,17.4
552298,22797,chest of drawers gingham heart,1,2011-05-08 14:18:00,16.95,14507.0,United Kingdom,16.95
575918,23416,chambre hook,6,2011-11-11 16:58:00,1.65,17191.0,United Kingdom,9.899999999999999
568653,22065,christmas pudding trinket pot,432,2011-09-28 12:16:00,0.39,13798.0,United Kingdom,168.48000000000002
547934,22090,paper bunting retrospot,6,2011-03-28 14:07:00,2.95,12474.0,Germany,17.700000000000003
552696,21136,painted metal pears assorted,8,2011-05-10 15:48:00,1.69,13592.0,United Kingdom,13.52
568400,22940,feltcraft christmas fairy,4,2011-09-27 10:27:00,4.25,13644.0,United Kingdom,17.0
567340,23306,set of 36 doilies pantry design,12,2011-09-19 15:02:00,1.45,12540.0,Spain,17.4
544462,84536B,fairy cakes notebook a7 size,8,2011-02-20 14:21:00,0.42,17050.0,United Kingdom,3.36
544569,22668,pink baby bunting,5,2011-02-21 12:58:00,2.95,16980.0,United Kingdom,14.75
577504,23582,vintage doily jumbo bag red,2,2011-11-20 12:36:00,2.08,14159.0,United Kingdom,4.16
579456,21383,pack of 12 sticky bunnies,1,2011-11-29 14:20:00,0.65,13428.0,United Kingdom,0.65
553522,23301,gardeners kneeling pad keep calm,3,2011-05-17 14:43:00,1.65,15005.0,United Kingdom,4.949999999999999
542147,22766,photo frame cornice,8,2011-01-26 10:02:00,2.95,12782.0,Portugal,23.6
579544,22831,white brocante soap dish,6,2011-11-30 10:15:00,2.95,14540.0,United Kingdom,17.700000000000003
563382,22791,t-light glass fluted antique,12,2011-08-16 10:50:00,1.25,18221.0,United Kingdom,15.0
565781,21210,set of 72 retrospot paper  doilies,12,2011-09-06 15:34:00,1.45,13098.0,United Kingdom,17.4
548486,22979,pantry washing up brush,12,2011-03-31 12:51:00,1.45,12909.0,United Kingdom,17.4
556303,22720,set of 3 cake tins pantry design,3,2011-06-10 10:26:00,4.95,17064.0,United Kingdom,14.850000000000001
558771,21390,filigris heart with butterfly,10,2011-07-03 15:53:00,1.25,17105.0,United Kingdom,12.5
576653,84992,72 sweetheart fairy cake cases,240,2011-11-16 10:45:00,0.42,14156.0,EIRE,100.8
545309,22508,doorstop retrospot heart,4,2011-03-01 13:40:00,3.75,13884.0,United Kingdom,15.0
578270,21993,floral folk stationery set,12,2011-11-23 13:39:00,2.46,14096.0,United Kingdom,29.52
559143,21718,red metal beach spade,1,2011-07-06 14:04:00,1.25,15581.0,United Kingdom,1.25
564346,23239,set of 4 knick knack tins poppies,6,2011-08-24 14:54:00,4.15,15727.0,United Kingdom,24.900000000000002
580705,22972,children's spaceboy mug,12,2011-12-05 16:28:00,1.65,12683.0,France,19.799999999999997
545279,21239,pink  polkadot cup,16,2011-03-01 11:36:00,0.85,17811.0,United Kingdom,13.6
547094,20749,assorted colour mini cases,12,2011-03-21 08:39:00,6.35,13934.0,United Kingdom,76.19999999999999
551959,22799,sweetheart wire fruit bowl,2,2011-05-05 12:38:00,8.5,13883.0,United Kingdom,17.0
549300,22105,mirror mosaic goblet candle holder,4,2011-04-08 08:21:00,4.25,13362.0,United Kingdom,17.0
564201,23548,wrap magic forest,25,2011-08-24 08:09:00,0.42,12540.0,Spain,10.5
559678,21000,rose du sud cosmetics bag,1,2011-07-11 14:43:00,4.25,16033.0,United Kingdom,4.25
571909,16236,kitty pencil erasers,1,2011-10-19 15:08:00,0.21,15006.0,United Kingdom,0.21
544462,22561,wooden school colouring set,6,2011-02-20 14:21:00,1.65,17050.0,United Kingdom,9.899999999999999
536587,22548,heads and tails sporting fun,12,2010-12-01 16:33:00,1.25,14142.0,United Kingdom,15.0
549560,22488,natural slate rectangle chalkboard,4,2011-04-10 13:26:00,1.65,15058.0,United Kingdom,6.6
537301,22694,wicker star,4,2010-12-06 11:38:00,2.1,15860.0,United Kingdom,8.4
564643,23241,treasure tin gymkhana design,2,2011-08-26 13:25:00,2.08,15356.0,United Kingdom,4.16
568409,23341,pink diner wall clock,2,2011-09-27 10:41:00,8.5,15701.0,United Kingdom,17.0
574573,84944,set of 6 kashmir folkart baubles,1,2011-11-04 16:35:00,1.65,14592.0,United Kingdom,1.65
538652,20802,small glass sundae dish clear,6,2010-12-13 15:12:00,1.65,17890.0,United Kingdom,9.899999999999999
557130,21975,pack of 60 dinosaur cake cases,120,2011-06-17 08:09:00,0.42,14005.0,United Kingdom,50.4
576098,23100,silver bells table decoration,24,2011-11-14 10:01:00,1.25,14862.0,United Kingdom,30.0
578270,84950,assorted colour t-light holder,6,2011-11-23 13:39:00,1.38,14096.0,United Kingdom,8.28
579416,23392,spaceboy rocket lolly makers,18,2011-11-29 13:00:00,2.08,12471.0,Germany,37.44
580027,70007,hi tec alpine hand warmer,4,2011-12-01 12:01:00,1.65,14178.0,United Kingdom,6.6
550514,22619,set of 6 soldier skittles,4,2011-04-18 16:49:00,3.75,14631.0,United Kingdom,15.0
580089,22910,paper chain kit vintage christmas,6,2011-12-01 14:34:00,2.95,14732.0,United Kingdom,17.700000000000003
554557,21684,small medina stamped metal bowl,12,2011-05-25 10:12:00,0.85,15804.0,United Kingdom,10.2
580272,23090,vintage glass t-light holder,12,2011-12-02 12:52:00,0.83,15547.0,United Kingdom,9.959999999999999
570452,POST,postage,2,2011-10-10 15:15:00,18.0,12427.0,Germany,36.0
549734,84991,60 teatime fairy cake cases,4,2011-04-11 17:12:00,0.55,16409.0,United Kingdom,2.2
561902,23297,set 40 heart shape petit four cases,240,2011-07-31 15:50:00,1.65,17404.0,Sweden,396.0
538171,22835,hot water bottle i am so poorly,1,2010-12-09 20:01:00,4.65,17530.0,United Kingdom,4.65
578997,20764,abstract circles sketchbook,1,2011-11-27 16:02:00,3.75,18001.0,United Kingdom,3.75
547102,22979,pantry washing up brush,12,2011-03-21 10:41:00,1.45,14245.0,United Kingdom,17.4
552905,22806,set of 6 t-lights wedding cake,6,2011-05-12 11:10:00,2.95,15974.0,United Kingdom,17.700000000000003
556910,23077,doughnut lip gloss,20,2011-06-15 13:25:00,1.25,12748.0,United Kingdom,25.0
558089,16161U,wrap suki and friends,50,2011-06-26 12:36:00,0.42,13505.0,Switzerland,21.0
574096,21755,love building block word,18,2011-11-03 09:55:00,5.45,13599.0,United Kingdom,98.10000000000001
537468,22110,bird house hot water bottle,12,2010-12-07 10:36:00,2.55,12567.0,France,30.599999999999998
554151,20749,assorted colour mini cases,2,2011-05-23 11:07:00,7.95,14049.0,United Kingdom,15.9
561192,21745,gaolers keys decorative garden,1,2011-07-25 13:45:00,3.75,16033.0,United Kingdom,3.75
540803,21467,cherry crochet food cover,1,2011-01-11 12:30:00,3.75,14669.0,United Kingdom,3.75
540247,22752,set 7 babushka nesting boxes,1,2011-01-05 15:56:00,8.5,15464.0,United Kingdom,8.5
558331,22460,embossed glass tealight holder,192,2011-06-28 12:21:00,1.06,17391.0,United Kingdom,203.52
540414,22896,peg bag apples design,12,2011-01-07 10:32:00,2.55,12481.0,Germany,30.599999999999998
544813,22084,paper chain kit empire,10,2011-02-23 16:23:00,2.95,15984.0,United Kingdom,29.5
572309,17012A,origami vanilla incense/candle set,10,2011-10-23 15:29:00,0.85,14432.0,United Kingdom,8.5
569824,20726,lunch bag woodland,2,2011-10-06 12:22:00,1.65,17295.0,United Kingdom,3.3
572316,85017B,envelope 50 blossom images,1,2011-10-23 16:13:00,0.42,17836.0,United Kingdom,0.42
536749,20967,grey floral feltcraft shoulder bag,1,2010-12-02 13:49:00,3.75,17976.0,United Kingdom,3.75
546924,22556,plasters in tin circus parade,12,2011-03-18 10:06:00,1.65,14059.0,United Kingdom,19.799999999999997
568531,22727,alarm clock bakelike red,2,2011-09-27 13:49:00,3.75,16713.0,United Kingdom,7.5
578335,85230B,cinnamon scented votive candle,24,2011-11-24 09:06:00,0.29,17481.0,United Kingdom,6.959999999999999
555728,85114B,ivory enchanted forest placemat,5,2011-06-06 16:41:00,1.65,17252.0,United Kingdom,8.25
566561,22551,plasters in tin spaceboy,12,2011-09-13 12:13:00,1.65,18145.0,United Kingdom,19.799999999999997
539659,22666,recipe box pantry yellow design,3,2010-12-21 09:47:00,2.95,15034.0,United Kingdom,8.850000000000001
549680,20728,lunch bag cars blue,10,2011-04-11 13:02:00,1.65,12701.0,Germany,16.5
552290,20975,12 pencils small tube red retrospot,3,2011-05-08 13:32:00,0.65,16007.0,United Kingdom,1.9500000000000002
553832,21025,space frog,10,2011-05-19 11:38:00,1.25,12957.0,United Kingdom,12.5
571047,23312,vintage christmas gift sack,4,2011-10-13 13:42:00,4.15,16042.0,United Kingdom,16.6
544303,22993,set of 4 pantry jelly moulds,2,2011-02-17 13:28:00,1.25,18116.0,United Kingdom,2.5
551142,15058C,ice cream design garden parasol,1,2011-04-26 13:22:00,7.95,17613.0,United Kingdom,7.95
566021,21356,toast its - fairy flower,24,2011-09-08 12:47:00,1.25,15306.0,United Kingdom,30.0
536623,21672,white spot red ceramic drawer knob,12,2010-12-02 10:39:00,1.25,15601.0,United Kingdom,15.0
576658,22454,measuring tape babushka red,4,2011-11-16 11:05:00,2.95,14534.0,United Kingdom,11.8
576212,84032B,charlie + lola red hot water bottle,5,2011-11-14 12:45:00,2.95,18082.0,United Kingdom,14.75
567656,20677,pink polkadot bowl,2,2011-09-21 14:40:00,2.46,14096.0,United Kingdom,4.92
540248,21843,red retrospot cake stand,3,2011-01-05 15:57:00,10.95,15034.0,United Kingdom,32.849999999999994
554270,23091,zinc herb garden container,6,2011-05-23 13:05:00,6.25,15046.0,United Kingdom,37.5
577538,22467,gumball coat rack,6,2011-11-20 14:20:00,2.55,18040.0,United Kingdom,15.299999999999999
546108,84750B,black small glass cake stand,3,2011-03-09 12:35:00,1.95,15529.0,United Kingdom,5.85
568999,23378,pack of 12 50's christmas tissues,24,2011-09-29 17:34:00,0.39,15949.0,United Kingdom,9.36
559508,22907,pack of 20 napkins pantry design,1,2011-07-08 15:23:00,0.85,12748.0,United Kingdom,0.85
565388,21533,retrospot large milk jug,1,2011-09-02 15:56:00,4.95,14415.0,United Kingdom,4.95
580727,22720,set of 3 cake tins pantry design,5,2011-12-05 17:17:00,10.79,14096.0,United Kingdom,53.949999999999996
569867,POST,postage,2,2011-10-06 14:54:00,18.0,12569.0,Germany,36.0
539414,85038,6 chocolate love heart t-lights,6,2010-12-17 13:45:00,2.1,16931.0,United Kingdom,12.600000000000001
572192,20679,edwardian parasol red,1,2011-10-21 11:30:00,5.95,18118.0,United Kingdom,5.95
558888,23202,jumbo bag vintage leaf,1,2011-07-04 15:29:00,2.08,14056.0,United Kingdom,2.08
574690,22540,mini jigsaw circus parade,24,2011-11-06 13:11:00,0.42,12638.0,Sweden,10.08
576071,20979,36 pencils tube red retrospot,2,2011-11-13 16:03:00,1.25,18069.0,United Kingdom,2.5
574336,22692,doormat welcome to our home,2,2011-11-04 09:52:00,8.25,12397.0,Belgium,16.5
577126,21232,strawberry ceramic trinket pot,24,2011-11-17 19:22:00,1.25,12406.0,Denmark,30.0
547658,82600,no singing metal sign,2,2011-03-24 13:04:00,2.1,13736.0,United Kingdom,4.2
572033,20971,pink blue felt craft trinket box,12,2011-10-20 11:58:00,1.25,14447.0,United Kingdom,15.0
550493,23199,jumbo bag apples,2,2011-04-18 14:50:00,2.08,15311.0,United Kingdom,4.16
580727,21982,pack of 12 suki tissues,6,2011-12-05 17:17:00,0.83,14096.0,United Kingdom,4.9799999999999995
568191,70007,hi tec alpine hand warmer,10,2011-09-25 14:37:00,1.65,16655.0,United Kingdom,16.5
540839,22568,feltcraft cushion owl,1,2011-01-11 15:42:00,3.75,16791.0,United Kingdom,3.75
566975,85099B,jumbo bag red retrospot,20,2011-09-16 09:24:00,2.08,13599.0,United Kingdom,41.6
574275,23088,zinc heart flower t-light holder,16,2011-11-03 14:37:00,1.25,12352.0,Norway,20.0
578805,20677,pink polkadot bowl,8,2011-11-25 12:57:00,1.25,16401.0,United Kingdom,10.0
564660,22569,feltcraft cushion butterfly,4,2011-08-26 14:45:00,3.75,15074.0,United Kingdom,15.0
547358,85061W,white jewelled heart decoration,8,2011-03-22 12:25:00,0.85,15998.0,United Kingdom,6.8
536972,22625,red kitchen scales,4,2010-12-03 13:42:00,8.5,16926.0,United Kingdom,34.0
571169,22928,yellow giant garden thermometer,2,2011-10-14 10:28:00,5.95,16168.0,United Kingdom,11.9
539010,85099C,jumbo  bag baroque black white,2,2010-12-15 13:24:00,1.95,15005.0,United Kingdom,3.9
539455,90177B,drop diamante earrings black diamon,1,2010-12-17 17:17:00,2.95,12748.0,United Kingdom,2.95
557468,82483,wood 2 drawer cabinet white finish,2,2011-06-20 13:14:00,6.95,16713.0,United Kingdom,13.9
568049,23403,letter holder home sweet home,3,2011-09-23 12:38:00,3.75,17841.0,United Kingdom,11.25
540976,22139,retrospot tea set ceramic 11 pc,3,2011-01-12 15:00:00,4.95,12652.0,France,14.850000000000001
559421,21245,green polkadot plate,8,2011-07-08 11:55:00,1.69,12648.0,Germany,13.52
561330,15056BL,edwardian parasol black,3,2011-07-26 14:03:00,5.95,16019.0,United Kingdom,17.85
550675,20914,set/5 red retrospot lid glass bowls,12,2011-04-20 10:39:00,2.95,15260.0,United Kingdom,35.400000000000006
579571,16054,popart rect pencil sharpener asst,36,2011-11-30 11:48:00,0.12,16657.0,United Kingdom,4.32
540458,21090,set/6 collage paper plates,12,2011-01-07 12:28:00,0.85,12501.0,Germany,10.2
566564,23208,lunch bag vintage leaf design,6,2011-09-13 12:26:00,1.65,15522.0,United Kingdom,9.899999999999999
571890,23355,hot water bottle keep calm,4,2011-10-19 14:05:00,4.95,16826.0,United Kingdom,19.8
580822,23365,set 12 colour pencils love london,1,2011-12-06 11:33:00,0.65,17884.0,United Kingdom,0.65
566291,47504K,english rose garden secateurs,12,2011-09-11 15:31:00,0.79,12965.0,United Kingdom,9.48
545053,22248,decoration  pink chick magic garden,1,2011-02-27 12:41:00,0.85,17516.0,United Kingdom,0.85
576381,23240,set of 4 knick knack tins doily,6,2011-11-15 09:26:00,4.15,12839.0,United Kingdom,24.900000000000002
578817,22662,lunch bag dolly girl design,2,2011-11-25 13:45:00,1.65,16764.0,United Kingdom,3.3
561112,21539,red retrospot butter dish,1,2011-07-25 11:53:00,4.95,14606.0,United Kingdom,4.95
571281,23397,foot stool home sweet home,26,2011-10-16 13:23:00,8.15,14088.0,United Kingdom,211.9
580727,16238,party time pencil erasers,10,2011-12-05 17:17:00,0.42,14096.0,United Kingdom,4.2
569472,23321,small white heart of wicker,6,2011-10-04 12:38:00,1.65,14515.0,United Kingdom,9.899999999999999
544471,84029G,knitted union flag hot water bottle,12,2011-02-21 08:50:00,3.75,18094.0,United Kingdom,45.0
578544,22770,mirror cornice,2,2011-11-24 15:01:00,14.95,17096.0,United Kingdom,29.9
554497,22570,feltcraft cushion rabbit,4,2011-05-24 14:38:00,3.75,15819.0,United Kingdom,15.0
553210,22524,childrens garden gloves blue,20,2011-05-16 09:40:00,1.25,14016.0,EIRE,25.0
578349,21828,eight piece snake  set,12,2011-11-24 09:50:00,1.25,14539.0,United Kingdom,15.0
572499,23318,box of 6 mini vintage crackers,6,2011-10-24 14:10:00,2.49,15786.0,United Kingdom,14.940000000000001
552710,23171,regency tea plate green,12,2011-05-11 07:35:00,1.65,13098.0,United Kingdom,19.799999999999997
543055,22781,gumball magazine rack,2,2011-02-03 10:41:00,7.65,12502.0,Spain,15.3
565208,48194,doormat hearts,4,2011-09-01 16:50:00,7.95,18172.0,United Kingdom,31.8
558888,22730,alarm clock bakelike ivory,1,2011-07-04 15:29:00,3.75,14056.0,United Kingdom,3.75
538945,22423,regency cakestand 3 tier,16,2010-12-15 11:22:00,10.95,17230.0,United Kingdom,175.2
556107,23298,spotty bunting,2,2011-06-08 17:09:00,4.95,17360.0,United Kingdom,9.9
567478,22847,bread bin diner style ivory,1,2011-09-20 13:21:00,16.95,12584.0,Italy,16.95
578298,84987,set of 36 teatime paper doilies,12,2011-11-23 14:52:00,1.45,12619.0,Germany,17.4
557145,20725,lunch bag red retrospot,30,2011-06-17 10:43:00,1.65,17139.0,United Kingdom,49.5
573748,23171,regency tea plate green,12,2011-11-01 09:24:00,1.65,14911.0,EIRE,19.799999999999997
539654,22729,alarm clock bakelike orange,9,2010-12-20 17:05:00,3.75,17340.0,United Kingdom,33.75
564725,23350,roll wrap vintage spot,1,2011-08-28 12:28:00,1.25,18041.0,United Kingdom,1.25
541205,21067,vintage red teatime mug,1,2011-01-14 12:23:00,1.25,18106.0,United Kingdom,1.25
571441,22446,pin cushion babushka pink,1,2011-10-17 13:31:00,2.46,14096.0,United Kingdom,2.46
556255,48173C,doormat black flock,300,2011-06-09 17:27:00,4.58,18102.0,United Kingdom,1374.0
543842,22693,grow a flytrap or sunflower in tin,1056,2011-02-14 11:22:00,1.06,16333.0,United Kingdom,1119.3600000000001
568780,23436,vintage christmas gift bag large,20,2011-09-29 08:27:00,1.25,18235.0,United Kingdom,25.0
575258,90161C,ant copper lime boudicca bracelet,1,2011-11-09 12:00:00,4.95,13623.0,United Kingdom,4.95
559057,21774,decorative cats bathroom bottle,12,2011-07-06 09:46:00,1.25,13089.0,United Kingdom,15.0
539211,21903,man flu metal sign,4,2010-12-16 12:15:00,2.1,16743.0,United Kingdom,8.4
547666,20914,set/5 red retrospot lid glass bowls,6,2011-03-24 13:23:00,2.95,14235.0,United Kingdom,17.700000000000003
554940,21908,chocolate this way metal sign,12,2011-05-27 13:49:00,2.1,12494.0,France,25.200000000000003
555249,22980,pantry scrubbing brush,1,2011-06-01 14:57:00,1.65,17472.0,United Kingdom,1.65
565250,22191,ivory diner wall clock,2,2011-09-02 10:42:00,8.5,13643.0,United Kingdom,17.0
541552,22670,french wc sign blue metal,2,2011-01-19 11:15:00,1.25,15039.0,United Kingdom,2.5
544060,21591,cosy hour cigar box matches,1,2011-02-15 13:08:00,1.25,13623.0,United Kingdom,1.25
559316,22990,cotton apron pantry design,2,2011-07-07 13:54:00,4.95,12647.0,Germany,9.9
551835,23283,doormat vintage leaves design,2,2011-05-04 13:17:00,7.95,17646.0,United Kingdom,15.9
537605,22804,candleholder pink hanging heart,4,2010-12-07 13:13:00,2.95,16221.0,United Kingdom,11.8
561060,23176,abc treasure book box,8,2011-07-24 13:30:00,2.25,17703.0,United Kingdom,18.0
573914,22120,welcome  wooden block letters,3,2011-11-01 15:53:00,9.95,14383.0,United Kingdom,29.849999999999998
540043,22891,tea for one polkadot,1,2011-01-04 14:21:00,4.25,15164.0,United Kingdom,4.25
564329,21843,red retrospot cake stand,1,2011-08-24 13:55:00,10.95,12569.0,Germany,10.95
579545,23343,jumbo bag vintage christmas,40,2011-11-30 10:18:00,2.08,13098.0,United Kingdom,83.2
555648,21154,red retrospot oven glove,2,2011-06-06 13:46:00,1.25,14623.0,United Kingdom,2.5
574275,22978,pantry rolling pin,6,2011-11-03 14:37:00,3.75,12352.0,Norway,22.5
580691,22749,feltcraft princess charlotte doll,4,2011-12-05 15:48:00,3.75,13790.0,United Kingdom,15.0
569650,22620,4 traditional spinning tops,48,2011-10-05 12:44:00,1.45,12415.0,Australia,69.6
569852,23083,set 6 paper table lantern stars,24,2011-10-06 14:17:00,3.75,13771.0,United Kingdom,90.0
575587,23569,tradtional alphabet stamp set,2,2011-11-10 12:01:00,4.95,17461.0,United Kingdom,9.9
563354,82551,laundry 15c metal sign,1,2011-08-15 14:35:00,1.45,15271.0,United Kingdom,1.45
537955,22698,pink regency teacup and saucer,1,2010-12-09 11:28:00,2.95,16782.0,United Kingdom,2.95
571243,23370,set 36 colouring pencils doily,16,2011-10-14 15:26:00,1.25,14595.0,United Kingdom,20.0
555938,22898,childrens apron apples design,8,2011-06-08 09:58:00,1.95,14257.0,United Kingdom,15.6
557798,22212,four hook  white lovebirds,12,2011-06-23 09:38:00,2.1,16187.0,United Kingdom,25.200000000000003
573008,22713,card i love london,8,2011-10-27 12:26:00,0.36,12901.0,United Kingdom,2.88
579443,21068,vintage billboard love/hate mug,1,2011-11-29 13:40:00,1.25,16479.0,United Kingdom,1.25
565434,22984,card gingham rose,24,2011-09-04 13:35:00,0.42,12867.0,United Kingdom,10.08
556241,23052,recycled acapulco mat turquoise,2,2011-06-09 16:04:00,8.25,12597.0,Spain,16.5
568898,22549,picture dominoes,12,2011-09-29 13:17:00,1.45,13354.0,United Kingdom,17.4
564740,21581,skulls  design  cotton tote bag,1,2011-08-28 14:39:00,2.25,14044.0,United Kingdom,2.25
536643,84997C,blue 3 piece polkadot cutlery set,2,2010-12-02 11:57:00,3.75,14390.0,United Kingdom,7.5
542266,22706,wrap cowboys,25,2011-01-26 17:37:00,0.42,16918.0,United Kingdom,10.5
570273,22577,wooden heart christmas scandinavian,72,2011-10-10 10:51:00,0.29,13373.0,United Kingdom,20.88
567424,22907,pack of 20 napkins pantry design,1,2011-09-20 11:16:00,0.85,16369.0,United Kingdom,0.85
567472,15056N,edwardian parasol natural,8,2011-09-20 12:47:00,5.95,15039.0,United Kingdom,47.6
549937,84879,assorted colour bird ornament,80,2011-04-13 11:40:00,1.69,15046.0,United Kingdom,135.2
559538,21901,"key fob , back door",2,2011-07-10 12:25:00,0.65,16880.0,United Kingdom,1.3
581310,23382,box of 6 christmas cake decorations,1,2011-12-08 11:43:00,3.75,16442.0,United Kingdom,3.75
577549,20719,woodland charlotte bag,5,2011-11-20 15:00:00,0.85,17841.0,United Kingdom,4.25
550967,22228,bunny wooden painted with bird,12,2011-04-21 16:58:00,0.85,12971.0,United Kingdom,10.2
571653,23483,hanging  butterfly t-light holder,24,2011-10-18 12:17:00,1.04,14298.0,United Kingdom,24.96
571903,23494,vintage doily deluxe sewing kit,3,2011-10-19 14:40:00,5.95,15754.0,United Kingdom,17.85
538513,22640,set of 4 napkin charms 3 keys,1,2010-12-12 14:21:00,2.55,15454.0,United Kingdom,2.55
544102,22189,cream heart card holder,13,2011-02-16 10:32:00,3.95,14665.0,United Kingdom,51.35
548863,22101,mirror mosaic votive holder,36,2011-04-04 13:57:00,1.85,15311.0,United Kingdom,66.60000000000001
560504,22954,hen party cordon barrier tape,12,2011-07-19 11:47:00,1.25,13081.0,United Kingdom,15.0
573323,23245,set of 3 regency cake tins,1,2011-10-30 10:54:00,4.95,15708.0,United Kingdom,4.95
537065,20728,lunch bag cars blue,10,2010-12-05 11:57:00,1.65,12567.0,France,16.5
570721,23221,reindeer heart decoration silver,12,2011-10-12 10:51:00,0.83,13842.0,United Kingdom,9.959999999999999
556318,23309,set of 60 i love london cake cases,120,2011-06-10 10:49:00,0.42,16767.0,United Kingdom,50.4
569026,23484,heart trellistriple t-light holder,8,2011-09-30 10:18:00,2.89,16101.0,United Kingdom,23.12
552879,22273,feltcraft doll molly,6,2011-05-12 09:55:00,2.95,12976.0,United Kingdom,17.700000000000003
580680,22284,hen house decoration,12,2011-12-05 14:51:00,1.65,13001.0,United Kingdom,19.799999999999997
572884,23470,card holder love bird large,2,2011-10-26 13:44:00,6.25,13924.0,United Kingdom,12.5
580116,22574,heart wooden christmas decoration,96,2011-12-01 16:28:00,0.85,15290.0,United Kingdom,81.6
564745,23197,sketchbook magnetic shopping list,3,2011-08-28 15:27:00,1.45,16806.0,United Kingdom,4.35
568591,22594,christmas gingham tree,12,2011-09-28 10:39:00,0.85,17088.0,United Kingdom,10.2
572969,21619,4 vanilla botanical candles,12,2011-10-27 10:46:00,1.25,13363.0,United Kingdom,15.0
561969,22844,vintage cream dog food container,1,2011-08-01 13:31:00,8.5,17757.0,United Kingdom,8.5
560207,23289,dolly girl childrens bowl,8,2011-07-15 13:57:00,1.25,15301.0,United Kingdom,10.0
570292,23534,wall art stop for tea,3,2011-10-10 11:59:00,5.95,13418.0,United Kingdom,17.85
543923,22699,roses regency teacup and saucer,12,2011-02-14 14:14:00,2.95,14644.0,United Kingdom,35.400000000000006
566869,21524,doormat spotty home sweet home,2,2011-09-15 13:20:00,8.25,13658.0,United Kingdom,16.5
562838,21992,vintage paisley stationery set,12,2011-08-09 15:59:00,1.25,13162.0,United Kingdom,15.0
544903,48129,doormat topiary,2,2011-02-24 13:43:00,7.95,18065.0,United Kingdom,15.9
541288,22470,heart of wicker large,4,2011-01-17 13:21:00,2.95,14525.0,United Kingdom,11.8
551564,22477,watering can garden marker,10,2011-05-03 10:56:00,1.25,16609.0,United Kingdom,12.5
540644,21181,please one person metal sign,12,2011-01-10 14:16:00,2.1,16303.0,United Kingdom,25.200000000000003
567327,23341,pink diner wall clock,2,2011-09-19 14:43:00,8.5,13102.0,United Kingdom,17.0
555495,22386,jumbo bag pink polkadot,10,2011-06-03 14:42:00,2.08,17068.0,United Kingdom,20.8
542607,22588,card holder gingham heart,3,2011-01-30 13:48:00,2.55,13148.0,United Kingdom,7.6499999999999995
563745,22464,hanging metal heart lantern,12,2011-08-19 09:38:00,1.65,15159.0,United Kingdom,19.799999999999997
571270,82494L,wooden frame antique white,2,2011-10-16 12:09:00,2.95,12940.0,United Kingdom,5.9
556111,22712,card dolly girl,12,2011-06-09 09:16:00,0.42,13004.0,United Kingdom,5.04
558902,82482,wooden picture frame white finish,6,2011-07-04 16:08:00,2.55,13001.0,United Kingdom,15.299999999999999
542647,22919,herb marker mint,12,2011-01-31 11:46:00,0.65,18245.0,United Kingdom,7.800000000000001
571284,21181,please one person metal sign,5,2011-10-16 14:07:00,2.1,14562.0,United Kingdom,10.5
569866,22338,star decoration painted zinc,6,2011-10-06 14:50:00,0.19,12757.0,Portugal,1.1400000000000001
569239,22813,pack 3 boxes bird pannetone,12,2011-10-03 08:30:00,1.95,14644.0,United Kingdom,23.4
568193,23209,lunch bag vintage doily,10,2011-09-25 14:37:00,1.65,17107.0,United Kingdom,16.5
554382,84997D,childrens cutlery polkadot pink,3,2011-05-24 11:55:00,4.15,17365.0,United Kingdom,12.450000000000001
570197,22382,lunch bag spaceboy design,1,2011-10-07 15:45:00,1.65,13755.0,United Kingdom,1.65
576376,20972,pink cream felt craft trinket box,12,2011-11-15 09:11:00,1.25,16341.0,United Kingdom,15.0
556882,20760,garden path pocket book,3,2011-06-15 12:21:00,0.85,14395.0,United Kingdom,2.55
552469,22718,card cat and tree,12,2011-05-09 15:34:00,0.42,12867.0,United Kingdom,5.04
558771,82581,toilet metal sign,6,2011-07-03 15:53:00,0.55,17105.0,United Kingdom,3.3000000000000003
541872,22631,circus parade lunch box,1,2011-01-24 09:52:00,1.95,14796.0,United Kingdom,1.95
547063,21122,set/10 pink polkadot party candles,2,2011-03-20 13:33:00,1.25,14769.0,United Kingdom,2.5
546549,21671,red spot ceramic drawer knob,6,2011-03-14 16:46:00,1.25,17799.0,United Kingdom,7.5
566625,23353,6 gift tags vintage christmas,12,2011-09-14 09:38:00,0.83,14911.0,EIRE,9.959999999999999
557753,21706,folding umbrella red/white polkadot,12,2011-06-22 13:00:00,4.95,17877.0,United Kingdom,59.400000000000006
550312,21774,decorative cats bathroom bottle,12,2011-04-17 11:18:00,1.25,13089.0,United Kingdom,15.0
558459,22508,doorstop retrospot heart,2,2011-06-29 14:20:00,3.75,15334.0,United Kingdom,7.5
569827,23349,roll wrap vintage christmas,12,2011-10-06 12:26:00,1.25,13591.0,United Kingdom,15.0
571293,20754,retrospot red washing up gloves,2,2011-10-16 15:56:00,2.1,13956.0,United Kingdom,4.2
571709,22075,6 ribbons elegant christmas,12,2011-10-18 15:52:00,1.65,16463.0,United Kingdom,19.799999999999997
570509,21498,red retrospot wrap,25,2011-10-11 10:16:00,0.42,13109.0,United Kingdom,10.5
564199,22121,noel wooden block letters,1,2011-08-23 17:31:00,5.95,13263.0,United Kingdom,5.95
538853,21169,you're confusing me metal sign,1,2010-12-14 13:35:00,1.69,16805.0,United Kingdom,1.69
564843,72800E,4 ivory dinner candles silver flock,1,2011-08-30 14:09:00,2.55,15866.0,United Kingdom,2.55
566290,23208,lunch bag vintage leaf design,1,2011-09-11 15:24:00,1.65,14456.0,United Kingdom,1.65
549577,22584,pack of 6 pannetone gift boxes,6,2011-04-11 08:16:00,2.55,14286.0,United Kingdom,15.299999999999999
543096,22662,lunch bag dolly girl design,1,2011-02-03 11:39:00,1.65,14044.0,United Kingdom,1.65
579093,22966,gingerbread man cookie cutter,48,2011-11-28 10:54:00,1.25,13081.0,United Kingdom,60.0
562042,23344,jumbo bag 50's christmas,30,2011-08-02 10:19:00,2.08,13075.0,United Kingdom,62.400000000000006
537372,20713,jumbo bag owls,2,2010-12-06 12:52:00,1.95,16919.0,United Kingdom,3.9
547895,21916,set 12 retro white chalk sticks,1,2011-03-28 10:52:00,0.42,18118.0,United Kingdom,0.42
581334,20979,36 pencils tube red retrospot,5,2011-12-08 12:07:00,1.25,17841.0,United Kingdom,6.25
569328,23523,treasure ahoy wall art,6,2011-10-03 12:48:00,3.75,14360.0,United Kingdom,22.5
553901,21756,bath building block word,3,2011-05-19 17:48:00,5.95,14911.0,EIRE,17.85
543555,84970S,hanging heart zinc t-light holder,12,2011-02-10 10:18:00,0.85,17686.0,United Kingdom,10.2
552624,23064,cinderella chandelier,1,2011-05-10 12:53:00,49.95,14505.0,United Kingdom,49.95
581142,16225,rattle snake eggs,2,2011-12-07 13:38:00,0.39,14204.0,United Kingdom,0.78
572913,21248,door hanger  mum + dads room,2,2011-10-26 16:21:00,1.45,15993.0,United Kingdom,2.9
554016,22992,revolver wooden ruler,3,2011-05-20 13:14:00,1.95,13243.0,United Kingdom,5.85
565465,22950,36 doilies vintage christmas,12,2011-09-05 09:46:00,1.45,15364.0,United Kingdom,17.4
563350,21788,kids rain mac blue,5,2011-08-15 14:10:00,0.85,14498.0,United Kingdom,4.25
548714,21918,set 12 kids colour  chalk sticks,1,2011-04-03 15:07:00,0.42,17337.0,United Kingdom,0.42
563288,23008,dolly girl baby gift set,1,2011-08-15 12:53:00,16.95,12656.0,France,16.95
562928,22616,pack of 12 london tissues,36,2011-08-10 15:29:00,0.29,15494.0,United Kingdom,10.44
543379,21623,vintage union jack memoboard,504,2011-02-07 15:37:00,6.38,18102.0,United Kingdom,3215.52
566317,22086,paper chain kit 50's christmas,40,2011-09-12 10:19:00,2.55,13375.0,United Kingdom,102.0
561077,21080,set/20 red retrospot paper napkins,12,2011-07-24 15:53:00,0.85,17649.0,United Kingdom,10.2
569457,84050,pink heart shape egg frying pan,2,2011-10-04 11:29:00,1.65,14606.0,United Kingdom,3.3
536569,22639,set of 4 napkin charms hearts,1,2010-12-01 15:35:00,2.55,16274.0,United Kingdom,2.55
559200,85202,hanging wood and felt heart,1,2011-07-07 10:36:00,0.42,13291.0,United Kingdom,0.42
568428,22555,plasters in tin strongman,1,2011-09-27 11:27:00,1.65,14419.0,United Kingdom,1.65
556067,20728,lunch bag cars blue,1,2011-06-08 14:35:00,1.65,12748.0,United Kingdom,1.65
569234,23399,home sweet home hanging heart,3,2011-10-02 15:33:00,0.85,17841.0,United Kingdom,2.55
561584,20727,lunch bag  black skull.,10,2011-07-28 10:38:00,1.65,13534.0,United Kingdom,16.5
548176,21644,assorted tutti frutti heart box,4,2011-03-29 14:20:00,1.25,13439.0,United Kingdom,5.0
558461,21933,pink vintage paisley picnic bag,3,2011-06-29 15:03:00,1.65,13263.0,United Kingdom,4.949999999999999
553661,72800E,4 ivory dinner candles silver flock,12,2011-05-18 11:59:00,2.1,13572.0,United Kingdom,25.200000000000003
537446,20782,camouflage ear muff headphones,4,2010-12-07 09:13:00,5.49,18055.0,United Kingdom,21.96
580959,22633,hand warmer union jack,12,2011-12-06 14:31:00,2.1,14673.0,United Kingdom,25.200000000000003
549169,22207,frying pan union flag,1,2011-04-06 17:25:00,4.25,17906.0,United Kingdom,4.25
570797,85159B,"white tea,coffee,sugar jars",6,2011-10-12 12:24:00,1.95,15311.0,United Kingdom,11.7
579145,23329,decorative wicker heart large,1,2011-11-28 13:13:00,1.65,14597.0,United Kingdom,1.65
568912,23506,mini playing cards spaceboy,5,2011-09-29 13:45:00,0.42,17528.0,United Kingdom,2.1
576564,21987,pack of 6 skull paper cups,2,2011-11-15 13:32:00,0.65,15311.0,United Kingdom,1.3
574862,22725,alarm clock bakelike chocolate,16,2011-11-07 12:27:00,3.75,12408.0,Belgium,60.0
564436,23112,parisienne curio cabinet,1,2011-08-25 12:06:00,7.5,17841.0,United Kingdom,7.5
544209,48187,doormat new england,2,2011-02-17 10:51:00,7.95,16235.0,United Kingdom,15.9
536567,22867,hand warmer bird design,24,2010-12-01 15:27:00,2.1,16048.0,United Kingdom,50.400000000000006
544670,22149,feltcraft 6 flower friends,3,2011-02-22 15:22:00,2.1,16161.0,United Kingdom,6.300000000000001
557214,21210,set of 72 retrospot paper  doilies,12,2011-06-17 12:20:00,1.45,17677.0,United Kingdom,17.4
575851,23508,mini playing cards dolly girl,1,2011-11-11 12:13:00,0.42,14662.0,United Kingdom,0.42
573076,22489,pack of 12 traditional crayons,24,2011-10-27 14:05:00,0.42,13488.0,United Kingdom,10.08
571883,21135,victorian  metal postcard spring,8,2011-10-19 13:58:00,1.69,14704.0,United Kingdom,13.52
561204,21735,two door curio cabinet,2,2011-07-25 15:22:00,12.75,12836.0,United Kingdom,25.5
539211,21165,beware of the cat metal sign,24,2010-12-16 12:15:00,1.69,16743.0,United Kingdom,40.56
542377,22227,hanging heart mirror decoration,24,2011-01-27 13:53:00,0.65,13506.0,United Kingdom,15.600000000000001
561859,84926F,psychedelic tile coaster,24,2011-07-29 17:19:00,0.29,17750.0,United Kingdom,6.959999999999999
578334,20981,12 pencils tall tube woodland,12,2011-11-24 08:53:00,0.85,15594.0,United Kingdom,10.2
562419,23202,jumbo bag vintage leaf,10,2011-08-04 16:36:00,2.08,14667.0,United Kingdom,20.8
562275,22712,card dolly girl,12,2011-08-04 10:04:00,0.42,12689.0,France,5.04
548712,22840,round cake tin vintage red,3,2011-04-03 14:42:00,7.95,17050.0,United Kingdom,23.85
564856,22304,coffee mug blue paisley design,6,2011-08-31 09:11:00,2.55,12477.0,Germany,15.299999999999999
552878,23004,travel card wallet pantry,24,2011-05-12 09:54:00,0.42,12625.0,Germany,10.08
577053,21754,home building block word,3,2011-11-17 14:17:00,6.25,13001.0,United Kingdom,18.75
576615,22546,mini jigsaw purdey,1,2011-11-15 16:42:00,0.42,17231.0,United Kingdom,0.42
551564,21115,rose caravan doorstop,2,2011-05-03 10:56:00,6.75,16609.0,United Kingdom,13.5
575725,23208,lunch bag vintage leaf design,10,2011-11-10 18:46:00,1.65,13098.0,United Kingdom,16.5
580640,22567,20 dolly pegs retrospot,1,2011-12-05 12:51:00,1.45,16910.0,United Kingdom,1.45
549250,22417,pack of 60 spaceboy cake cases,2,2011-04-07 12:10:00,0.55,14446.0,United Kingdom,1.1
540907,22949,36 doilies dolly girl,36,2011-01-12 11:52:00,1.45,13488.0,United Kingdom,52.199999999999996
543610,48111,doormat 3 smiley cats,2,2011-02-10 14:30:00,7.95,16425.0,United Kingdom,15.9
562540,23317,blue refectory clock,1,2011-08-05 15:38:00,9.95,17400.0,United Kingdom,9.95
576052,22554,plasters in tin woodland animals,2,2011-11-13 14:48:00,1.65,15787.0,United Kingdom,3.3
540365,22504,cabin bag vintage retrospot,1,2011-01-06 16:12:00,29.95,12413.0,France,29.95
574958,21977,pack of 60 pink paisley cake cases,24,2011-11-08 10:00:00,0.55,14050.0,United Kingdom,13.200000000000001
552542,84596J,mixed nuts light green bowl,16,2011-05-10 10:20:00,0.42,16841.0,United Kingdom,6.72
562965,21704,bag 250g swirly marbles,12,2011-08-11 10:45:00,0.85,18226.0,United Kingdom,10.2
537059,22451,silk purse babushka red,2,2010-12-05 11:54:00,3.35,14813.0,United Kingdom,6.7
570466,22993,set of 4 pantry jelly moulds,2,2011-10-10 16:03:00,1.25,16791.0,United Kingdom,2.5
549847,21504,skulls greeting card,12,2011-04-12 14:43:00,0.42,15358.0,United Kingdom,5.04
559929,22960,jam making set with jars,6,2011-07-14 09:10:00,4.25,14265.0,Unspecified,25.5
580396,23294,set of 6 snack loaf baking cases,1,2011-12-04 11:00:00,0.83,13838.0,United Kingdom,0.83
574326,85049E,scandinavian reds ribbons,12,2011-11-04 08:29:00,1.25,14913.0,United Kingdom,15.0
537617,21833,camouflage led torch,24,2010-12-07 13:45:00,1.69,16086.0,United Kingdom,40.56
547253,22914,blue coat rack paris fashion,2,2011-03-22 10:44:00,4.95,13869.0,United Kingdom,9.9
573368,22822,cream wall planter heart shaped,2,2011-10-30 13:18:00,5.95,14507.0,United Kingdom,11.9
578541,21466,red flower crochet food cover,4,2011-11-24 15:01:00,3.75,14277.0,France,15.0
571497,22086,paper chain kit 50's christmas,6,2011-10-17 15:03:00,2.95,14841.0,United Kingdom,17.700000000000003
547663,21058,party invites woodland,1,2011-03-24 13:16:00,0.85,16022.0,United Kingdom,0.85
579939,22792,fluted antique candle holder,36,2011-12-01 10:18:00,0.85,15101.0,United Kingdom,30.599999999999998
575211,23371,set 36 colour pencils spaceboy,8,2011-11-09 10:39:00,1.25,17377.0,United Kingdom,10.0
560361,23029,drawer knob crackle glaze green,12,2011-07-18 11:58:00,1.65,13488.0,United Kingdom,19.799999999999997
566968,22457,natural slate heart chalkboard,6,2011-09-15 18:49:00,2.95,16350.0,United Kingdom,17.700000000000003
550488,22062,ceramic bowl with love heart design,28,2011-04-18 14:27:00,0.83,16729.0,United Kingdom,23.24
543651,22147,feltcraft butterfly hearts,12,2011-02-11 10:06:00,1.45,16306.0,United Kingdom,17.4
562430,22151,place setting white heart,432,2011-08-04 17:26:00,0.36,18109.0,United Kingdom,155.51999999999998
545994,22329,round container set of 5 retrospot,12,2011-03-08 13:50:00,1.65,12623.0,Germany,19.799999999999997
580596,22448,pin cushion babushka red,6,2011-12-05 11:01:00,3.35,15392.0,United Kingdom,20.1
574290,23394,poste france cushion cover,2,2011-11-03 15:18:00,3.75,17403.0,United Kingdom,7.5
564167,22379,recycling bag retrospot,10,2011-08-23 13:50:00,2.1,17735.0,United Kingdom,21.0
578757,23156,set of 5 mini grocery magnets,2,2011-11-25 11:41:00,2.08,12748.0,United Kingdom,4.16
550178,22326,round snack boxes set of4 woodland,6,2011-04-14 17:25:00,2.95,12662.0,Germany,17.700000000000003
579510,84997C,childrens cutlery polkadot blue,4,2011-11-29 16:44:00,4.15,14554.0,United Kingdom,16.6
563253,21383,pack of 12 sticky bunnies,1,2011-08-15 12:04:00,0.65,15218.0,United Kingdom,0.65
555570,47566,party bunting,4,2011-06-05 15:36:00,4.95,15152.0,United Kingdom,19.8
573070,20726,lunch bag woodland,1,2011-10-27 13:59:00,1.65,13263.0,United Kingdom,1.65
575183,23461,sweetheart bird house,4,2011-11-09 08:36:00,4.15,13046.0,United Kingdom,16.6
550144,21559,strawberry lunch box with cutlery,2,2011-04-14 14:14:00,2.55,16520.0,United Kingdom,5.1
551218,21916,set 12 retro white chalk sticks,6,2011-04-27 11:41:00,0.42,18077.0,United Kingdom,2.52
560828,84402B,purple dress jewellery stand,24,2011-07-21 11:55:00,0.79,14298.0,United Kingdom,18.96
543997,21094,set/6 red spotty paper plates,5,2011-02-15 10:49:00,0.85,17348.0,United Kingdom,4.25
551185,23054,recycled acapulco mat lavender,8,2011-04-27 09:21:00,8.25,16103.0,United Kingdom,66.0
580047,23353,6 gift tags vintage christmas,4,2011-12-01 12:44:00,0.83,12989.0,United Kingdom,3.32
565243,22188,black heart card holder,8,2011-09-02 10:20:00,3.95,16735.0,United Kingdom,31.6
573020,23317,blue refectory clock,2,2011-10-27 12:37:00,9.95,14842.0,United Kingdom,19.9
570168,21207,skull and crossbones  garland,3,2011-10-07 14:05:00,1.65,17596.0,United Kingdom,4.949999999999999
553050,22383,lunch bag suki design,10,2011-05-13 10:09:00,1.65,15498.0,United Kingdom,16.5
577504,22382,lunch bag spaceboy design,6,2011-11-20 12:36:00,1.65,14159.0,United Kingdom,9.899999999999999
574029,23352,roll wrap 50's red christmas,24,2011-11-02 12:34:00,1.25,12955.0,United Kingdom,30.0
579470,22865,hand warmer owl design,4,2011-11-29 15:06:00,2.1,16549.0,United Kingdom,8.4
575989,23290,spaceboy childrens bowl,4,2011-11-13 14:20:00,1.25,14698.0,United Kingdom,5.0
555518,21576,lets go shopping cotton tote bag,6,2011-06-05 10:58:00,2.25,14891.0,United Kingdom,13.5
580981,22384,lunch bag pink polkadot,10,2011-12-06 16:02:00,1.65,16201.0,United Kingdom,16.5
574587,21210,set of 72 retrospot paper  doilies,12,2011-11-06 10:29:00,1.45,14936.0,Channel Islands,17.4
577740,22603,christmas retrospot tree wood,7,2011-11-21 13:36:00,0.85,17625.0,United Kingdom,5.95
554018,23202,jumbo bag vintage leaf,10,2011-05-20 13:15:00,1.95,17644.0,United Kingdom,19.5
576189,20971,pink blue felt craft trinket box,1,2011-11-14 11:33:00,1.25,14684.0,United Kingdom,1.25
578922,22589,cardholder gingham star,1,2011-11-27 12:00:00,2.89,17236.0,United Kingdom,2.89
537626,21064,boom box speaker boys,6,2010-12-07 14:57:00,5.95,12347.0,Iceland,35.7
550493,22757,large red babushka notebook,1,2011-04-18 14:50:00,1.25,15311.0,United Kingdom,1.25
577057,23080,red metal box top secret,1,2011-11-17 14:26:00,8.25,12748.0,United Kingdom,8.25
579001,20983,12 pencils tall tube red retrospot,2,2011-11-27 16:19:00,0.85,15555.0,United Kingdom,1.7
578688,23471,six drawer office tidy,1,2011-11-25 09:27:00,9.95,16719.0,United Kingdom,9.95
546658,21506,"fancy font birthday card,",12,2011-03-15 14:21:00,0.42,15150.0,United Kingdom,5.04
560106,22693,grow a flytrap or sunflower in tin,24,2011-07-14 20:01:00,1.25,17554.0,United Kingdom,30.0
554861,22636,childs breakfast set circus parade,2,2011-05-27 10:29:00,8.5,12633.0,Germany,17.0
572069,23310,bubblegum ring assorted,36,2011-10-20 13:24:00,0.42,14911.0,EIRE,15.12
539243,47559B,tea time oven glove,2,2010-12-16 13:21:00,1.25,18116.0,United Kingdom,2.5
568329,21891,traditional wooden skipping rope,12,2011-09-26 14:12:00,1.45,15243.0,United Kingdom,17.4
551544,23206,lunch bag apple design,10,2011-05-03 09:33:00,1.65,12683.0,France,16.5
560790,22077,6 ribbons rustic charm,24,2011-07-21 10:29:00,1.65,14051.0,United Kingdom,39.599999999999994
575889,22082,ribbon reel stripes design,5,2011-11-11 14:09:00,1.65,16433.0,United Kingdom,8.25
581425,23179,clock magnet mum's kitchen,1,2011-12-08 15:31:00,1.25,14796.0,United Kingdom,1.25
538635,22219,lovebird hanging decoration white,1,2010-12-13 13:32:00,0.85,17303.0,United Kingdom,0.85
554281,22767,triple photo frame cornice,2,2011-05-23 13:41:00,9.95,18160.0,United Kingdom,19.9
566213,23380,pack of 12 vintage doily tissues,24,2011-09-09 15:09:00,0.39,14895.0,United Kingdom,9.36
551002,22147,feltcraft butterfly hearts,12,2011-04-26 09:37:00,1.45,16834.0,United Kingdom,17.4
564631,22469,heart of wicker small,12,2011-08-26 11:54:00,1.65,17451.0,United Kingdom,19.799999999999997
541985,20978,36 pencils tube skulls,6,2011-01-24 15:52:00,1.25,15052.0,United Kingdom,7.5
563557,22507,memo board retrospot  design,4,2011-08-17 13:33:00,4.95,15786.0,United Kingdom,19.8
564630,23329,decorative wicker heart large,12,2011-08-26 11:53:00,1.65,13644.0,United Kingdom,19.799999999999997
543022,22067,choc truffle gold trinket pot,4,2011-02-02 14:37:00,1.65,16771.0,United Kingdom,6.6
550775,20727,lunch bag  black skull.,10,2011-04-20 13:18:00,1.65,15805.0,United Kingdom,16.5
552824,85099C,jumbo  bag baroque black white,1,2011-05-11 13:16:00,2.08,14056.0,United Kingdom,2.08
569037,22339,christmas tree painted zinc,10,2011-09-30 10:45:00,0.19,13263.0,United Kingdom,1.9
560368,20724,red retrospot charlotte bag,1,2011-07-18 12:25:00,0.85,17841.0,United Kingdom,0.85
546741,47566,party bunting,20,2011-03-16 12:22:00,4.95,13261.0,United Kingdom,99.0
540148,21650,assorted tutti frutti bracelet,48,2011-01-05 10:58:00,0.19,14189.0,United Kingdom,9.120000000000001
557013,22768,family photo frame cornice,1,2011-06-16 12:05:00,9.95,15044.0,United Kingdom,9.95
537462,22418,10 colour spaceboy pen,12,2010-12-07 10:06:00,0.85,17228.0,United Kingdom,10.2
560018,22367,childrens apron spaceboy design,1,2011-07-14 12:52:00,1.95,15987.0,United Kingdom,1.95
580102,22178,victorian glass hanging t-light,6,2011-12-01 15:12:00,1.95,16789.0,United Kingdom,11.7
571296,22812,pack 3 boxes christmas pannetone,5,2011-10-16 16:13:00,1.95,13760.0,United Kingdom,9.75
550321,22271,feltcraft doll rosie,1,2011-04-17 12:49:00,2.95,16770.0,United Kingdom,2.95
576615,21352,eucalyptus & pinecone  wreath,1,2011-11-15 16:42:00,2.95,17231.0,United Kingdom,2.95
553159,22675,french kitchen sign blue metal,12,2011-05-13 15:25:00,1.25,14194.0,United Kingdom,15.0
550447,22384,lunch bag pink polkadot,2,2011-04-18 12:36:00,1.65,16033.0,United Kingdom,3.3
546875,22405,money box pocket money design,12,2011-03-17 16:38:00,1.25,12514.0,Italy,15.0
567323,20931,blue pot plant candle,6,2011-09-19 14:23:00,2.95,17557.0,United Kingdom,17.700000000000003
566304,22579,wooden tree christmas scandinavian,12,2011-09-12 09:03:00,0.85,18158.0,United Kingdom,10.2
538849,21733,red hanging heart t-light holder,12,2010-12-14 13:31:00,2.95,14415.0,United Kingdom,35.400000000000006
581112,23570,traditional pick up sticks game,12,2011-12-07 12:17:00,1.25,16678.0,United Kingdom,15.0
578472,22781,gumball magazine rack,2,2011-11-24 12:40:00,7.65,12476.0,Germany,15.3
553739,22630,dolly girl lunch box,24,2011-05-19 09:23:00,1.95,14895.0,United Kingdom,46.8
573374,23355,hot water bottle keep calm,8,2011-10-30 13:39:00,4.95,14755.0,United Kingdom,39.6
565915,22867,hand warmer bird design,5,2011-09-07 15:52:00,2.1,15752.0,United Kingdom,10.5
568196,46000M,polyester filler pad 45x45cm,14,2011-09-25 14:44:00,1.55,16705.0,United Kingdom,21.7
557013,23174,regency sugar bowl green,2,2011-06-16 12:05:00,4.15,15044.0,United Kingdom,8.3
546991,22403,magnets pack of 4 vintage labels,6,2011-03-18 13:08:00,1.25,12748.0,United Kingdom,7.5
537657,21623,vintage union jack memoboard,408,2010-12-07 16:42:00,6.38,18102.0,United Kingdom,2603.04
572330,23421,pantry hook spatula,2,2011-10-24 10:17:00,2.08,16426.0,United Kingdom,4.16
579196,22624,ivory kitchen scales,2,2011-11-28 15:54:00,16.63,14096.0,United Kingdom,33.26
552957,22492,mini paint set vintage,576,2011-05-12 12:36:00,0.65,17404.0,Sweden,374.40000000000003
537381,22838,3 tier cake tin red and cream,1,2010-12-06 13:13:00,14.95,14667.0,United Kingdom,14.95
546669,22697,green regency teacup and saucer,12,2011-03-15 15:36:00,2.95,14226.0,United Kingdom,35.400000000000006
578814,23349,roll wrap vintage christmas,1,2011-11-25 13:40:00,1.25,12748.0,United Kingdom,1.25
536567,21231,sweetheart ceramic trinket box,12,2010-12-01 15:27:00,1.25,16048.0,United Kingdom,15.0
547418,23194,gymkhana treasure book box,1,2011-03-23 10:25:00,2.25,13148.0,United Kingdom,2.25
553198,20973,12 pencil small tube woodland,7,2011-05-15 14:48:00,0.65,13752.0,United Kingdom,4.55
570875,POST,postage,4,2011-10-12 17:00:00,40.0,12667.0,Finland,160.0
563214,22644,ceramic cherry cake money bank,2,2011-08-14 12:56:00,1.45,16370.0,United Kingdom,2.9
558075,22870,number tile cottage garden 2,1,2011-06-24 17:07:00,1.95,17858.0,United Kingdom,1.95
547963,21901,"key fob , back door",24,2011-03-28 15:42:00,0.65,13037.0,United Kingdom,15.600000000000001
552269,22916,herb marker thyme,1,2011-05-08 11:52:00,0.65,16121.0,United Kingdom,0.65
539647,85049E,scandinavian reds ribbons,1,2010-12-20 16:08:00,1.25,15460.0,United Kingdom,1.25
575336,23083,set 6 paper table lantern stars,1,2011-11-09 13:58:00,3.75,14968.0,United Kingdom,3.75
575838,23209,lunch bag vintage doily,10,2011-11-11 11:38:00,1.65,13999.0,United Kingdom,16.5
551731,22595,gingham heart decoration,12,2011-05-04 09:57:00,0.85,14307.0,United Kingdom,10.2
538518,20854,blue patch purse pink heart,2,2010-12-12 16:14:00,1.65,14505.0,United Kingdom,3.3
576911,23127,feltcraft girl nicole kit,1,2011-11-17 10:01:00,4.95,17461.0,United Kingdom,4.95
560491,21974,set of 36 paisley flower doilies,1,2011-07-19 10:51:00,1.45,12415.0,Australia,1.45
580652,22061,large cake stand  hanging strawbery,32,2011-12-05 13:33:00,2.95,17511.0,United Kingdom,94.4
565431,47503H,ass floral print spirit level,1,2011-09-04 13:15:00,0.79,14965.0,United Kingdom,0.79
551717,22120,welcome  wooden block letters,1,2011-05-03 15:59:00,9.95,13263.0,United Kingdom,9.95
578298,21974,set of 36 paisley flower doilies,12,2011-11-23 14:52:00,1.45,12619.0,Germany,17.4
571295,22180,retrospot lamp,2,2011-10-16 16:12:00,9.95,14741.0,United Kingdom,19.9
571846,35598B,black christmas tree 60cm,1,2011-10-19 12:35:00,0.65,17841.0,United Kingdom,0.65
556222,23321,small white heart of wicker,3,2011-06-09 14:23:00,1.69,17522.0,United Kingdom,5.07
559864,22960,jam making set with jars,6,2011-07-13 10:38:00,4.25,14916.0,United Kingdom,25.5
558570,21864,union jack flag passport cover,4,2011-06-30 14:38:00,2.1,17673.0,United Kingdom,8.4
573106,22571,rocking horse red christmas,12,2011-10-27 15:05:00,0.85,12626.0,Germany,10.2
560355,22838,3 tier cake tin red and cream,2,2011-07-18 11:37:00,14.95,15906.0,United Kingdom,29.9
568056,22666,recipe box pantry yellow design,6,2011-09-23 12:55:00,2.95,12705.0,Germany,17.700000000000003
567474,20724,red retrospot charlotte bag,1,2011-09-20 12:53:00,0.85,13448.0,United Kingdom,0.85
563016,21918,set 12 kids colour  chalk sticks,24,2011-08-11 12:44:00,0.42,15358.0,United Kingdom,10.08
552039,22501,picnic basket wicker large,8,2011-05-06 08:10:00,9.95,13081.0,United Kingdom,79.6
565758,21668,red stripe ceramic drawer knob,6,2011-09-06 13:29:00,1.45,16928.0,United Kingdom,8.7
561653,21208,pastel colour honeycomb fan,12,2011-07-28 15:55:00,0.39,14002.0,United Kingdom,4.68
558030,23107,white hearts wire plant pot holder,8,2011-06-24 12:00:00,2.89,16419.0,United Kingdom,23.12
541596,84536A,english rose notebook a7 size,5,2011-01-19 16:19:00,0.42,17602.0,United Kingdom,2.1
577258,23344,jumbo bag 50's christmas,1,2011-11-18 12:27:00,2.08,16764.0,United Kingdom,2.08
581426,23316,red refectory clock,1,2011-12-08 15:31:00,9.95,17757.0,United Kingdom,9.95
537138,22835,hot water bottle i am so poorly,2,2010-12-05 12:44:00,4.65,17211.0,United Kingdom,9.3
560025,23296,set of 6 tea time baking cases,1,2011-07-14 13:00:00,1.25,18283.0,United Kingdom,1.25
548796,82551,laundry 15c metal sign,4,2011-04-04 12:42:00,1.45,15752.0,United Kingdom,5.8
568674,22989,set 2 pantry design tea towels,6,2011-09-28 13:30:00,3.25,12708.0,Germany,19.5
578233,22992,revolver wooden ruler,6,2011-11-23 12:20:00,1.95,14049.0,United Kingdom,11.7
544479,21949,set of 6 strawberry chopsticks,120,2011-02-21 10:28:00,1.06,14646.0,Netherlands,127.2
556822,21977,pack of 60 pink paisley cake cases,24,2011-06-15 10:22:00,0.55,17155.0,United Kingdom,13.200000000000001
549679,22772,pink drawer knob acrylic edwardian,12,2011-04-11 12:59:00,1.25,16407.0,United Kingdom,15.0
542891,84792,enchanted bird coathanger 5 hook,24,2011-02-01 13:26:00,3.81,16705.0,United Kingdom,91.44
575923,23581,jumbo bag paisley park,10,2011-11-11 17:11:00,2.08,17069.0,United Kingdom,20.8
573035,21181,please one person metal sign,12,2011-10-27 13:43:00,2.1,12433.0,Norway,25.200000000000003
538872,22730,alarm clock bakelike ivory,4,2010-12-14 15:13:00,3.75,13097.0,United Kingdom,15.0
547790,84987,set of 36 teatime paper doilies,12,2011-03-25 12:04:00,1.45,12545.0,Spain,17.4
543626,22697,green regency teacup and saucer,10,2011-02-10 15:40:00,2.95,15796.0,United Kingdom,29.5
556495,21616,4 pear botanical dinner candles,1,2011-06-12 15:14:00,3.75,18069.0,United Kingdom,3.75
563191,85049A,traditional christmas ribbons,36,2011-08-12 16:07:00,1.25,16678.0,United Kingdom,45.0
566847,22663,jumbo bag dolly girl design,3,2011-09-15 11:57:00,2.08,15005.0,United Kingdom,6.24
544591,22899,children's apron dolly girl,6,2011-02-21 15:20:00,2.1,13044.0,United Kingdom,12.600000000000001
539728,22515,childs garden spade pink,6,2010-12-21 14:26:00,2.1,16270.0,United Kingdom,12.600000000000001
579196,20973,12 pencil small tube woodland,8,2011-11-28 15:54:00,1.25,14096.0,United Kingdom,10.0
560035,23143,zinc wire kitchen organiser,3,2011-07-14 13:41:00,10.4,17706.0,United Kingdom,31.200000000000003
574530,72802C,vanilla scent candle jewelled box,2,2011-11-04 14:07:00,4.25,16887.0,United Kingdom,8.5
572076,21232,strawberry ceramic trinket box,12,2011-10-20 14:01:00,1.25,13761.0,United Kingdom,15.0
562046,22981,pantry apple corer,12,2011-08-02 10:34:00,1.45,12378.0,Switzerland,17.4
573347,21807,white christmas star decoration,2,2011-10-30 12:26:00,0.42,13137.0,United Kingdom,0.84
568161,23518,embroidered ribbon reel rachel,1,2011-09-25 12:31:00,2.89,15860.0,United Kingdom,2.89
577228,22754,small red babushka notebook,1,2011-11-18 12:07:00,0.85,12391.0,Cyprus,0.85
573305,22865,hand warmer owl design,4,2011-10-28 16:13:00,2.1,17837.0,United Kingdom,8.4
548714,22851,set 20 napkins fairy cakes design,1,2011-04-03 15:07:00,0.85,17337.0,United Kingdom,0.85
568061,22865,hand warmer owl design,1,2011-09-23 13:12:00,2.1,16910.0,United Kingdom,2.1
566191,22326,round snack boxes set of4 woodland,6,2011-09-09 13:26:00,2.95,14388.0,United Kingdom,17.700000000000003
541113,21527,red retrospot traditional teapot,2,2011-01-13 15:18:00,7.95,16775.0,United Kingdom,15.9
563941,20974,12 pencils small tube skull,48,2011-08-22 09:51:00,0.65,15738.0,United Kingdom,31.200000000000003
538630,21868,potting shed tea mug,12,2010-12-13 13:25:00,1.25,14565.0,United Kingdom,15.0
564353,22150,3 stripey mice feltcraft,6,2011-08-24 15:08:00,1.95,15764.0,United Kingdom,11.7
562034,20977,36 pencils tube woodland,16,2011-08-02 09:14:00,1.25,12449.0,Belgium,20.0
540372,21982,pack of 12 suki tissues,24,2011-01-06 16:41:00,0.29,13081.0,United Kingdom,6.959999999999999
563183,22413,metal sign take it or leave it,48,2011-08-12 14:47:00,2.55,14110.0,United Kingdom,122.39999999999999
573891,23240,set of 4 knick knack tins doily,6,2011-11-01 13:56:00,4.15,12682.0,France,24.900000000000002
542131,22074,6 ribbons shimmering pinks,24,2011-01-25 15:55:00,0.42,16133.0,United Kingdom,10.08
576665,85059,french enamel water basin,1,2011-11-16 11:46:00,3.75,17841.0,United Kingdom,3.75
561079,22602,retrospot wooden heart decoration,8,2011-07-24 16:12:00,0.85,13956.0,United Kingdom,6.8
556531,23066,small deco jewellery stand,2,2011-06-13 11:49:00,8.25,15491.0,United Kingdom,16.5
578107,22737,ribbon reel christmas present,10,2011-11-23 09:09:00,1.65,15949.0,United Kingdom,16.5
545711,22777,glass cloche large,4,2011-03-07 09:52:00,8.5,16136.0,United Kingdom,34.0
578757,23370,set 36 colouring pencils doily,1,2011-11-25 11:41:00,1.25,12748.0,United Kingdom,1.25
580713,84945,multi colour silver t-light holder,12,2011-12-05 16:37:00,0.85,18030.0,United Kingdom,10.2
541251,22286,"decoration , wobbly rabbit , metal",12,2011-01-16 13:25:00,1.65,15046.0,United Kingdom,19.799999999999997
562908,21928,jumbo bag scandinavian blue paisley,10,2011-08-10 12:48:00,2.08,16839.0,United Kingdom,20.8
569416,84509A,set of 4 english rose placemats,4,2011-10-04 10:15:00,3.75,13801.0,United Kingdom,15.0
562680,20727,lunch bag  black skull.,3,2011-08-08 13:46:00,1.65,17954.0,United Kingdom,4.949999999999999
539267,20711,jumbo bag toys,20,2010-12-16 15:23:00,1.95,13534.0,United Kingdom,39.0
571444,23343,jumbo bag vintage christmas,10,2011-10-17 13:44:00,2.08,18179.0,United Kingdom,20.8
572552,23266,set of 3 wooden stocking decoration,6,2011-10-24 17:07:00,2.46,14096.0,United Kingdom,14.76
561884,22693,grow a flytrap or sunflower in tin,24,2011-07-31 13:07:00,1.25,15453.0,United Kingdom,30.0
549321,85150,ladies & gentlemen metal sign,6,2011-04-08 10:19:00,2.55,14243.0,United Kingdom,15.299999999999999
569132,23334,ivory wicker heart small,8,2011-09-30 13:54:00,0.63,17757.0,United Kingdom,5.04
572274,22437,set of 9 black skull balloons,4,2011-10-21 16:48:00,0.85,14031.0,United Kingdom,3.4
575607,21915,red  harmonica in box,8,2011-11-10 12:37:00,2.46,14096.0,United Kingdom,19.68
555575,21212,pack of 72 retrospot cake cases,24,2011-06-05 15:47:00,0.55,14466.0,United Kingdom,13.200000000000001
539607,20617,first class passport cover,6,2010-12-20 14:10:00,2.1,12681.0,France,12.600000000000001
555852,20914,set/5 red retrospot lid glass bowls,6,2011-06-07 13:38:00,2.95,17429.0,United Kingdom,17.700000000000003
552134,22595,gingham heart decoration,24,2011-05-06 11:50:00,0.85,14944.0,United Kingdom,20.4
553390,21718,red metal beach spade,1,2011-05-16 16:41:00,1.25,17841.0,United Kingdom,1.25
542208,22499,wooden union jack bunting,6,2011-01-26 11:35:00,5.95,16422.0,United Kingdom,35.7
542716,22957,set 3 paper vintage chick paper egg,2,2011-01-31 14:02:00,2.95,16407.0,United Kingdom,5.9
572669,82551,laundry 15c metal sign,3,2011-10-25 13:10:00,1.45,16549.0,United Kingdom,4.35
576339,22574,heart wooden christmas decoration,7,2011-11-14 15:27:00,1.63,14096.0,United Kingdom,11.41
556507,22555,plasters in tin strongman,12,2011-06-13 09:55:00,1.65,12567.0,France,19.799999999999997
574836,23349,roll wrap vintage christmas,12,2011-11-07 11:32:00,1.25,17623.0,United Kingdom,15.0
558067,23207,lunch bag alphabet design,10,2011-06-24 15:51:00,1.65,14156.0,EIRE,16.5
551399,85036B,chocolate 1 wick morris box candle,1,2011-04-28 13:17:00,4.25,17874.0,United Kingdom,4.25
554368,23109,led tea lights,6,2011-05-24 10:33:00,2.89,13267.0,United Kingdom,17.34
546669,22292,hanging chick  yellow decoration,48,2011-03-15 15:36:00,1.45,14226.0,United Kingdom,69.6
569241,22732,3d vintage christmas stickers,18,2011-10-03 09:30:00,1.25,14488.0,United Kingdom,22.5
548870,90214P,"letter ""p"" bling key ring",1,2011-04-04 14:41:00,1.25,14606.0,United Kingdom,1.25
542719,22217,t-light holder hanging lace,2,2011-01-31 14:18:00,1.25,17619.0,United Kingdom,2.5
566405,22439,6 rocket balloons,48,2011-09-12 13:41:00,0.65,17919.0,United Kingdom,31.200000000000003
580284,21137,black record cover frame,24,2011-12-02 13:21:00,3.39,15311.0,United Kingdom,81.36
555560,22383,lunch bag suki design,1,2011-06-05 14:20:00,1.65,17346.0,United Kingdom,1.65
548874,21673,white spot blue ceramic drawer knob,12,2011-04-04 15:18:00,1.25,17716.0,United Kingdom,15.0
538593,21479,white skull hot water bottle,24,2010-12-13 11:51:00,3.39,16701.0,United Kingdom,81.36
571669,23512,embroidered ribbon reel rosie,4,2011-10-18 13:11:00,2.08,17758.0,United Kingdom,8.32
545060,72807C,set/3 vanilla scented candle in box,2,2011-02-27 13:47:00,4.25,15547.0,United Kingdom,8.5
567184,22845,vintage cream cat food container,1,2011-09-18 15:41:00,6.35,16033.0,United Kingdom,6.35
555124,22666,recipe box pantry yellow design,1,2011-05-31 15:26:00,2.95,18204.0,United Kingdom,2.95
565150,22114,hot water bottle tea and sympathy,4,2011-09-01 14:26:00,3.75,14298.0,United Kingdom,15.0
570672,22537,magic drawing slate dinosaur,24,2011-10-11 14:52:00,0.42,12536.0,France,10.08
558372,23321,small white heart of wicker,3,2011-06-28 15:47:00,1.65,16200.0,United Kingdom,4.949999999999999
549316,21239,pink  polkadot cup,8,2011-04-08 09:54:00,0.85,12705.0,Germany,6.8
571913,22192,blue diner wall clock,2,2011-10-19 15:29:00,8.5,18210.0,United Kingdom,17.0
537224,84531A,pink knitted egg cosy,1,2010-12-05 16:24:00,1.95,13174.0,United Kingdom,1.95
579161,23439,hand warmer red love heart,10,2011-11-28 13:56:00,2.1,17379.0,United Kingdom,21.0
577055,84978,hanging heart jar t-light holder,36,2011-11-17 14:22:00,1.06,15189.0,United Kingdom,38.160000000000004
580901,23136,ivory wire sweetheart letter tray,4,2011-12-06 12:45:00,3.75,16528.0,United Kingdom,15.0
550297,21790,vintage snap cards,2,2011-04-15 15:58:00,0.85,14056.0,United Kingdom,1.7
559346,84929,asstd fruit+flowers fridge magnets,24,2011-07-07 17:19:00,0.19,13486.0,United Kingdom,4.5600000000000005
561322,21506,"fancy font birthday card,",12,2011-07-26 13:03:00,0.42,15203.0,United Kingdom,5.04
572283,22118,joy wooden block letters,2,2011-10-23 11:42:00,4.95,15000.0,United Kingdom,9.9
558746,22662,lunch bag dolly girl design,6,2011-07-01 17:23:00,1.65,14415.0,United Kingdom,9.899999999999999
543106,22698,pink regency teacup and saucer,12,2011-02-03 12:12:00,2.95,15658.0,United Kingdom,35.400000000000006
552285,21121,set/10 red polkadot party candles,1,2011-05-08 12:58:00,1.25,14684.0,United Kingdom,1.25
566451,21166,cook with wine metal sign,1,2011-09-12 16:14:00,2.08,18069.0,United Kingdom,2.08
564734,22752,set 7 babushka nesting boxes,1,2011-08-28 13:32:00,8.5,12484.0,Spain,8.5
558871,21243,pink  polkadot plate,32,2011-07-04 13:19:00,1.69,12557.0,Spain,54.08
580291,23349,roll wrap vintage christmas,12,2011-12-02 13:36:00,1.25,15539.0,United Kingdom,15.0
572884,20719,woodland charlotte bag,10,2011-10-26 13:44:00,0.85,13924.0,United Kingdom,8.5
570125,23295,set of 12 mini loaf baking cases,8,2011-10-07 13:14:00,0.83,17509.0,United Kingdom,6.64
576948,23199,jumbo bag apples,20,2011-11-17 11:45:00,2.08,14515.0,United Kingdom,41.6
574249,23502,playing cards vintage doily,6,2011-11-03 13:01:00,1.25,16347.0,United Kingdom,7.5
545070,84988,set of 72 pink heart paper doilies,24,2011-02-27 15:42:00,1.45,16493.0,United Kingdom,34.8
567093,22847,bread bin diner style ivory,1,2011-09-16 12:50:00,16.95,17144.0,United Kingdom,16.95
580956,21976,pack of 60 mushroom cake cases,1,2011-12-06 14:23:00,0.55,17841.0,United Kingdom,0.55
558096,23301,gardeners kneeling pad keep calm,1,2011-06-26 13:24:00,1.65,15532.0,United Kingdom,1.65
557636,82578,kitchen metal sign,2,2011-06-21 15:41:00,0.55,17841.0,United Kingdom,1.1
565324,22950,36 doilies vintage christmas,2,2011-09-02 13:18:00,1.45,13232.0,United Kingdom,2.9
574491,22549,picture dominoes,12,2011-11-04 13:05:00,1.45,16318.0,United Kingdom,17.4
574709,23084,rabbit night light,6,2011-11-06 14:14:00,2.08,17768.0,United Kingdom,12.48
550193,22055,mini cake stand  hanging strawbery,8,2011-04-15 09:27:00,1.65,13952.0,United Kingdom,13.2
570459,21232,strawberry ceramic trinket box,12,2011-10-10 15:42:00,1.25,15801.0,United Kingdom,15.0
548619,23155,knickerbockerglory magnet assorted,12,2011-04-01 11:51:00,0.83,16592.0,United Kingdom,9.959999999999999
543652,21059,party invites dinosaurs,12,2011-02-11 10:15:00,0.85,15544.0,United Kingdom,10.2
574476,22659,lunch box i love london,1,2011-11-04 12:20:00,1.95,17203.0,United Kingdom,1.95
539307,22701,pink dog bowl,24,2010-12-16 17:43:00,0.85,13694.0,United Kingdom,20.4
543170,22748,poppy's playhouse kitchen,12,2011-02-04 09:03:00,2.1,17334.0,United Kingdom,25.200000000000003
544657,22720,set of 3 cake tins pantry design,3,2011-02-22 13:08:00,4.95,14895.0,United Kingdom,14.850000000000001
580778,21285,retrospot candle  medium,12,2011-12-06 11:07:00,0.39,16949.0,United Kingdom,4.68
562680,22551,plasters in tin spaceboy,1,2011-08-08 13:46:00,1.65,17954.0,United Kingdom,1.65
578074,23583,lunch bag paisley park,2,2011-11-22 16:06:00,1.65,17590.0,United Kingdom,3.3
557406,21930,jumbo storage bag skulls,5,2011-06-20 11:30:00,2.08,15747.0,United Kingdom,10.4
554098,23112,parisienne curio cabinet,2,2011-05-22 13:01:00,7.5,14769.0,United Kingdom,15.0
577615,21682,large medina stamped metal bowl,4,2011-11-21 10:22:00,4.95,12658.0,Germany,19.8
577613,21523,doormat fancy font home sweet home,2,2011-11-21 10:02:00,8.25,14911.0,EIRE,16.5
555547,22303,coffee mug apples design,24,2011-06-05 13:13:00,2.55,12681.0,France,61.199999999999996
554013,22149,feltcraft 6 flower friends,6,2011-05-20 13:13:00,2.1,13308.0,United Kingdom,12.600000000000001
544445,22980,pantry scrubbing brush,1,2011-02-20 10:56:00,1.65,16746.0,United Kingdom,1.65
551471,84978,hanging heart jar t-light holder,3,2011-04-28 16:40:00,1.25,16370.0,United Kingdom,3.75
567959,22952,60 cake cases vintage christmas,48,2011-09-23 09:13:00,0.55,12516.0,Germany,26.400000000000002
555861,85099F,jumbo bag strawberry,20,2011-06-07 14:27:00,2.08,12990.0,United Kingdom,41.6
567669,23203,jumbo bag vintage doily,200,2011-09-21 15:32:00,1.79,14887.0,United Kingdom,358.0
580520,85231B,cinammon set of 9 t-lights,2,2011-12-04 14:55:00,0.85,13521.0,United Kingdom,1.7
548003,22485,set of 2 wooden market crates,2,2011-03-29 10:39:00,12.75,18044.0,United Kingdom,25.5
568069,21213,pack of 72 skull cake cases,24,2011-09-23 14:05:00,0.55,13336.0,United Kingdom,13.200000000000001
564962,23433,hanging quilted patchwork apples,12,2011-08-31 14:35:00,0.83,17777.0,United Kingdom,9.959999999999999
563546,23238,set of 4 knick knack tins london,6,2011-08-17 12:24:00,4.15,16729.0,United Kingdom,24.900000000000002
578085,16169E,wrap 50's  christmas,25,2011-11-22 16:39:00,0.42,13319.0,United Kingdom,10.5
562525,21108,fairy cake flannel assorted colour,9,2011-08-05 13:35:00,2.55,18282.0,United Kingdom,22.95
581327,23084,rabbit night light,48,2011-12-08 11:56:00,1.79,15187.0,United Kingdom,85.92
563217,23300,gardeners kneeling pad cup of tea,12,2011-08-14 13:21:00,1.65,13515.0,United Kingdom,19.799999999999997
566055,22867,hand warmer bird design,1,2011-09-08 15:05:00,2.1,15453.0,United Kingdom,2.1
541486,82484,wood black board ant white finish,2,2011-01-18 13:15:00,6.45,18109.0,United Kingdom,12.9
569332,21217,red retrospot round cake tins,2,2011-10-03 13:46:00,9.95,12637.0,France,19.9
563691,20719,woodland charlotte bag,10,2011-08-18 12:53:00,0.85,13668.0,United Kingdom,8.5
580884,22307,gold mug bone china tree of life,1,2011-12-06 12:21:00,1.06,15907.0,United Kingdom,1.06
557305,22561,wooden school colouring set,1,2011-06-19 14:42:00,1.65,13568.0,United Kingdom,1.65
540827,22630,dolly girl lunch box,4,2011-01-11 14:15:00,1.95,17569.0,United Kingdom,7.8
555124,20751,funky washing up gloves assorted,1,2011-05-31 15:26:00,2.1,18204.0,United Kingdom,2.1
564961,85123A,white hanging heart t-light holder,32,2011-08-31 14:28:00,2.55,14525.0,United Kingdom,81.6
544153,22726,alarm clock bakelike green,1,2011-02-16 12:11:00,3.75,15356.0,United Kingdom,3.75
560845,22430,enamel watering can cream,4,2011-07-21 12:29:00,4.95,15570.0,United Kingdom,19.8
568392,23205,charlotte bag vintage alphabet,10,2011-09-27 10:08:00,0.85,14272.0,United Kingdom,8.5
546542,84279B,cherry blossom decorative flask,2,2011-03-14 15:13:00,3.75,13263.0,United Kingdom,7.5
574091,20992,jazz hearts purse notebook,24,2011-11-03 09:20:00,0.39,17086.0,United Kingdom,9.36
577800,22371,airline bag vintage tokyo 78,8,2011-11-21 17:00:00,4.25,15484.0,United Kingdom,34.0
577506,22123,ping microwave apron,1,2011-11-20 12:40:00,1.95,13212.0,United Kingdom,1.95
560255,21523,doormat fancy font home sweet home,1,2011-07-17 13:08:00,7.95,16054.0,United Kingdom,7.95
557893,23198,pantry magnetic  shopping list,48,2011-06-23 14:12:00,1.25,15228.0,United Kingdom,60.0
558888,22619,set of 6 soldier skittles,1,2011-07-04 15:29:00,3.75,14056.0,United Kingdom,3.75
576599,23188,vintage  2 metre folding ruler,3,2011-11-15 15:06:00,1.65,14544.0,United Kingdom,4.949999999999999
568070,85176,sewing susan 21 needle set,24,2011-09-23 14:17:00,0.85,16128.0,United Kingdom,20.4
575331,23296,set of 6 tea time baking cases,8,2011-11-09 13:52:00,1.25,13209.0,United Kingdom,10.0
556079,21932,scandinavian paisley picnic bag,10,2011-06-08 15:18:00,1.65,18229.0,United Kingdom,16.5
559894,23308,set of 60 vintage leaf cake cases,1,2011-07-13 12:06:00,0.55,14159.0,United Kingdom,0.55
544586,85053,french enamel candleholder,3,2011-02-21 15:04:00,2.1,17338.0,United Kingdom,6.300000000000001
545872,84836,zinc metal heart decoration,2,2011-03-07 14:51:00,1.25,15752.0,United Kingdom,2.5
539294,82494L,wooden frame antique white,6,2010-12-16 16:45:00,2.95,15532.0,United Kingdom,17.700000000000003
563355,23202,jumbo bag vintage leaf,10,2011-08-15 14:39:00,2.08,14156.0,EIRE,20.8
556970,22726,alarm clock bakelike green,4,2011-06-16 10:18:00,3.75,13082.0,United Kingdom,15.0
551658,22662,lunch bag dolly girl design,10,2011-05-03 12:13:00,1.65,16746.0,United Kingdom,16.5
577052,84030E,english rose hot water bottle,2,2011-11-17 14:08:00,4.25,17397.0,United Kingdom,8.5
545901,22359,glass jar kings choice,2,2011-03-07 17:52:00,2.95,15834.0,United Kingdom,5.9
579167,23169,classic glass cookie jar,2,2011-11-28 14:06:00,4.15,16800.0,United Kingdom,8.3
539464,21875,kings choice mug,2,2010-12-19 11:35:00,1.25,17913.0,United Kingdom,2.5
556113,22961,jam making set printed,12,2011-06-09 09:32:00,1.45,13510.0,United Kingdom,17.4
567174,85170D,set/6 pink bird t-light candles,2,2011-09-18 13:31:00,2.1,16438.0,United Kingdom,4.2
571180,21165,beware of the cat metal sign,12,2011-10-14 10:47:00,1.69,15498.0,United Kingdom,20.28
574328,21094,set/6 red spotty paper plates,36,2011-11-04 09:05:00,0.85,13081.0,United Kingdom,30.599999999999998
573347,21121,set/10 red polkadot party candles,2,2011-10-30 12:26:00,1.25,13137.0,United Kingdom,2.5
564093,23026,drawer knob vintage glass star,6,2011-08-23 10:29:00,2.08,14930.0,Channel Islands,12.48
566405,22616,pack of 12 london tissues,72,2011-09-12 13:41:00,0.39,17919.0,United Kingdom,28.080000000000002
544467,20914,set/5 red retrospot lid glass bowls,1,2011-02-20 15:51:00,2.95,14502.0,United Kingdom,2.95
555866,84596B,small dolly mix design orange bowl,16,2011-06-07 14:38:00,0.42,16841.0,United Kingdom,6.72
569680,23295,set of 12 mini loaf baking cases,8,2011-10-05 14:28:00,0.83,16803.0,United Kingdom,6.64
580875,22644,ceramic cherry cake money bank,36,2011-12-06 12:11:00,0.39,17744.0,United Kingdom,14.040000000000001
575959,23332,ivory wicker heart large,6,2011-11-13 12:27:00,1.65,14547.0,United Kingdom,9.899999999999999
552039,22995,travel card wallet suki,24,2011-05-06 08:10:00,0.42,13081.0,United Kingdom,10.08
537200,47369B,blue green embroidery cosmetic bag,1,2010-12-05 14:17:00,2.95,15867.0,United Kingdom,2.95
539653,22171,3 hook photo shelf antique white,2,2010-12-20 16:50:00,8.5,13564.0,United Kingdom,17.0
547362,79190B,retro plastic polka tray,300,2011-03-22 12:33:00,0.32,13694.0,United Kingdom,96.0
570180,22746,poppy's playhouse livingroom,6,2011-10-07 14:28:00,2.1,17509.0,United Kingdom,12.600000000000001
553856,22996,travel card wallet vintage ticket,3,2011-05-19 13:28:00,0.42,16813.0,United Kingdom,1.26
562574,23273,heart t-light holder willie winkie,4,2011-08-07 12:42:00,1.65,14903.0,United Kingdom,6.6
538200,21034,rex cash+carry jumbo shopper,1,2010-12-10 11:11:00,0.95,17912.0,United Kingdom,0.95
552259,M,manual,1,2011-05-08 11:13:00,1.0,15796.0,United Kingdom,1.0
569261,20963,apple bath sponge,5,2011-10-03 11:34:00,1.25,17321.0,United Kingdom,6.25
563404,21484,chick grey hot water bottle,8,2011-08-16 11:04:00,3.45,16303.0,United Kingdom,27.6
573415,21903,man flu metal sign,1,2011-10-30 16:17:00,2.1,13607.0,United Kingdom,2.1
561654,21078,set/20 strawberry paper napkins,12,2011-07-28 15:58:00,0.85,14973.0,United Kingdom,10.2
563360,22423,regency cakestand 3 tier,16,2011-08-15 15:06:00,10.95,15023.0,United Kingdom,175.2
558731,22662,lunch bag dolly girl design,10,2011-07-01 14:53:00,1.65,13285.0,United Kingdom,16.5
547358,21642,assorted tutti frutti pen,6,2011-03-22 12:25:00,0.85,15998.0,United Kingdom,5.1
563245,21930,jumbo storage bag skulls,10,2011-08-15 10:53:00,2.08,16272.0,United Kingdom,20.8
554520,20724,red retrospot charlotte bag,1,2011-05-24 17:03:00,0.85,17841.0,United Kingdom,0.85
571457,22663,jumbo bag dolly girl design,10,2011-10-17 14:01:00,2.08,12963.0,United Kingdom,20.8
547568,22989,set 2 pantry design tea towels,6,2011-03-24 09:50:00,3.25,13341.0,United Kingdom,19.5
549368,22516,childs garden rake blue,1,2011-04-08 11:26:00,2.1,18036.0,United Kingdom,2.1
569670,22545,mini jigsaw bunnies,1,2011-10-05 13:47:00,0.42,14730.0,United Kingdom,0.42
565436,22730,alarm clock bakelike ivory,4,2011-09-04 13:45:00,3.75,14189.0,United Kingdom,15.0
569470,22149,feltcraft 6 flower friends,4,2011-10-04 12:25:00,2.1,17673.0,United Kingdom,8.4
574477,85123A,white hanging heart t-light holder,3,2011-11-04 12:21:00,2.95,15453.0,United Kingdom,8.850000000000001
560861,22531,magic drawing slate circus parade,1,2011-07-21 13:37:00,0.42,17660.0,United Kingdom,0.42
563928,84032A,charlie+lola pink hot water bottle,2,2011-08-21 15:17:00,2.95,17059.0,United Kingdom,5.9
536532,85152,hand over the chocolate   sign,24,2010-12-01 13:24:00,2.1,12433.0,Norway,50.400000000000006
572216,21034,rex cash+carry jumbo shopper,1,2011-10-21 12:56:00,0.95,16015.0,United Kingdom,0.95
577501,22139,retrospot tea set ceramic 11 pc,6,2011-11-20 12:32:00,4.95,14075.0,United Kingdom,29.700000000000003
558671,75049L,large circular mirror mobile,96,2011-07-01 10:47:00,0.85,17123.0,United Kingdom,81.6
552867,21917,set 12 kids  white chalk sticks,24,2011-05-12 08:36:00,0.42,15513.0,United Kingdom,10.08
560251,22328,round snack boxes set of 4 fruits,3,2011-07-17 12:32:00,2.95,17774.0,United Kingdom,8.850000000000001
581166,84819,danish rose round sewing box,1,2011-12-07 14:43:00,0.79,15525.0,United Kingdom,0.79
548617,84991,60 teatime fairy cake cases,120,2011-04-01 11:50:00,0.42,16592.0,United Kingdom,50.4
538839,84352,silver christmas tree bauble stand,2,2010-12-14 13:10:00,16.95,14606.0,United Kingdom,33.9
558341,23252,vintage red enamel trim jug,4,2011-06-28 14:20:00,3.75,14741.0,United Kingdom,15.0
559254,22173,metal 4 hook hanger french chateau,4,2011-07-07 11:56:00,2.95,16814.0,United Kingdom,11.8
573117,21507,elephant birthday card,12,2011-10-27 16:11:00,0.42,16688.0,United Kingdom,5.04
560278,84378,set of 3 heart cookie cutters,1,2011-07-17 15:45:00,1.25,13610.0,United Kingdom,1.25
540248,21914,blue harmonica in box,6,2011-01-05 15:57:00,1.25,15034.0,United Kingdom,7.5
573264,21407,brown check cat doorstop,1,2011-10-28 12:36:00,4.25,14415.0,United Kingdom,4.25
561113,22999,travel card wallet vintage leaf,10,2011-07-25 12:09:00,0.42,17841.0,United Kingdom,4.2
577501,23230,wrap alphabet design,25,2011-11-20 12:32:00,0.42,14075.0,United Kingdom,10.5
558749,48194,doormat hearts,2,2011-07-03 10:28:00,7.95,16326.0,United Kingdom,15.9
570646,23083,set 6 paper table lantern stars,6,2011-10-11 12:49:00,3.75,12824.0,United Kingdom,22.5
574544,23203,jumbo bag vintage doily,10,2011-11-04 14:49:00,2.08,17084.0,United Kingdom,20.8
566616,22236,cake stand 3 tier magic garden,1,2011-09-14 08:35:00,12.75,12895.0,United Kingdom,12.75
545289,22429,enamel measuring jug cream,4,2011-03-01 11:55:00,4.25,14732.0,United Kingdom,17.0
569046,22601,christmas retrospot angel wood,12,2011-09-30 10:48:00,0.85,14422.0,United Kingdom,10.2
580482,22728,alarm clock bakelike pink,2,2011-12-04 12:44:00,3.75,16033.0,United Kingdom,7.5
569027,84997D,childrens cutlery polkadot pink,4,2011-09-30 10:19:00,4.15,13089.0,United Kingdom,16.6
542401,22094,red retrospot tissue box,1,2011-01-27 15:51:00,1.25,14541.0,United Kingdom,1.25
541489,21355,toast its - i love you,4,2011-01-18 13:38:00,1.25,15023.0,United Kingdom,5.0
568194,20726,lunch bag woodland,10,2011-09-25 14:38:00,1.65,16008.0,United Kingdom,16.5
555577,21216,"set 3 retrospot tea,coffee,sugar",4,2011-06-05 15:53:00,4.95,15301.0,United Kingdom,19.8
537421,22576,swallow wooden christmas decoration,5,2010-12-06 15:25:00,0.85,17218.0,United Kingdom,4.25
576201,22564,alphabet stencil craft,1,2011-11-14 12:18:00,1.25,14606.0,United Kingdom,1.25
572552,22116,metal sign his dinner is served,1,2011-10-24 17:07:00,1.63,14096.0,United Kingdom,1.63
553209,85099B,jumbo bag red retrospot,12,2011-05-16 09:23:00,1.65,13777.0,United Kingdom,19.799999999999997
577126,84558A,3d dog picture playing cards,12,2011-11-17 19:22:00,2.95,12406.0,Denmark,35.400000000000006
562341,22998,travel card wallet keep calm,10,2011-08-04 12:13:00,0.42,15005.0,United Kingdom,4.2
566744,21012,antique all glass candlestick,20,2011-09-14 15:11:00,2.1,14177.0,United Kingdom,42.0
539572,22111,scottie dog hot water bottle,96,2010-12-20 12:14:00,4.25,14113.0,United Kingdom,408.0
576857,85038,6 chocolate love heart t-lights,1,2011-11-16 15:52:00,2.1,12748.0,United Kingdom,2.1
568513,23245,set of 3 regency cake tins,8,2011-09-27 12:36:00,4.95,13555.0,United Kingdom,39.6
575904,23390,dolly girl mini backpack,1,2011-11-11 15:28:00,4.15,18014.0,United Kingdom,4.15
554059,22741,funky diva pen,48,2011-05-20 16:25:00,0.85,14388.0,United Kingdom,40.8
565198,23005,travel card wallet i love london,72,2011-09-01 16:18:00,0.42,16729.0,United Kingdom,30.24
548408,22961,jam making set printed,12,2011-03-31 10:26:00,1.45,17438.0,United Kingdom,17.4
547358,71053,white metal lantern,2,2011-03-22 12:25:00,3.75,15998.0,United Kingdom,7.5
576539,22776,sweetheart 3 tier cake stand,1,2011-11-15 12:43:00,9.95,13058.0,United Kingdom,9.95
550949,21090,set/6 collage paper plates,2,2011-04-21 16:01:00,0.39,17961.0,United Kingdom,0.78
573552,23129,heart shaped holly wreath,4,2011-10-31 13:43:00,4.15,13203.0,United Kingdom,16.6
554098,21506,"fancy font birthday card,",12,2011-05-22 13:01:00,0.42,14769.0,United Kingdom,5.04
545340,20685,doormat red retrospot,2,2011-03-02 08:41:00,7.95,15416.0,United Kingdom,15.9
560997,20728,lunch bag cars blue,20,2011-07-22 13:59:00,1.65,12627.0,Germany,33.0
579135,21158,moody girl door hanger,2,2011-11-28 12:44:00,0.39,18096.0,United Kingdom,0.78
554995,21218,red spotty biscuit tin,2,2011-05-29 14:23:00,3.75,18109.0,United Kingdom,7.5
576339,22031,botanical lavender birthday card,7,2011-11-14 15:27:00,0.83,14096.0,United Kingdom,5.81
550774,21212,pack of 72 retrospot cake cases,24,2011-04-20 13:18:00,0.55,14626.0,United Kingdom,13.200000000000001
546928,21088,set/6 fruit salad paper cups,12,2011-03-18 10:16:00,0.65,17685.0,United Kingdom,7.800000000000001
562216,85099F,jumbo bag strawberry,10,2011-08-03 13:50:00,2.08,16835.0,United Kingdom,20.8
540509,22985,"wrap, billboard fonts design",25,2011-01-09 11:27:00,0.42,14800.0,United Kingdom,10.5
570794,22086,paper chain kit 50's christmas,12,2011-10-12 12:10:00,2.95,14761.0,United Kingdom,35.400000000000006
575903,23210,white rocking horse hand painted,24,2011-11-11 15:24:00,1.25,13557.0,United Kingdom,30.0
574251,37447,ceramic cake design spotted plate,12,2011-11-03 13:22:00,1.49,18205.0,United Kingdom,17.88
549123,22900,set 2 tea towels i love london,12,2011-04-06 14:02:00,3.25,15201.0,United Kingdom,39.0
563558,22649,strawberry fairy cake teapot,8,2011-08-17 13:40:00,4.95,14156.0,EIRE,39.6
549185,21394,red polkadot beaker,48,2011-04-07 09:35:00,0.39,18272.0,United Kingdom,18.72
577049,23190,bundle of 3 school exercise books,2,2011-11-17 13:58:00,1.65,17397.0,United Kingdom,3.3
544822,72800C,4 pink dinner candle silver flock,6,2011-02-24 09:08:00,2.55,18231.0,United Kingdom,15.299999999999999
538659,21210,set of 72 retrospot paper  doilies,12,2010-12-13 15:36:00,1.45,14625.0,United Kingdom,17.4
536401,22428,enamel fire bucket cream,2,2010-12-01 11:21:00,6.95,15862.0,United Kingdom,13.9
553878,71477,colour glass. star t-light holder,24,2011-05-19 14:56:00,2.75,14733.0,United Kingdom,66.0
536587,22743,make your own flowerpower card kit,6,2010-12-01 16:33:00,2.95,14142.0,United Kingdom,17.700000000000003
543639,21641,assorted tutti frutti keyring ball,12,2011-02-10 16:52:00,0.85,16725.0,United Kingdom,10.2
570879,POST,postage,2,2011-10-13 08:42:00,18.0,12685.0,France,36.0
566092,48185,doormat fairy cake,2,2011-09-09 10:42:00,8.25,13823.0,United Kingdom,16.5
567853,22531,magic drawing slate circus parade,12,2011-09-22 13:31:00,0.42,15484.0,United Kingdom,5.04
571937,16218,cartoon  pencil sharpeners,80,2011-10-20 09:28:00,0.06,14911.0,EIRE,4.8
556965,21914,blue harmonica in box,60,2011-06-16 09:49:00,1.25,15129.0,United Kingdom,75.0
536742,22470,heart of wicker large,1,2010-12-02 13:14:00,2.95,16916.0,United Kingdom,2.95
574740,23485,botanical gardens wall clock,1,2011-11-06 16:07:00,25.0,12357.0,Switzerland,25.0
551390,22978,pantry rolling pin,6,2011-04-28 12:03:00,3.75,15143.0,United Kingdom,22.5
573248,22739,ribbon reel christmas sock bauble,2,2011-10-28 12:09:00,1.65,14498.0,United Kingdom,3.3
570672,23365,set 12 colour pencils love london,16,2011-10-11 14:52:00,0.65,12536.0,France,10.4
541262,22435,set of 9 heart shaped balloons,1,2011-01-16 15:50:00,1.25,18069.0,United Kingdom,1.25
577480,84946,antique silver t-light glass,24,2011-11-20 11:37:00,1.25,14525.0,United Kingdom,30.0
551647,23148,miniture antique rose hook ivory,12,2011-05-03 11:59:00,0.85,13089.0,United Kingdom,10.2
543285,22766,photo frame cornice,8,2011-02-07 09:48:00,2.95,14600.0,United Kingdom,23.6
571244,23293,set of 12 fairy cake baking cases,2,2011-10-14 15:46:00,0.83,17180.0,United Kingdom,1.66
570273,47503A,ass floral print multi screwdriver,24,2011-10-10 10:51:00,0.42,13373.0,United Kingdom,10.08
550352,84792,enchanted bird coathanger 5 hook,2,2011-04-18 10:21:00,4.65,16719.0,United Kingdom,9.3
564159,22629,spaceboy lunch box,12,2011-08-23 12:43:00,1.95,12593.0,France,23.4
540855,79321,chilli lights,72,2011-01-12 10:14:00,4.25,16353.0,United Kingdom,306.0
549543,21063,party invites jazz hearts,1,2011-04-10 11:14:00,0.85,18118.0,United Kingdom,0.85
568301,48138,doormat union flag,2,2011-09-26 12:45:00,8.25,16383.0,United Kingdom,16.5
554815,21733,red hanging heart t-light holder,32,2011-05-26 13:46:00,2.55,13798.0,United Kingdom,81.6
574960,48188,doormat welcome puppies,2,2011-11-08 10:17:00,8.25,17091.0,United Kingdom,16.5
566934,48138,doormat union flag,500,2011-09-15 15:34:00,4.58,18102.0,United Kingdom,2290.0
545072,21428,set3 book box green gingham flower,12,2011-02-28 08:43:00,4.25,12781.0,Czech Republic,51.0
544106,21922,union stripe with fringe  hammock,1,2011-02-16 10:47:00,7.95,14530.0,United Kingdom,7.95
580288,23250,vintage red trim enamel bowl,12,2011-12-02 13:29:00,1.25,17611.0,United Kingdom,15.0
553538,21878,pack of 6 sandcastle flags assorted,4,2011-05-17 15:26:00,0.85,15855.0,United Kingdom,3.4
567339,22910,paper chain kit vintage christmas,6,2011-09-19 15:01:00,2.95,14146.0,United Kingdom,17.700000000000003
578995,22535,magic drawing slate bunnies,4,2011-11-27 15:59:00,0.42,15861.0,United Kingdom,1.68
570590,21621,vintage union jack bunting,2,2011-10-11 11:34:00,8.5,18075.0,United Kingdom,17.0
569000,22208,wood stamp set thank you,12,2011-09-29 17:36:00,0.83,17015.0,United Kingdom,9.959999999999999
552894,22417,pack of 60 spaceboy cake cases,1,2011-05-12 10:53:00,0.55,14606.0,United Kingdom,0.55
575751,23344,jumbo bag 50's christmas,10,2011-11-11 10:32:00,2.08,14911.0,EIRE,20.8
562046,22851,set 20 napkins fairy cakes design,12,2011-08-02 10:34:00,0.85,12378.0,Switzerland,10.2
568659,23243,set of tea coffee sugar tins pantry,4,2011-09-28 12:28:00,4.95,13516.0,United Kingdom,19.8
564372,22557,plasters in tin vintage paisley,12,2011-08-25 09:55:00,1.65,12714.0,France,19.799999999999997
575366,22865,hand warmer owl design,12,2011-11-09 15:02:00,2.1,14621.0,United Kingdom,25.200000000000003
545543,37449,ceramic cake stand + hanging cakes,2,2011-03-03 14:43:00,9.95,13476.0,United Kingdom,19.9
576075,21211,set of 72 skull paper  doilies,2,2011-11-13 16:16:00,1.45,15861.0,United Kingdom,2.9
551698,21933,pink vintage paisley picnic bag,50,2011-05-03 13:52:00,1.65,13694.0,United Kingdom,82.5
559751,22379,recycling bag retrospot,50,2011-07-12 11:28:00,1.85,14688.0,United Kingdom,92.5
568324,23119,pack of 6 large fruit straws,12,2011-09-26 13:48:00,0.62,16778.0,United Kingdom,7.4399999999999995
556905,85175,cacti t-light candles,16,2011-06-15 13:05:00,0.42,16904.0,United Kingdom,6.72
570008,23284,doormat keep calm and come in,2,2011-10-07 09:30:00,8.25,13359.0,United Kingdom,16.5
540021,79160,heart shape wireless doorbell,2,2011-01-04 12:51:00,2.1,17841.0,United Kingdom,4.2
556722,23236,doiley biscuit tin,6,2011-06-14 11:23:00,2.89,17428.0,United Kingdom,17.34
554065,23076,ice cream sundae lip gloss,24,2011-05-22 10:39:00,1.25,18287.0,United Kingdom,30.0
563076,22846,bread bin diner style red,4,2011-08-11 16:12:00,14.95,14646.0,Netherlands,59.8
580872,22382,lunch bag spaceboy design,3,2011-12-06 12:02:00,1.65,18283.0,United Kingdom,4.949999999999999
578817,23145,zinc t-light holder star large,2,2011-11-25 13:45:00,0.95,16764.0,United Kingdom,1.9
575323,22578,wooden star christmas scandinavian,24,2011-11-09 13:37:00,0.29,15392.0,United Kingdom,6.959999999999999
575854,84945,multi colour silver t-light holder,12,2011-11-11 12:20:00,0.85,14125.0,United Kingdom,10.2
573543,85123A,white hanging heart t-light holder,2,2011-10-31 13:05:00,2.95,17777.0,United Kingdom,5.9
581122,22661,charlotte bag dolly girl design,20,2011-12-07 12:33:00,0.85,12839.0,United Kingdom,17.0
549428,21912,vintage snakes & ladders,30,2011-04-08 12:01:00,3.75,15815.0,United Kingdom,112.5
568987,22726,alarm clock bakelike green,8,2011-09-29 15:58:00,3.75,12709.0,Germany,30.0
547498,84997A,childrens cutlery polkadot green,1,2011-03-23 12:24:00,4.15,15021.0,United Kingdom,4.15
544460,22334,dinosaur party bag + sticker set,6,2011-02-20 14:01:00,1.65,16931.0,United Kingdom,9.899999999999999
551161,23144,zinc t-light holder stars small,24,2011-04-26 15:26:00,0.83,18183.0,United Kingdom,19.919999999999998
542864,84596E,small licorice des pink bowl,8,2011-02-01 12:03:00,1.25,13802.0,United Kingdom,10.0
547194,22551,plasters in tin spaceboy,2,2011-03-21 12:42:00,1.65,12637.0,France,3.3
577217,23335,egg frying pan ivory,1,2011-11-18 11:53:00,2.08,17324.0,United Kingdom,2.08
569219,23192,bundle of 3 alphabet exercise books,2,2011-10-02 13:01:00,1.65,13558.0,United Kingdom,3.3
554275,21164,home sweet home metal sign,2,2011-05-23 13:17:00,2.95,14903.0,United Kingdom,5.9
573932,21495,skulls and crossbones wrap,200,2011-11-02 10:26:00,0.36,17966.0,United Kingdom,72.0
568219,48194,doormat hearts,2,2011-09-26 09:59:00,8.25,13468.0,United Kingdom,16.5
563100,23345,dolly girl beaker,12,2011-08-12 09:57:00,1.25,12381.0,Norway,15.0
565737,23356,love hot water bottle,1,2011-09-06 12:27:00,5.95,16400.0,United Kingdom,5.95
537625,22835,hot water bottle i am so poorly,4,2010-12-07 14:57:00,4.65,15180.0,United Kingdom,18.6
539444,22745,poppy's playhouse bedroom,6,2010-12-17 15:52:00,2.1,14146.0,United Kingdom,12.600000000000001
576214,21429,red gingham rose jewellery box,1,2011-11-14 12:49:00,1.95,15863.0,United Kingdom,1.95
540353,21900,"key fob , shed",4,2011-01-06 14:53:00,0.65,13764.0,United Kingdom,2.6
572512,23569,tradtional alphabet stamp set,4,2011-10-24 14:35:00,4.95,15806.0,United Kingdom,19.8
548744,22501,picnic basket wicker large,2,2011-04-04 12:07:00,9.95,17725.0,United Kingdom,19.9
539836,82482,wooden picture frame white finish,2,2010-12-22 13:46:00,2.55,17894.0,United Kingdom,5.1
564095,23254,kids cutlery dolly girl,4,2011-08-23 10:31:00,4.15,14930.0,Channel Islands,16.6
538365,84997C,blue 3 piece polkadot cutlery set,9,2010-12-12 10:11:00,3.75,17243.0,United Kingdom,33.75
550183,22972,children's spaceboy mug,12,2011-04-14 17:58:00,1.65,14105.0,United Kingdom,19.799999999999997
570127,51014C,"feather pen,coal black",12,2011-10-07 13:17:00,0.39,16900.0,United Kingdom,4.68
544071,21174,pottering in the shed metal sign,12,2011-02-15 14:30:00,2.08,16317.0,United Kingdom,24.96
555857,20725,lunch bag red retrospot,3,2011-06-07 14:03:00,1.65,16393.0,United Kingdom,4.949999999999999
538660,22727,alarm clock bakelike red,8,2010-12-13 15:37:00,3.75,15808.0,United Kingdom,30.0
545334,21878,pack of 6 sandcastle flags assorted,2,2011-03-01 16:34:00,0.85,15750.0,United Kingdom,1.7
569001,22302,coffee mug pears  design,6,2011-09-29 17:52:00,2.55,12703.0,Germany,15.299999999999999
576063,22350,illustrated cat bowl,6,2011-11-13 15:37:00,2.55,15502.0,United Kingdom,15.299999999999999
551833,21155,red retrospot peg bag,6,2011-05-04 13:12:00,2.55,16779.0,United Kingdom,15.299999999999999
566562,22086,paper chain kit 50's christmas,6,2011-09-13 12:18:00,2.95,17365.0,United Kingdom,17.700000000000003
559660,21868,potting shed tea mug,72,2011-07-11 13:19:00,1.06,16701.0,United Kingdom,76.32000000000001
538660,21189,white honeycomb paper garland,4,2010-12-13 15:37:00,1.65,15808.0,United Kingdom,6.6
571046,22608,pens assorted funky jeweled,36,2011-10-13 13:35:00,0.19,18096.0,United Kingdom,6.84
577492,70007,hi tec alpine hand warmer,30,2011-11-20 12:13:00,0.79,16900.0,United Kingdom,23.700000000000003
543002,16156S,wrap pink fairy cakes,25,2011-02-02 12:36:00,0.42,13491.0,United Kingdom,10.5
556529,21558,skull lunch box with cutlery,6,2011-06-13 11:41:00,2.55,12714.0,France,15.299999999999999
579676,22285,hanging hen on nest decoration,12,2011-11-30 13:13:00,1.65,17502.0,United Kingdom,19.799999999999997
540239,21915,red  harmonica in box,12,2011-01-05 14:48:00,1.25,12682.0,France,15.0
545290,21901,"key fob , back door",4,2011-03-01 12:01:00,0.65,14688.0,United Kingdom,2.6
574826,20758,abstract circles pocket book,3,2011-11-07 10:58:00,0.85,15870.0,United Kingdom,2.55
565248,23332,ivory wicker heart large,2,2011-09-02 10:34:00,1.65,15860.0,United Kingdom,3.3
581166,22150,3 stripey mice feltcraft,1,2011-12-07 14:43:00,1.95,15525.0,United Kingdom,1.95
540288,21793,classic french style basket brown,1,2011-01-06 12:45:00,6.75,17634.0,United Kingdom,6.75
541682,22815,card psychedelic apples,12,2011-01-20 15:00:00,0.42,14770.0,United Kingdom,5.04
537772,22080,ribbon reel polkadots,5,2010-12-08 12:35:00,1.65,18043.0,United Kingdom,8.25
552302,22488,natural slate rectangle chalkboard,12,2011-05-08 14:59:00,1.65,14606.0,United Kingdom,19.799999999999997
552108,21756,bath building block word,1,2011-05-06 11:36:00,5.95,17841.0,United Kingdom,5.95
536370,22492,mini paint set vintage,36,2010-12-01 08:45:00,0.65,12583.0,France,23.400000000000002
544040,22840,round cake tin vintage red,1,2011-02-15 11:40:00,7.95,14701.0,United Kingdom,7.95
570807,23529,wall art dolly girl,6,2011-10-12 12:44:00,3.75,13704.0,United Kingdom,22.5
569325,22603,christmas retrospot tree wood,9,2011-10-03 12:41:00,0.85,16774.0,United Kingdom,7.6499999999999995
573143,20725,lunch bag red retrospot,20,2011-10-27 17:56:00,1.65,13098.0,United Kingdom,33.0
562366,21876,pottering mug,12,2011-08-04 14:01:00,1.25,17692.0,United Kingdom,15.0
548715,85178,victorian sewing kit,6,2011-04-03 15:22:00,1.25,17758.0,United Kingdom,7.5
575034,23345,dolly girl beaker,1,2011-11-08 11:38:00,1.25,15573.0,United Kingdom,1.25
550304,22326,round snack boxes set of4 woodland,6,2011-04-17 10:27:00,2.95,14092.0,United Kingdom,17.700000000000003
558540,22485,set of 2 wooden market crates,3,2011-06-30 12:15:00,12.75,17706.0,United Kingdom,38.25
546117,21292,small stripes chocolate gift bag,16,2011-03-09 13:56:00,0.85,16771.0,United Kingdom,13.6
540373,21080,set/20 red retrospot paper napkins,4,2011-01-06 17:10:00,0.85,13280.0,United Kingdom,3.4
549982,22740,polkadot pen,48,2011-04-13 15:52:00,0.85,17091.0,United Kingdom,40.8
578114,23373,vintage christmas paper gift bag,10,2011-11-23 09:41:00,0.82,16185.0,United Kingdom,8.2
574269,21810,christmas hanging star with bell,48,2011-11-03 14:27:00,0.39,15570.0,United Kingdom,18.72
557431,23245,set of 3 regency cake tins,4,2011-06-20 12:37:00,4.95,18260.0,United Kingdom,19.8
572726,23355,hot water bottle keep calm,1,2011-10-25 15:19:00,4.95,16056.0,United Kingdom,4.95
574657,20981,12 pencils tall tube woodland,1,2011-11-06 11:43:00,0.85,13772.0,United Kingdom,0.85
545995,22207,frying pan union flag,2,2011-03-08 13:54:00,4.25,15023.0,United Kingdom,8.5
576447,23508,mini playing cards dolly girl,40,2011-11-15 11:30:00,0.42,13949.0,United Kingdom,16.8
578675,23233,wrap poppies  design,25,2011-11-24 18:13:00,0.42,14756.0,United Kingdom,10.5
563377,22507,memo board retrospot  design,4,2011-08-16 10:44:00,4.95,15002.0,United Kingdom,19.8
564666,21481,fawn blue hot water bottle,6,2011-08-26 14:51:00,2.95,12492.0,Germany,17.700000000000003
558620,85099B,jumbo bag red retrospot,1,2011-06-30 16:39:00,2.08,15584.0,United Kingdom,2.08
571281,85014B,red retrospot umbrella,24,2011-10-16 13:23:00,4.95,14088.0,United Kingdom,118.80000000000001
575337,23439,hand warmer red love heart,1,2011-11-09 14:11:00,2.1,17867.0,United Kingdom,2.1
561359,23231,wrap doiley design,25,2011-07-26 15:29:00,0.42,17160.0,United Kingdom,10.5
558751,22851,set 20 napkins fairy cakes design,1,2011-07-03 11:26:00,0.85,16009.0,United Kingdom,0.85
574737,22555,plasters in tin strongman,12,2011-11-06 15:53:00,1.65,14868.0,United Kingdom,19.799999999999997
545725,22776,sweetheart cakestand 3 tier,5,2011-03-07 11:32:00,9.95,16621.0,United Kingdom,49.75
540526,22196,small heart measuring spoons,1,2011-01-09 13:41:00,0.85,14606.0,United Kingdom,0.85
546914,22138,baking set 9 piece retrospot,6,2011-03-18 08:12:00,4.95,13072.0,United Kingdom,29.700000000000003
565664,84380,set of 3 butterfly cookie cutters,4,2011-09-05 17:36:00,1.45,13211.0,United Kingdom,5.8
568558,22197,popcorn holder,16,2011-09-27 16:28:00,0.85,16354.0,United Kingdom,13.6
551301,21730,glass star frosted t-light holder,6,2011-04-27 14:49:00,4.95,17675.0,United Kingdom,29.700000000000003
569008,23340,vintage christmas cake frill,12,2011-09-29 18:53:00,1.65,15114.0,United Kingdom,19.799999999999997
578550,23203,jumbo bag vintage doily,10,2011-11-24 15:03:00,2.08,12720.0,Germany,20.8
557217,21124,set/10 blue polkadot party candles,48,2011-06-17 12:30:00,1.25,17426.0,United Kingdom,60.0
538182,22469,heart of wicker small,6,2010-12-10 10:18:00,1.65,17827.0,United Kingdom,9.899999999999999
574680,20725,lunch bag red retrospot,10,2011-11-06 12:40:00,1.65,15078.0,United Kingdom,16.5
556954,20749,assorted colour mini cases,2,2011-06-16 08:38:00,7.95,15585.0,United Kingdom,15.9
571824,23494,vintage doily deluxe sewing kit,3,2011-10-19 11:49:00,5.95,12472.0,Germany,17.85
572617,23295,set of 12 mini loaf baking cases,8,2011-10-25 11:52:00,0.83,18272.0,United Kingdom,6.64
553870,22800,antique tall swirlglass trinket pot,4,2011-05-19 14:29:00,3.75,17980.0,United Kingdom,15.0
578811,22636,childs breakfast set circus parade,8,2011-11-25 13:28:00,7.65,12438.0,Norway,61.2
579132,22186,red star card holder,4,2011-11-28 12:35:00,1.95,15022.0,United Kingdom,7.8
560998,23110,parisienne key cabinet,2,2011-07-22 14:07:00,5.75,14243.0,United Kingdom,11.5
565971,22355,charlotte bag suki design,6,2011-09-08 11:27:00,0.85,13571.0,United Kingdom,5.1
547358,22300,coffee mug dog + ball design,4,2011-03-22 12:25:00,2.55,15998.0,United Kingdom,10.2
537044,22947,wooden advent calendar red,2,2010-12-05 10:52:00,16.95,18055.0,United Kingdom,33.9
555406,22499,wooden union jack bunting,1,2011-06-02 19:50:00,5.95,17231.0,United Kingdom,5.95
580665,23203,jumbo bag vintage doily,200,2011-12-05 14:06:00,1.79,16684.0,United Kingdom,358.0
546250,21983,pack of 12 blue paisley tissues,24,2011-03-10 14:14:00,0.29,14350.0,United Kingdom,6.959999999999999
581334,22593,christmas gingham star,3,2011-12-08 12:07:00,0.85,17841.0,United Kingdom,2.55
553036,21791,vintage heads and tails card game,24,2011-05-13 08:09:00,1.25,15129.0,United Kingdom,30.0
547938,21849,silver diamante pen in gift box,3,2011-03-28 14:33:00,4.95,13901.0,United Kingdom,14.850000000000001
559509,21714,citronella candle garden pot,1,2011-07-08 15:25:00,1.25,15920.0,United Kingdom,1.25
575091,23209,lunch bag vintage doily,10,2011-11-08 14:05:00,1.65,17160.0,United Kingdom,16.5
541244,22117,metal sign her dinner is served,1,2011-01-16 12:35:00,2.95,15535.0,United Kingdom,2.95
575884,23084,rabbit night light,6,2011-11-11 13:46:00,2.08,12685.0,France,12.48
569692,22596,christmas star wish list chalkboard,12,2011-10-05 15:17:00,1.25,14389.0,United Kingdom,15.0
569893,23255,childrens cutlery circus parade,4,2011-10-06 15:51:00,4.15,12627.0,Germany,16.6
578041,22784,lantern cream gazebo,1,2011-11-22 14:23:00,4.95,17338.0,United Kingdom,4.95
543370,22845,vintage cream cat food container,2,2011-02-07 14:51:00,6.35,12359.0,Cyprus,12.7
570492,22178,victorian glass hanging t-light,12,2011-10-11 08:23:00,1.95,14194.0,United Kingdom,23.4
570230,23294,set of 6 snack loaf baking cases,1,2011-10-09 13:41:00,0.83,18088.0,United Kingdom,0.83
553129,22662,lunch bag dolly girl design,1,2011-05-13 12:34:00,1.65,17765.0,United Kingdom,1.65
562931,21974,set of 36 paisley flower doilies,1,2011-08-10 16:19:00,1.45,14030.0,United Kingdom,1.45
536673,21014,swiss chalet tree decoration,60,2010-12-02 12:11:00,0.85,14060.0,United Kingdom,51.0
566788,85048,15cm christmas glass ball 20 lights,24,2011-09-15 10:31:00,6.95,14306.0,United Kingdom,166.8
547568,22199,frying pan red retrospot,4,2011-03-24 09:50:00,4.25,13341.0,United Kingdom,17.0
556671,22227,hanging heart mirror decoration,1,2011-06-13 16:33:00,0.65,17841.0,United Kingdom,0.65
565491,22580,advent calendar gingham sack,48,2011-09-05 11:41:00,4.95,13881.0,United Kingdom,237.60000000000002
550313,22037,robot birthday card,12,2011-04-17 11:21:00,0.42,12681.0,France,5.04
581404,23399,home sweet home hanging heart,6,2011-12-08 13:47:00,0.85,13680.0,United Kingdom,5.1
549021,82486,wood s/3 cabinet ant white finish,2,2011-04-05 16:13:00,8.95,13468.0,United Kingdom,17.9
570026,21253,set of picture frame  stickers,12,2011-10-07 10:37:00,2.95,12781.0,Czech Republic,35.400000000000006
576172,23397,foot stool home sweet home,12,2011-11-14 11:00:00,8.15,15482.0,United Kingdom,97.80000000000001
576686,84596B,small dolly mix design orange bowl,8,2011-11-16 12:08:00,0.42,16916.0,United Kingdom,3.36
547698,22423,regency cakestand 3 tier,4,2011-03-24 16:30:00,12.75,15304.0,United Kingdom,51.0
561079,22818,card christmas village,24,2011-07-24 16:12:00,0.42,13956.0,United Kingdom,10.08
551774,85173,set/6 frog prince t-light candles,1,2011-05-04 11:12:00,2.55,14606.0,United Kingdom,2.55
564168,21901,"key fob , back door",2,2011-08-23 13:51:00,0.65,16794.0,United Kingdom,1.3
570672,22318,five heart hanging decoration,6,2011-10-11 14:52:00,2.95,12536.0,France,17.700000000000003
562432,22185,slate tile natural hanging,12,2011-08-04 17:38:00,1.65,14004.0,United Kingdom,19.799999999999997
553165,90035C,"pearl & shell 42""neckl. ivory",2,2011-05-13 16:12:00,10.75,13623.0,United Kingdom,21.5
548983,22360,glass jar english confectionery,1,2011-04-05 12:30:00,2.95,16906.0,United Kingdom,2.95
538518,22575,metal merry christmas wreath,3,2010-12-12 16:14:00,1.95,14505.0,United Kingdom,5.85
544450,22519,childs garden brush pink,3,2011-02-20 12:23:00,2.1,17811.0,United Kingdom,6.300000000000001
570293,21558,skull lunch box with cutlery,6,2011-10-10 12:00:00,2.55,14128.0,United Kingdom,15.299999999999999
552824,22841,round cake tin vintage green,1,2011-05-11 13:16:00,7.95,14056.0,United Kingdom,7.95
562377,22328,round snack boxes set of 4 fruits,3,2011-08-04 15:04:00,2.95,14535.0,United Kingdom,8.850000000000001
571676,22600,christmas retrospot star wood,2,2011-10-18 13:29:00,0.85,16910.0,United Kingdom,1.7
546658,22723,set of 6 herb tins sketchbook,4,2011-03-15 14:21:00,3.95,15150.0,United Kingdom,15.8
570964,23354,6 gift tags 50's christmas,24,2011-10-13 11:50:00,0.83,12766.0,Portugal,19.919999999999998
551301,22191,ivory diner wall clock,4,2011-04-27 14:49:00,8.5,17675.0,United Kingdom,34.0
580188,21914,blue harmonica in box,1,2011-12-02 12:02:00,1.25,16440.0,United Kingdom,1.25
542629,22139,retrospot tea set ceramic 11 pc,12,2011-01-31 09:57:00,4.95,12731.0,France,59.400000000000006
570288,22548,heads and tails sporting fun,2,2011-10-10 11:47:00,1.25,16960.0,United Kingdom,2.5
552816,21156,retrospot childrens apron,1,2011-05-11 12:47:00,1.95,15521.0,United Kingdom,1.95
540247,22081,ribbon reel flora + fauna,1,2011-01-05 15:56:00,1.65,15464.0,United Kingdom,1.65
565432,22411,jumbo shopper vintage red paisley,1,2011-09-04 13:16:00,2.08,16241.0,United Kingdom,2.08
559068,20727,lunch bag  black skull.,1,2011-07-06 10:41:00,1.65,17841.0,United Kingdom,1.65
571697,22045,spaceboy gift wrap,25,2011-10-18 14:49:00,0.42,12759.0,Netherlands,10.5
540859,22956,36 foil heart cake cases,5,2011-01-12 10:58:00,2.1,17965.0,United Kingdom,10.5
542107,21169,you're confusing me metal sign,1,2011-01-25 13:38:00,1.69,16222.0,United Kingdom,1.69
579885,23567,egg cup henrietta hen pink,12,2011-11-30 17:37:00,1.25,15444.0,United Kingdom,15.0
559774,22617,baking set spaceboy design,1,2011-07-12 11:37:00,4.95,18122.0,United Kingdom,4.95
579497,23498,classic bicycle clips,2,2011-11-29 15:39:00,1.45,14349.0,United Kingdom,2.9
536401,21122,set/10 pink polkadot party candles,1,2010-12-01 11:21:00,1.25,15862.0,United Kingdom,1.25
556578,22382,lunch bag spaceboy design,10,2011-06-13 14:13:00,1.65,12472.0,Germany,16.5
579196,22963,jam jar with green lid,2,2011-11-28 15:54:00,1.63,14096.0,United Kingdom,3.26
544913,22131,food container set 3 love heart,1,2011-02-24 15:26:00,1.95,15543.0,United Kingdom,1.95
551421,21773,decorative rose bathroom bottle,1,2011-04-28 14:04:00,1.25,14077.0,United Kingdom,1.25
566669,22866,hand warmer scotty dog design,12,2011-09-14 11:36:00,2.1,18065.0,United Kingdom,25.200000000000003
541849,22750,feltcraft princess lola doll,1,2011-01-23 13:34:00,3.75,13230.0,United Kingdom,3.75
545288,21380,wooden happy birthday garland,3,2011-03-01 11:48:00,2.95,15311.0,United Kingdom,8.850000000000001
571566,23350,roll wrap vintage spot,12,2011-10-18 10:19:00,1.25,13594.0,United Kingdom,15.0
569866,20761,blue paisley sketchbook,2,2011-10-06 14:50:00,3.75,12757.0,Portugal,7.5
570197,82613D,metal sign cupcake single hook,1,2011-10-07 15:45:00,1.25,13755.0,United Kingdom,1.25
550328,22207,frying pan union flag,1,2011-04-17 13:18:00,4.25,17582.0,United Kingdom,4.25
556042,22625,red kitchen scales,1,2011-06-08 12:44:00,8.5,14367.0,United Kingdom,8.5
573576,21892,traditional wooden catch cup game,8,2011-10-31 14:09:00,2.46,14096.0,United Kingdom,19.68
552442,22084,paper chain kit empire,4,2011-05-09 13:03:00,2.95,14667.0,United Kingdom,11.8
569110,22192,blue diner wall clock,2,2011-09-30 12:44:00,8.5,17675.0,United Kingdom,17.0
569904,22722,set of 6 spice tins pantry design,4,2011-10-06 16:27:00,3.95,13023.0,United Kingdom,15.8
569252,23111,parisienne sewing box,1,2011-10-03 10:38:00,12.5,14333.0,United Kingdom,12.5
551385,22917,herb marker rosemary,6,2011-04-28 11:38:00,0.65,16814.0,United Kingdom,3.9000000000000004
536874,22406,money box kings choice design,1,2010-12-03 11:35:00,1.25,16891.0,United Kingdom,1.25
568833,22696,wicker wreath large,9,2011-09-29 11:39:00,1.95,17348.0,United Kingdom,17.55
570024,21135,victorian  metal postcard spring,16,2011-10-07 10:29:00,1.69,17975.0,United Kingdom,27.04
569469,23327,hanging clear mini bottle,6,2011-10-04 12:22:00,0.63,16360.0,United Kingdom,3.7800000000000002
555124,22892,set of salt and pepper toadstools,6,2011-05-31 15:26:00,1.25,18204.0,United Kingdom,7.5
567979,21671,red spot ceramic drawer knob,12,2011-09-23 10:44:00,1.45,14215.0,United Kingdom,17.4
554656,21754,home building block word,6,2011-05-25 13:36:00,5.95,17663.0,United Kingdom,35.7
562939,23077,doughnut lip gloss,20,2011-08-11 08:37:00,1.25,15498.0,United Kingdom,25.0
556529,21931,jumbo storage bag suki,10,2011-06-13 11:41:00,2.08,12714.0,France,20.8
579408,23217,laurel heart antique silver,9,2011-11-29 12:34:00,1.25,14701.0,United Kingdom,11.25
544459,85136A,yellow shark helicopter,1,2011-02-20 13:52:00,7.95,17838.0,United Kingdom,7.95
540994,20676,red retrospot bowl,8,2011-01-13 09:29:00,1.25,13089.0,United Kingdom,10.0
573122,84991,60 teatime fairy cake cases,6,2011-10-27 16:23:00,0.55,14357.0,United Kingdom,3.3000000000000003
559168,21528,dairy maid traditional teapot,1,2011-07-06 17:05:00,6.95,13263.0,United Kingdom,6.95
547498,84596B,small dolly mix design orange bowl,1,2011-03-23 12:24:00,0.42,15021.0,United Kingdom,0.42
574477,22252,birdcage decoration tealight holder,1,2011-11-04 12:21:00,1.25,15453.0,United Kingdom,1.25
568301,23301,gardeners kneeling pad keep calm,2,2011-09-26 12:45:00,1.65,16383.0,United Kingdom,3.3
569728,84945,multi colour silver t-light holder,24,2011-10-06 09:38:00,0.85,15416.0,United Kingdom,20.4
538799,22645,ceramic heart fairy cake money bank,1,2010-12-14 11:48:00,1.45,15039.0,United Kingdom,1.45
556792,21689,silver vanilla  flower candle pot,10,2011-06-14 13:52:00,3.75,17043.0,United Kingdom,37.5
562370,22897,oven mitt apples design,10,2011-08-04 14:20:00,1.45,12626.0,Germany,14.5
563360,22690,doormat home sweet home blue,2,2011-08-15 15:06:00,7.95,15023.0,United Kingdom,15.9
578041,21770,open closed metal sign,4,2011-11-22 14:23:00,4.95,17338.0,United Kingdom,19.8
557308,22672,french bathroom sign blue metal,2,2011-06-19 15:13:00,1.65,16744.0,United Kingdom,3.3
554368,23168,classic cafe sugar dispenser,12,2011-05-24 10:33:00,1.25,13267.0,United Kingdom,15.0
537141,22733,3d traditional christmas stickers,5,2010-12-05 12:57:00,1.25,15570.0,United Kingdom,6.25
541610,84880,white wire egg holder,17,2011-01-20 10:18:00,4.95,16029.0,United Kingdom,84.15
578846,22130,party cone christmas decoration,36,2011-11-25 17:27:00,0.85,17757.0,United Kingdom,30.599999999999998
551342,22432,watering can pink bunny,6,2011-04-28 08:34:00,1.95,16099.0,United Kingdom,11.7
572668,23198,pantry magnetic  shopping list,1,2011-10-25 13:07:00,1.45,18045.0,United Kingdom,1.45
553702,21172,party metal sign,2,2011-05-18 14:50:00,1.45,13263.0,United Kingdom,2.9
566233,23247,biscuit tin 50's christmas,6,2011-09-11 11:04:00,2.89,12635.0,Germany,17.34
572881,72803A,rose scent candle jewelled drawer,408,2011-10-26 13:36:00,0.5,12748.0,United Kingdom,204.0
566539,23355,hot water bottle keep calm,2,2011-09-13 11:34:00,4.95,17228.0,United Kingdom,9.9
544795,16161U,wrap suki and friends,25,2011-02-23 13:21:00,0.42,15858.0,United Kingdom,10.5
568311,23069,edwardian photo frame,3,2011-09-26 12:53:00,6.25,17287.0,United Kingdom,18.75
547895,22518,childs garden brush blue,1,2011-03-28 10:52:00,2.1,18118.0,United Kingdom,2.1
573094,22728,alarm clock bakelike pink,1,2011-10-27 14:39:00,3.75,15707.0,United Kingdom,3.75
548014,21430,set/3 red gingham rose storage box,4,2011-03-29 11:29:00,3.75,17719.0,United Kingdom,15.0
560732,22902,tote bag i love london,6,2011-07-20 14:55:00,2.1,14056.0,United Kingdom,12.600000000000001
560545,22553,plasters in tin skulls,12,2011-07-19 12:38:00,1.65,12569.0,Germany,19.799999999999997
549735,22105,mirror mosaic goblet candle holder,4,2011-04-12 08:42:00,4.25,13824.0,United Kingdom,17.0
571837,23506,mini playing cards spaceboy,8,2011-10-19 12:11:00,0.42,16470.0,United Kingdom,3.36
565326,84596B,small dolly mix design orange bowl,1,2011-09-02 13:41:00,0.42,16706.0,United Kingdom,0.42
557289,22488,natural slate rectangle chalkboard,4,2011-06-19 12:58:00,1.65,16880.0,United Kingdom,6.6
564740,20726,lunch bag woodland,1,2011-08-28 14:39:00,1.65,14044.0,United Kingdom,1.65
549944,21912,vintage snakes & ladders,4,2011-04-13 12:23:00,3.75,14262.0,United Kingdom,15.0
580639,22150,3 stripey mice feltcraft,1,2011-12-05 12:46:00,1.95,17254.0,United Kingdom,1.95
538722,22119,peace wooden block letters,2,2010-12-14 11:12:00,6.95,17975.0,United Kingdom,13.9
549982,47566,party bunting,4,2011-04-13 15:52:00,4.95,17091.0,United Kingdom,19.8
574034,22941,christmas lights 10 reindeer,1,2011-11-02 12:45:00,8.5,17841.0,United Kingdom,8.5
545869,21181,please one person metal sign,12,2011-03-07 14:45:00,2.1,17162.0,United Kingdom,25.200000000000003
564650,22630,dolly girl lunch box,448,2011-08-26 14:17:00,1.65,14646.0,Netherlands,739.1999999999999
574328,85232D,set/3 decoupage stacking tins,6,2011-11-04 09:05:00,4.95,13081.0,United Kingdom,29.700000000000003
581098,23453,oval  mini portrait frame,8,2011-12-07 11:42:00,1.95,14911.0,EIRE,15.6
547209,21985,pack of 12 hearts design tissues,48,2011-03-21 14:44:00,0.29,13081.0,United Kingdom,13.919999999999998
566717,84997D,childrens cutlery polkadot pink,3,2011-09-14 12:14:00,4.15,17841.0,United Kingdom,12.450000000000001
555347,22663,jumbo bag dolly girl design,10,2011-06-02 12:04:00,2.08,14389.0,United Kingdom,20.8
569836,22569,feltcraft cushion butterfly,24,2011-10-06 13:06:00,3.39,12910.0,United Kingdom,81.36
558093,84946,antique silver t-light glass,6,2011-06-26 13:00:00,1.25,17969.0,United Kingdom,7.5
553009,20973,12 pencil small tube woodland,6,2011-05-12 16:52:00,0.65,13601.0,United Kingdom,3.9000000000000004
562608,23170,regency tea plate roses,12,2011-08-08 11:45:00,1.65,15502.0,United Kingdom,19.799999999999997
570126,22465,hanging metal star lantern,2,2011-10-07 13:16:00,1.65,16910.0,United Kingdom,3.3
575475,23208,lunch bag vintage leaf design,10,2011-11-09 16:03:00,1.65,17702.0,United Kingdom,16.5
554368,23173,regency teapot roses,2,2011-05-24 10:33:00,9.95,13267.0,United Kingdom,19.9
568709,22992,revolver wooden ruler,1,2011-09-28 15:42:00,1.95,15036.0,United Kingdom,1.95
545339,22907,pack of 20 napkins pantry design,12,2011-03-02 08:26:00,0.85,14292.0,United Kingdom,10.2
567325,85099C,jumbo  bag baroque black white,100,2011-09-19 14:28:00,1.79,13228.0,United Kingdom,179.0
541590,85231G,orange scented set/9 t-lights,24,2011-01-19 14:50:00,0.85,13310.0,United Kingdom,20.4
554146,22776,sweetheart cakestand 3 tier,1,2011-05-23 10:45:00,9.95,13479.0,United Kingdom,9.95
544190,85129C,beaded crystal heart blue small,12,2011-02-16 16:56:00,1.25,13089.0,United Kingdom,15.0
539043,22419,lipstick pen red,24,2010-12-15 15:45:00,0.42,12928.0,United Kingdom,10.08
557884,22207,frying pan union flag,1,2011-06-23 13:35:00,4.25,17759.0,United Kingdom,4.25
542268,22502,picnic basket wicker small,4,2011-01-27 08:30:00,5.95,15358.0,United Kingdom,23.8
544826,71477,colour glass. star t-light holder,1,2011-02-24 09:36:00,3.25,14513.0,United Kingdom,3.25
566760,22969,homemade jam scented candles,24,2011-09-14 16:36:00,1.45,15272.0,United Kingdom,34.8
550512,22831,white brocante soap dish,2,2011-04-18 16:31:00,2.95,18069.0,United Kingdom,5.9
551954,22178,victorian glass hanging t-light,36,2011-05-05 12:13:00,1.25,14515.0,United Kingdom,45.0
575607,51014C,"feather pen,coal black",2,2011-11-10 12:37:00,0.83,14096.0,United Kingdom,1.66
541847,22284,hen house decoration,12,2011-01-23 13:25:00,1.65,15443.0,United Kingdom,19.799999999999997
571844,23201,jumbo bag alphabet,20,2011-10-19 12:30:00,2.08,17101.0,United Kingdom,41.6
574701,22792,fluted antique candle holder,2,2011-11-06 13:54:00,0.85,15426.0,United Kingdom,1.7
554666,22386,jumbo bag pink polkadot,20,2011-05-25 14:54:00,2.08,13599.0,United Kingdom,41.6
543639,21844,red retrospot mug,4,2011-02-10 16:52:00,2.95,16725.0,United Kingdom,11.8
572929,23032,drawer knob crackle glaze ivory,1,2011-10-27 09:36:00,1.65,16626.0,United Kingdom,1.65
544998,21110,large cake towel pink spots,2,2011-02-25 11:56:00,6.75,14470.0,United Kingdom,13.5
569139,23503,playing cards keep calm & carry on,12,2011-09-30 14:55:00,1.25,16404.0,United Kingdom,15.0
539185,18007,essential balm 3.5g tin in envelope,20,2010-12-16 11:53:00,0.18,16470.0,United Kingdom,3.5999999999999996
547896,22727,alarm clock bakelike red,1,2011-03-28 11:34:00,3.75,17841.0,United Kingdom,3.75
546914,22993,set of 4 pantry jelly moulds,12,2011-03-18 08:12:00,1.25,13072.0,United Kingdom,15.0
553574,21080,set/20 red retrospot paper napkins,96,2011-05-18 09:59:00,0.72,16422.0,United Kingdom,69.12
569720,23391,i love london mini rucksack,1,2011-10-06 09:11:00,4.15,14646.0,Netherlands,4.15
538706,22154,angel decoration 3 buttons,144,2010-12-14 10:34:00,0.42,14667.0,United Kingdom,60.48
549720,21204,daisies  honeycomb garland,2,2011-04-11 15:25:00,1.65,14606.0,United Kingdom,3.3
545709,22963,jam jar with green lid,12,2011-03-07 09:49:00,0.85,12708.0,Germany,10.2
554999,20685,doormat red retrospot,1,2011-05-29 15:44:00,7.95,15547.0,United Kingdom,7.95
575972,23035,drawer knob ceramic ivory,1,2011-11-13 13:01:00,1.45,14499.0,United Kingdom,1.45
562031,22411,jumbo shopper vintage red paisley,5,2011-08-01 17:37:00,2.08,16984.0,United Kingdom,10.4
550532,21644,assorted tutti frutti heart box,1,2011-04-19 11:02:00,1.25,14606.0,United Kingdom,1.25
562914,85124B,blue juicy fruit photo frame,6,2011-08-10 13:25:00,2.55,16558.0,United Kingdom,15.299999999999999
580958,22597,musical zinc heart decoration,2,2011-12-06 14:30:00,0.29,17266.0,United Kingdom,0.58
537207,22313,office mug warmer pink,1,2010-12-05 15:06:00,2.95,17402.0,United Kingdom,2.95
549964,85123A,white hanging heart t-light holder,6,2011-04-13 14:12:00,2.95,13122.0,United Kingdom,17.700000000000003
567858,22386,jumbo bag pink polkadot,3,2011-09-22 13:50:00,2.08,16813.0,United Kingdom,6.24
573393,22339,christmas tree painted zinc,96,2011-10-30 15:08:00,0.19,14158.0,United Kingdom,18.240000000000002
537422,84406B,cream cupid hearts coat hanger,2,2010-12-06 15:27:00,3.25,17812.0,United Kingdom,6.5
554651,22553,plasters in tin skulls,12,2011-05-25 12:55:00,1.65,12779.0,Poland,19.799999999999997
580157,23332,ivory wicker heart large,2,2011-12-02 10:35:00,1.65,14083.0,United Kingdom,3.3
579332,82582,area patrolled metal sign,24,2011-11-29 11:41:00,2.1,14408.0,United Kingdom,50.400000000000006
569488,20726,lunch bag woodland,6,2011-10-04 13:10:00,1.65,16440.0,United Kingdom,9.899999999999999
567966,23322,large white heart of wicker,6,2011-09-23 09:26:00,2.95,16782.0,United Kingdom,17.700000000000003
572726,21174,pottering in the shed metal sign,1,2011-10-25 15:19:00,2.08,16056.0,United Kingdom,2.08
563361,21232,strawberry ceramic trinket box,12,2011-08-15 15:17:00,1.25,15315.0,United Kingdom,15.0
571035,22605,wooden croquet garden set,2,2011-10-13 12:50:00,14.95,12446.0,RSA,29.9
549831,22423,regency cakestand 3 tier,2,2011-04-12 13:10:00,12.75,14844.0,United Kingdom,25.5
549718,71459,hanging jam jar t-light holder,12,2011-04-11 15:03:00,0.85,13846.0,United Kingdom,10.2
567818,22614,pack of 12 spaceboy tissues,12,2011-09-22 12:41:00,0.39,14395.0,United Kingdom,4.68
551534,23144,zinc t-light holder stars small,12,2011-05-01 14:59:00,0.83,14655.0,United Kingdom,9.959999999999999
565326,20679,edwardian parasol red,2,2011-09-02 13:41:00,5.95,16706.0,United Kingdom,11.9
572751,22526,wheelbarrow for children,1,2011-10-25 17:21:00,12.75,17449.0,United Kingdom,12.75
541417,22291,hanging chick cream decoration,4,2011-01-17 16:23:00,1.45,16033.0,United Kingdom,5.8
567552,22659,lunch box i love london,12,2011-09-21 10:40:00,1.95,12583.0,France,23.4
576255,22941,christmas lights 10 reindeer,3,2011-11-14 14:09:00,8.5,15993.0,United Kingdom,25.5
558235,23306,set of 36 doilies pantry design,4,2011-06-27 14:41:00,1.45,16242.0,United Kingdom,5.8
563352,22550,holiday fun ludo,4,2011-08-15 14:32:00,3.75,15706.0,United Kingdom,15.0
578026,23240,set of 4 knick knack tins doily,6,2011-11-22 13:29:00,4.15,17659.0,United Kingdom,24.900000000000002
571562,22722,set of 6 spice tins pantry design,4,2011-10-18 10:04:00,3.95,14156.0,EIRE,15.8
566240,22488,natural slate rectangle chalkboard,1,2011-09-11 11:29:00,1.65,14508.0,United Kingdom,1.65
561025,20727,lunch bag  black skull.,2,2011-07-24 10:37:00,1.65,16241.0,United Kingdom,3.3
578270,20764,abstract circles sketchbook,1,2011-11-23 13:39:00,7.46,14096.0,United Kingdom,7.46
554064,22624,ivory kitchen scales,12,2011-05-22 10:29:00,7.65,14195.0,United Kingdom,91.80000000000001
580550,23107,white hearts wire plant pot holder,8,2011-12-05 10:00:00,0.79,13126.0,United Kingdom,6.32
536874,84520B,pack 20 english rose paper napkins,1,2010-12-03 11:35:00,0.85,16891.0,United Kingdom,0.85
580068,23080,red metal box top secret,5,2011-12-01 13:41:00,8.25,17321.0,United Kingdom,41.25
580992,23583,lunch bag paisley park,10,2011-12-06 17:04:00,1.65,14282.0,United Kingdom,16.5
577550,22152,place setting white star,24,2011-11-20 15:05:00,0.42,17738.0,United Kingdom,10.08
566271,22749,feltcraft princess charlotte doll,4,2011-09-11 13:44:00,3.75,14250.0,United Kingdom,15.0
563688,22908,pack of 20 napkins red apples,12,2011-08-18 12:41:00,0.85,16767.0,United Kingdom,10.2
555634,22993,set of 4 pantry jelly moulds,12,2011-06-06 12:29:00,1.25,13319.0,United Kingdom,15.0
550439,35001G,hand open shape gold,4,2011-04-18 12:17:00,4.25,18231.0,United Kingdom,17.0
557213,84466,top secret pen set,3,2011-06-17 12:16:00,1.25,15021.0,United Kingdom,3.75
578041,22348,tea bag plate red retrospot,5,2011-11-22 14:23:00,0.85,17338.0,United Kingdom,4.25
537135,22731,3d christmas stamps stickers,3,2010-12-05 12:35:00,1.25,17059.0,United Kingdom,3.75
576543,23012,glass apothecary bottle perfume,4,2011-11-15 12:50:00,3.95,13236.0,United Kingdom,15.8
571179,M,manual,1,2011-10-14 10:42:00,40.0,15482.0,United Kingdom,40.0
571183,84991,60 teatime fairy cake cases,6,2011-10-14 11:08:00,0.55,14796.0,United Kingdom,3.3000000000000003
556263,22385,jumbo bag spaceboy design,7,2011-06-09 18:41:00,2.08,13969.0,United Kingdom,14.56
538012,21629,square floor cushion vintage red,1,2010-12-09 12:32:00,7.95,14527.0,United Kingdom,7.95
563429,23208,lunch bag vintage leaf design,10,2011-08-16 11:48:00,1.65,13999.0,United Kingdom,16.5
566024,23032,drawer knob crackle glaze ivory,6,2011-09-08 12:51:00,1.65,13871.0,United Kingdom,9.899999999999999
536973,82552,washroom metal sign,6,2010-12-03 13:43:00,1.45,17787.0,United Kingdom,8.7
574707,23581,jumbo bag paisley park,10,2011-11-06 14:08:00,2.08,17107.0,United Kingdom,20.8
544462,22966,gingerbread man cookie cutter,6,2011-02-20 14:21:00,1.25,17050.0,United Kingdom,7.5
564327,23206,lunch bag apple design,50,2011-08-24 13:33:00,1.45,16029.0,United Kingdom,72.5
554842,23175,regency milk jug pink,4,2011-05-26 18:17:00,3.25,14740.0,United Kingdom,13.0
566629,21770,open closed metal sign,6,2011-09-14 10:32:00,4.95,15622.0,United Kingdom,29.700000000000003
541244,82583,hot baths metal sign,1,2011-01-16 12:35:00,2.1,15535.0,United Kingdom,2.1
545191,21928,jumbo bag scandinavian blue paisley,10,2011-02-28 15:39:00,1.95,12811.0,Portugal,19.5
550327,21155,red retrospot peg bag,12,2011-04-17 13:07:00,2.55,12878.0,United Kingdom,30.599999999999998
550462,20728,lunch bag cars blue,5,2011-04-18 13:22:00,1.65,16458.0,United Kingdom,8.25
543593,21094,set/6 red spotty paper plates,24,2011-02-10 12:13:00,0.85,14465.0,United Kingdom,20.4
566196,85066,cream sweetheart mini chest,2,2011-09-09 13:47:00,12.75,14180.0,United Kingdom,25.5
565409,22492,mini paint set vintage,72,2011-09-04 11:15:00,0.65,16761.0,United Kingdom,46.800000000000004
536742,20978,36 pencils tube skulls,1,2010-12-02 13:14:00,1.25,16916.0,United Kingdom,1.25
537418,20819,silver teddy bear,1,2010-12-06 15:13:00,3.75,17884.0,United Kingdom,3.75
536597,22952,60 cake cases vintage christmas,4,2010-12-01 17:35:00,0.55,18011.0,United Kingdom,2.2
543754,21922,union stripe with fringe  hammock,2,2011-02-11 14:26:00,7.95,18159.0,United Kingdom,15.9
539488,22631,circus parade lunch box,12,2010-12-20 09:37:00,1.95,12377.0,Switzerland,23.4
543249,21533,retrospot large milk jug,3,2011-02-04 14:43:00,4.95,13963.0,United Kingdom,14.850000000000001
563538,23243,set of tea coffee sugar tins pantry,1,2011-08-17 11:48:00,4.95,17841.0,United Kingdom,4.95
571268,22328,round snack boxes set of 4 fruits,6,2011-10-16 12:06:00,2.95,15351.0,United Kingdom,17.700000000000003
541215,21845,dairy maid stripe mug,6,2011-01-14 13:42:00,2.95,14329.0,United Kingdom,17.700000000000003
555383,21770,open closed metal sign,1,2011-06-02 15:13:00,4.95,12517.0,Germany,4.95
548703,20752,blue polkadot washing up gloves,1,2011-04-03 11:37:00,2.1,16010.0,United Kingdom,2.1
536786,85178,victorian sewing kit,96,2010-12-02 15:23:00,1.25,15061.0,United Kingdom,120.0
544789,84078A,set/4 white retro storage cubes,4,2011-02-23 12:25:00,34.95,13993.0,United Kingdom,139.8
577052,22372,airline bag vintage world champion,1,2011-11-17 14:08:00,4.25,17397.0,United Kingdom,4.25
575979,22577,wooden heart christmas scandinavian,24,2011-11-13 13:30:00,0.29,14784.0,United Kingdom,6.959999999999999
571920,21523,doormat fancy font home sweet home,2,2011-10-19 16:16:00,8.25,14799.0,United Kingdom,16.5
576511,23486,antique heart shelf unit,1,2011-11-15 12:07:00,16.65,13846.0,United Kingdom,16.65
566962,20914,set/5 red retrospot lid glass bowls,1,2011-09-15 17:07:00,2.95,16764.0,United Kingdom,2.95
545630,22665,recipe box blue sketchbook design,6,2011-03-04 12:06:00,2.95,14466.0,United Kingdom,17.700000000000003
577028,23399,home sweet home hanging heart,24,2011-11-17 12:59:00,0.85,17080.0,United Kingdom,20.4
571909,20975,12 pencils small tube red retrospot,1,2011-10-19 15:08:00,0.65,15006.0,United Kingdom,0.65
539118,22748,poppy's playhouse kitchen,3,2010-12-16 11:27:00,2.1,15563.0,United Kingdom,6.300000000000001
575117,21382,set/4 spring flower decoration,1,2011-11-08 14:22:00,0.75,12748.0,United Kingdom,0.75
560876,22580,advent calendar gingham sack,12,2011-07-21 15:14:00,5.95,12626.0,Germany,71.4
556728,23206,lunch bag apple design,3,2011-06-14 11:36:00,1.65,15719.0,United Kingdom,4.949999999999999
560557,84581,dog toy with pink crochet skirt,1,2011-07-19 13:05:00,3.75,18101.0,United Kingdom,3.75
552469,22355,charlotte bag suki design,3,2011-05-09 15:34:00,0.85,12867.0,United Kingdom,2.55
544283,21671,red spot ceramic drawer knob,96,2011-02-17 12:27:00,1.06,13668.0,United Kingdom,101.76
537781,85135B,blue dragonfly helicopter,1,2010-12-08 12:46:00,7.95,17341.0,United Kingdom,7.95
559113,15039,sandalwood fan,100,2011-07-06 12:08:00,0.85,13217.0,United Kingdom,85.0
545937,22386,jumbo bag pink polkadot,20,2011-03-08 12:05:00,1.95,12758.0,Portugal,39.0
548714,21109,large cake towel chocolate spots,1,2011-04-03 15:07:00,6.75,17337.0,United Kingdom,6.75
577729,47590A,blue happy birthday bunting,3,2011-11-21 12:53:00,5.45,15179.0,United Kingdom,16.35
544945,84050,pink heart shape egg frying pan,6,2011-02-25 10:53:00,1.65,17735.0,United Kingdom,9.899999999999999
569482,21671,red spot ceramic drawer knob,12,2011-10-04 12:43:00,1.45,14184.0,United Kingdom,17.4
561040,22729,alarm clock bakelike orange,4,2011-07-24 12:05:00,3.75,12431.0,Australia,15.0
558042,22025,ring of roses birthday card,12,2011-06-24 13:26:00,0.42,13870.0,United Kingdom,5.04
576847,22418,10 colour spaceboy pen,48,2011-11-16 15:35:00,0.85,17017.0,United Kingdom,40.8
555933,22431,watering can blue elephant,6,2011-06-08 08:49:00,1.95,12567.0,France,11.7
577059,22941,christmas lights 10 reindeer,2,2011-11-17 14:30:00,8.5,13704.0,United Kingdom,17.0
579182,22865,hand warmer owl design,12,2011-11-28 15:15:00,2.1,15601.0,United Kingdom,25.200000000000003
566074,22625,red kitchen scales,2,2011-09-09 08:48:00,8.5,12535.0,France,17.0
575943,23333,ivory wicker heart medium,1,2011-11-13 11:44:00,1.25,17920.0,United Kingdom,1.25
538369,84030E,english rose hot water bottle,2,2010-12-12 11:06:00,4.25,17251.0,United Kingdom,8.5
538419,22927,green giant garden thermometer,1,2010-12-12 12:01:00,5.95,16367.0,United Kingdom,5.95
563578,22801,antique glass pedestal bowl,4,2011-08-17 15:11:00,3.75,12949.0,United Kingdom,15.0
558622,23118,parisienne jewellery drawer,2,2011-06-30 16:51:00,7.5,16357.0,United Kingdom,15.0
550297,22382,lunch bag spaceboy design,4,2011-04-15 15:58:00,1.65,14056.0,United Kingdom,6.6
563016,22718,card cat and tree,12,2011-08-11 12:44:00,0.42,15358.0,United Kingdom,5.04
572720,21707,folding umbrella blackblue polkadot,1,2011-10-25 15:04:00,4.95,13978.0,United Kingdom,4.95
565930,22142,christmas craft white fairy,12,2011-09-08 10:32:00,1.45,12685.0,France,17.4
549596,21559,strawberry lunch box with cutlery,6,2011-04-11 11:06:00,2.55,14339.0,United Kingdom,15.299999999999999
564301,23307,set of 60 pantry design cake cases,24,2011-08-24 11:54:00,0.55,14299.0,United Kingdom,13.200000000000001
555851,84378,set of 3 heart cookie cutters,2,2011-06-07 13:37:00,1.25,13050.0,United Kingdom,2.5
554503,15056N,edwardian parasol natural,24,2011-05-24 15:06:00,5.95,14163.0,United Kingdom,142.8
572128,23530,wall art only one person,6,2011-10-21 09:23:00,4.95,15782.0,United Kingdom,29.700000000000003
550836,21080,set/20 red retrospot paper napkins,12,2011-04-21 10:55:00,0.85,14759.0,United Kingdom,10.2
580113,23514,embroidered ribbon reel sally,6,2011-12-01 16:05:00,2.08,14766.0,United Kingdom,12.48
542420,22646,ceramic strawberry cake money bank,4,2011-01-27 18:05:00,1.45,17180.0,United Kingdom,5.8
550125,71053,white metal lantern,4,2011-04-14 12:42:00,3.75,13317.0,United Kingdom,15.0
560991,21715,girls vintage tin seaside bucket,8,2011-07-22 13:29:00,2.55,12438.0,Norway,20.4
570458,22795,sweetheart recipe book stand,2,2011-10-10 15:39:00,6.75,14535.0,United Kingdom,13.5
557621,21669,blue stripe ceramic drawer knob,12,2011-06-21 14:00:00,1.25,12444.0,Norway,15.0
536412,21244,blue polkadot plate,1,2010-12-01 11:49:00,1.69,17920.0,United Kingdom,1.69
553461,22030,swallows greeting card,12,2011-05-17 10:57:00,0.42,16316.0,United Kingdom,5.04
580276,22547,mini jigsaw dinosaur,5,2011-12-02 12:59:00,0.19,16426.0,United Kingdom,0.95
575676,23404,home sweet home blackboard,6,2011-11-10 15:09:00,4.95,13499.0,United Kingdom,29.700000000000003
562034,21912,vintage snakes & ladders,4,2011-08-02 09:14:00,3.75,12449.0,Belgium,15.0
552365,22893,mini cake stand t-light holder,2,2011-05-09 12:25:00,0.42,16440.0,United Kingdom,0.84
562517,22667,recipe box retrospot,1,2011-08-05 12:27:00,2.95,15719.0,United Kingdom,2.95
566739,22066,love heart trinket pot,48,2011-09-14 14:30:00,0.39,12566.0,Germany,18.72
553039,21987,pack of 6 skull paper cups,216,2011-05-13 08:21:00,0.53,16422.0,United Kingdom,114.48
542932,20685,doormat red retrospot,4,2011-02-02 10:54:00,7.95,13089.0,United Kingdom,31.8
576631,21326,aged glass silver t-light holder,144,2011-11-16 08:53:00,0.55,16626.0,United Kingdom,79.2
552965,21064,boom box speaker boys,2,2011-05-12 13:10:00,5.95,13477.0,United Kingdom,11.9
577493,23208,lunch bag vintage leaf design,2,2011-11-20 12:13:00,1.65,17323.0,United Kingdom,3.3
570167,23344,jumbo bag 50's christmas,20,2011-10-07 14:04:00,2.08,15615.0,United Kingdom,41.6
561195,22630,dolly girl lunch box,4,2011-07-25 13:57:00,1.95,14796.0,United Kingdom,7.8
550196,21070,vintage billboard mug,2,2011-04-15 10:09:00,1.25,14796.0,United Kingdom,2.5
558709,84836,zinc metal heart decoration,4,2011-07-01 13:02:00,1.25,17338.0,United Kingdom,5.0
567328,23072,marie antoinette trinket box silver,2,2011-09-19 14:43:00,12.5,14356.0,United Kingdom,25.0
566400,23173,regency teapot roses,2,2011-09-12 13:16:00,9.95,17139.0,United Kingdom,19.9
578100,21212,pack of 72 retrospot cake cases,24,2011-11-23 08:17:00,0.55,15814.0,United Kingdom,13.200000000000001
541112,22139,retrospot tea set ceramic 11 pc,6,2011-01-13 15:17:00,4.95,18085.0,United Kingdom,29.700000000000003
547240,84457,set/3 rabbits flower skippping rope,2,2011-03-21 16:32:00,0.85,17585.0,United Kingdom,1.7
573866,23319,box of 6 mini 50's crackers,12,2011-11-01 12:06:00,2.49,17495.0,United Kingdom,29.880000000000003
544939,21621,vintage union jack bunting,2,2011-02-25 10:10:00,8.5,17034.0,United Kingdom,17.0
544808,22667,recipe box retrospot,1,2011-02-23 15:11:00,2.95,14562.0,United Kingdom,2.95
577319,21215,ivory paper cup cake cases,1,2011-11-18 13:43:00,0.55,17301.0,United Kingdom,0.55
564077,82551,laundry 15c metal sign,2,2011-08-22 15:42:00,1.45,14711.0,United Kingdom,2.9
578688,22632,hand warmer red retrospot,4,2011-11-25 09:27:00,2.1,16719.0,United Kingdom,8.4
548158,22981,pantry apple corer,3,2011-03-29 13:28:00,1.45,15906.0,United Kingdom,4.35
563613,22077,6 ribbons rustic charm,12,2011-08-18 08:49:00,1.65,12688.0,Israel,19.799999999999997
557889,15036,assorted colours silk fan,12,2011-06-23 13:51:00,0.83,12412.0,Denmark,9.959999999999999
568049,23263,set of 3 wooden heart decorations,7,2011-09-23 12:38:00,1.25,17841.0,United Kingdom,8.75
547206,22859,easter tin bunny bouquet,1,2011-03-21 14:18:00,1.65,16791.0,United Kingdom,1.65
557484,21166,cook with wine metal sign,5,2011-06-20 14:36:00,2.08,14796.0,United Kingdom,10.4
547028,84750A,pink small glass cake stand,24,2011-03-20 10:13:00,1.95,13593.0,United Kingdom,46.8
580025,21873,if you can't stand the heat mug,1,2011-12-01 11:53:00,1.25,15021.0,United Kingdom,1.25
564182,23254,childrens cutlery dolly girl,12,2011-08-23 14:55:00,4.15,17242.0,United Kingdom,49.800000000000004
539728,22445,pencil case life is beautiful,6,2010-12-21 14:26:00,2.95,16270.0,United Kingdom,17.700000000000003
573772,22077,6 ribbons rustic charm,4,2011-11-01 10:16:00,1.95,17377.0,United Kingdom,7.8
569897,22151,place setting white heart,1,2011-10-06 16:01:00,0.42,17813.0,United Kingdom,0.42
576559,22367,childrens apron spaceboy design,2,2011-11-15 13:19:00,1.95,14711.0,United Kingdom,3.9
581412,23380,pack of 12 vintage doily tissues,12,2011-12-08 14:38:00,0.39,14415.0,United Kingdom,4.68
560230,21371,mirrored wall art poppies,12,2011-07-17 10:53:00,0.75,12600.0,Germany,9.0
570388,22720,set of 3 cake tins pantry design,3,2011-10-10 12:37:00,4.95,14911.0,EIRE,14.850000000000001
573291,22469,heart of wicker small,12,2011-10-28 14:51:00,1.65,16554.0,United Kingdom,19.799999999999997
580513,20727,lunch bag  black skull.,2,2011-12-04 13:59:00,1.65,14456.0,United Kingdom,3.3
556578,23236,doiley storage tin,6,2011-06-13 14:13:00,2.89,12472.0,Germany,17.34
566231,23380,pack of 12 vintage doily tissues,24,2011-09-11 10:58:00,0.39,14837.0,United Kingdom,9.36
571441,22173,metal 4 hook hanger french chateau,1,2011-10-17 13:31:00,5.79,14096.0,United Kingdom,5.79
558757,35648,vintage bead pink purse,1,2011-07-03 12:22:00,0.83,13148.0,United Kingdom,0.83
556520,21468,butterfly crochet food cover,2,2011-06-13 11:10:00,3.75,14177.0,United Kingdom,7.5
539593,84347,rotating silver angels t-light hldr,12,2010-12-20 13:31:00,2.55,13319.0,United Kingdom,30.599999999999998
556104,22526,wheelbarrow for children,2,2011-06-08 16:34:00,12.75,13875.0,United Kingdom,25.5
558702,84692,box of 24 cocktail parasols,1,2011-07-01 12:45:00,0.42,12748.0,United Kingdom,0.42
565791,21181,please one person metal sign,48,2011-09-07 09:33:00,1.85,16029.0,United Kingdom,88.80000000000001
575040,22666,recipe box pantry yellow design,6,2011-11-08 11:58:00,2.95,13381.0,United Kingdom,17.700000000000003
542503,22381,toy tidy pink polkadot,20,2011-01-28 11:58:00,2.1,16327.0,United Kingdom,42.0
551518,22721,set of 3 cake tins sketchbook,3,2011-05-01 11:36:00,4.95,15708.0,United Kingdom,14.850000000000001
571669,22994,travel card wallet retrospot,15,2011-10-18 13:11:00,0.42,17758.0,United Kingdom,6.3
581134,23576,snack tray red vintage doily,1,2011-12-07 13:12:00,1.95,16368.0,United Kingdom,1.95
553034,21326,aged glass silver t-light holder,24,2011-05-12 20:03:00,0.65,17970.0,United Kingdom,15.600000000000001
554082,22645,ceramic heart fairy cake money bank,4,2011-05-22 11:49:00,1.45,14878.0,United Kingdom,5.8
557040,82482,wooden picture frame white finish,6,2011-06-16 14:22:00,2.55,14243.0,United Kingdom,15.299999999999999
543996,22082,ribbon reel stripes design,10,2011-02-15 10:46:00,1.65,15811.0,United Kingdom,16.5
560250,20727,lunch bag  black skull.,5,2011-07-17 12:31:00,1.65,14659.0,United Kingdom,8.25
556045,20712,jumbo bag woodland animals,10,2011-06-08 12:54:00,2.08,15764.0,United Kingdom,20.8
565421,85032B,blossom images gift wrap set,1,2011-09-04 12:10:00,0.65,16744.0,United Kingdom,0.65
541488,20685,doormat red retrospot,10,2011-01-18 13:34:00,6.75,15061.0,United Kingdom,67.5
578513,23358,hot stuff hot water bottle,6,2011-11-24 13:32:00,3.75,16609.0,United Kingdom,22.5
538093,10002,inflatable political globe,12,2010-12-09 14:49:00,0.85,12682.0,France,10.2
560448,21470,flower vine raffia food cover,6,2011-07-19 09:29:00,3.75,12840.0,United Kingdom,22.5
568528,23271,christmas table silver candle spike,16,2011-09-27 13:32:00,0.83,13979.0,United Kingdom,13.28
550522,22563,happy stencil craft,12,2011-04-19 10:04:00,1.25,12947.0,United Kingdom,15.0
551775,84378,set of 3 heart cookie cutters,12,2011-05-04 11:21:00,1.25,12886.0,United Kingdom,15.0
562387,22075,6 ribbons elegant christmas,12,2011-08-04 15:51:00,1.65,13402.0,United Kingdom,19.799999999999997
546096,22695,wicker wreath small,12,2011-03-09 11:59:00,1.45,15502.0,United Kingdom,17.4
568662,20725,lunch bag red retrospot,2,2011-09-28 12:36:00,1.65,16764.0,United Kingdom,3.3
566400,23353,6 gift tags vintage christmas,12,2011-09-12 13:16:00,0.83,17139.0,United Kingdom,9.959999999999999
541271,22962,jam jar with pink lid,12,2011-01-17 11:12:00,0.85,12388.0,Australia,10.2
562595,15044A,pink paper parasol,6,2011-08-07 15:52:00,2.95,17602.0,United Kingdom,17.700000000000003
570827,21889,wooden box of dominoes,4,2011-10-12 13:14:00,1.25,15831.0,United Kingdom,5.0
579672,22728,alarm clock bakelike pink,50,2011-11-30 12:41:00,3.39,14005.0,United Kingdom,169.5
558368,22517,childs garden rake pink,6,2011-06-28 15:36:00,2.1,14329.0,United Kingdom,12.600000000000001
551058,22329,round container set of 5 retrospot,1,2011-04-26 12:07:00,1.65,14606.0,United Kingdom,1.65
537224,72816,set/3 christmas decoupage candles,2,2010-12-05 16:24:00,1.25,13174.0,United Kingdom,2.5
573358,23355,hot water bottle keep calm,4,2011-10-30 12:46:00,4.95,17213.0,United Kingdom,19.8
555108,21756,bath building block word,3,2011-05-31 14:18:00,5.95,18231.0,United Kingdom,17.85
578234,23342,mint diner wall clock,2,2011-11-23 12:22:00,8.5,13650.0,United Kingdom,17.0
579470,21174,pottering in the shed metal sign,4,2011-11-29 15:06:00,2.08,16549.0,United Kingdom,8.32
547037,22616,pack of 12 london tissues,1296,2011-03-20 10:37:00,0.25,14101.0,United Kingdom,324.0
576607,22574,heart wooden christmas decoration,12,2011-11-15 15:42:00,0.85,12474.0,Germany,10.2
580160,22898,childrens apron apples design,8,2011-12-02 10:47:00,1.95,12700.0,France,15.6
556671,20828,glitter butterfly clips,1,2011-06-13 16:33:00,2.55,17841.0,United Kingdom,2.55
549959,22560,traditional modelling clay,24,2011-04-13 13:47:00,1.25,16097.0,United Kingdom,30.0
549874,22692,doormat welcome to our home,3,2011-04-12 15:23:00,7.95,16919.0,United Kingdom,23.85
546111,22760,"tray, breakfast in bed",1,2011-03-09 12:39:00,12.75,14165.0,United Kingdom,12.75
562101,22383,lunch bag suki design,10,2011-08-02 14:04:00,1.65,13850.0,United Kingdom,16.5
541223,22203,milk pan red retrospot,1,2011-01-14 14:39:00,3.75,17954.0,United Kingdom,3.75
562031,23014,glass apothecary bottle elixir,3,2011-08-01 17:37:00,3.95,16984.0,United Kingdom,11.850000000000001
549667,20723,strawberry charlotte bag,10,2011-04-11 12:20:00,0.85,14911.0,EIRE,8.5
573323,23532,wall art work rest and play,1,2011-10-30 10:54:00,4.95,15708.0,United Kingdom,4.95
561661,23158,set of 5 lucky cat magnets,1,2011-07-28 16:21:00,2.08,12743.0,Unspecified,2.08
538517,20676,red retrospot bowl,5,2010-12-12 16:05:00,1.25,17618.0,United Kingdom,6.25
558861,22568,feltcraft cushion owl,4,2011-07-04 12:19:00,3.75,13373.0,United Kingdom,15.0
570488,23275,set of 3 hanging owls ollie beak,2,2011-10-10 17:12:00,2.46,14096.0,United Kingdom,4.92
576321,85071D,charlie+lola my room door sign,1,2011-11-14 14:59:00,0.39,14953.0,United Kingdom,0.39
577156,21108,fairy cake flannel assorted colour,18,2011-11-18 09:57:00,0.79,13471.0,United Kingdom,14.22
571937,22286,decoration wobbly rabbit metal,120,2011-10-20 09:28:00,0.39,14911.0,EIRE,46.800000000000004
574956,23284,doormat keep calm and come in,2,2011-11-08 09:54:00,8.25,16732.0,United Kingdom,16.5
569241,22491,pack of 12 coloured pencils,12,2011-10-03 09:30:00,0.85,14488.0,United Kingdom,10.2
574678,23165,large ceramic top storage jar,12,2011-11-06 12:36:00,1.65,13365.0,United Kingdom,19.799999999999997
545327,22494,emergency first aid tin,4,2011-03-01 15:16:00,1.25,13166.0,United Kingdom,5.0
573898,22144,christmas craft little friends,5,2011-11-01 14:35:00,2.1,14562.0,United Kingdom,10.5
566217,23275,set of 3 hanging owls ollie beak,1,2011-09-09 15:17:00,2.46,14096.0,United Kingdom,2.46
538514,21481,fawn blue hot water bottle,4,2010-12-12 14:27:00,2.95,15044.0,United Kingdom,11.8
578513,22632,hand warmer red retrospot,12,2011-11-24 13:32:00,2.1,16609.0,United Kingdom,25.200000000000003
575145,23497,classic chrome bicycle bell,12,2011-11-08 15:40:00,1.45,14116.0,United Kingdom,17.4
556040,22138,baking set 9 piece retrospot,3,2011-06-08 12:42:00,4.95,14622.0,United Kingdom,14.850000000000001
555472,22725,alarm clock bakelike chocolate,4,2011-06-03 11:46:00,3.75,16701.0,United Kingdom,15.0
546116,21977,pack of 60 pink paisley cake cases,24,2011-03-09 13:53:00,0.55,15367.0,United Kingdom,13.200000000000001
579747,48185,doormat fairy cake,4,2011-11-30 14:40:00,8.25,12528.0,Germany,33.0
580125,23209,lunch bag vintage doily,10,2011-12-01 17:16:00,1.65,13089.0,United Kingdom,16.5
571408,21974,set of 36 paisley flower doilies,1,2011-10-17 12:22:00,1.45,15012.0,United Kingdom,1.45
576687,22411,jumbo shopper vintage red paisley,1,2011-11-16 12:13:00,2.08,13558.0,United Kingdom,2.08
548354,21210,set of 72 retrospot paper  doilies,12,2011-03-30 15:06:00,1.45,15981.0,United Kingdom,17.4
550997,21096,set/6 fruit salad  paper plates,24,2011-04-26 09:04:00,0.39,17735.0,United Kingdom,9.36
553762,23203,jumbo bag doiley patterns,10,2011-05-19 10:38:00,1.95,18145.0,United Kingdom,19.5
546005,23127,feltcraft girl nicole kit,4,2011-03-08 15:17:00,4.95,14426.0,United Kingdom,19.8
537042,21259,victorian sewing box small,1,2010-12-05 10:45:00,5.95,13838.0,United Kingdom,5.95
561077,22621,traditional knitting nancy,12,2011-07-24 15:53:00,1.65,17649.0,United Kingdom,19.799999999999997
547485,22645,ceramic heart fairy cake money bank,1,2011-03-23 11:16:00,1.45,17019.0,United Kingdom,1.45
550826,22427,enamel flower jug cream,3,2011-04-21 10:12:00,5.95,17158.0,United Kingdom,17.85
575222,23554,landmark frame oxford street,1,2011-11-09 11:33:00,12.5,16880.0,United Kingdom,12.5
543370,22697,green regency teacup and saucer,6,2011-02-07 14:51:00,2.95,12359.0,Cyprus,17.700000000000003
554132,POST,postage,4,2011-05-23 09:43:00,40.0,12360.0,Austria,160.0
550321,22199,frying pan red retrospot,1,2011-04-17 12:49:00,4.25,16770.0,United Kingdom,4.25
567619,20726,lunch bag woodland,10,2011-09-21 12:28:00,1.65,15203.0,United Kingdom,16.5
546861,C2,carriage,1,2011-03-17 15:03:00,50.0,14911.0,EIRE,50.0
580386,21524,doormat spotty home sweet home,2,2011-12-04 10:29:00,8.25,18065.0,United Kingdom,16.5
573870,23191,bundle of 3 retro note books,2,2011-11-01 12:25:00,1.65,14485.0,United Kingdom,3.3
548172,84997B,childrens cutlery retrospot red,4,2011-03-29 14:13:00,4.15,15738.0,United Kingdom,16.6
571227,22689,doormat merry christmas red,10,2011-10-14 13:54:00,7.08,12477.0,Germany,70.8
580778,16008,small folding scissor(pointed edge),24,2011-12-06 11:07:00,0.12,16949.0,United Kingdom,2.88
553390,22317,five cats hanging decoration,1,2011-05-16 16:41:00,2.95,17841.0,United Kingdom,2.95
536837,21486,pink heart dots hot water bottle,3,2010-12-02 18:15:00,3.75,14395.0,United Kingdom,11.25
559134,22748,poppy's playhouse kitchen,6,2011-07-06 13:14:00,2.1,12700.0,France,12.600000000000001
572653,20723,strawberry charlotte bag,4,2011-10-25 12:12:00,0.85,15861.0,United Kingdom,3.4
548152,22064,pink doughnut trinket pot,12,2011-03-29 13:04:00,1.65,17398.0,United Kingdom,19.799999999999997
558638,23240,set of 4 knick knack tins doiley,6,2011-07-01 08:16:00,4.15,16317.0,United Kingdom,24.900000000000002
559027,84991,60 teatime fairy cake cases,24,2011-07-05 14:24:00,0.55,17046.0,United Kingdom,13.200000000000001
544461,22670,french wc sign blue metal,24,2011-02-20 14:08:00,1.25,13744.0,United Kingdom,30.0
572094,21929,jumbo bag pink vintage paisley,10,2011-10-20 14:52:00,2.08,17420.0,United Kingdom,20.8
564753,22907,pack of 20 napkins pantry design,12,2011-08-30 10:20:00,0.85,13709.0,United Kingdom,10.2
541293,21068,vintage billboard love/hate mug,1,2011-01-17 13:39:00,1.25,15311.0,United Kingdom,1.25
566193,22892,set of salt and pepper toadstools,12,2011-09-09 13:37:00,1.25,14961.0,United Kingdom,15.0
574893,21934,skull shoulder bag,2,2011-11-07 14:40:00,1.65,18036.0,United Kingdom,3.3
573887,22138,baking set 9 piece retrospot,3,2011-11-01 13:39:00,4.95,16173.0,United Kingdom,14.850000000000001
547497,84879,assorted colour bird ornament,24,2011-03-23 12:15:00,1.69,14461.0,United Kingdom,40.56
545340,22852,dog bowl vintage cream,4,2011-03-02 08:41:00,4.25,15416.0,United Kingdom,17.0
573100,22712,card dolly girl,12,2011-10-27 14:49:00,0.42,17528.0,United Kingdom,5.04
559331,23255,childrens cutlery circus parade,4,2011-07-07 15:45:00,4.15,16156.0,United Kingdom,16.6
572678,16169E,wrap 50's  christmas,25,2011-10-25 13:46:00,0.42,13182.0,United Kingdom,10.5
547649,22386,jumbo bag pink polkadot,2,2011-03-24 12:02:00,1.95,18118.0,United Kingdom,3.9
541003,22651,gentleman shirt repair kit,12,2011-01-13 10:35:00,0.85,15835.0,United Kingdom,10.2
561879,47566,party bunting,16,2011-07-31 12:43:00,4.95,13722.0,United Kingdom,79.2
547897,22750,feltcraft princess lola doll,4,2011-03-28 11:36:00,3.75,12792.0,Portugal,15.0
569867,21213,pack of 72 skull cake cases,24,2011-10-06 14:54:00,0.55,12569.0,Germany,13.200000000000001
556822,21212,pack of 72 retrospot cake cases,24,2011-06-15 10:22:00,0.55,17155.0,United Kingdom,13.200000000000001
557861,72741,grand chocolatecandle,9,2011-06-23 12:13:00,1.45,13437.0,United Kingdom,13.049999999999999
559167,23306,set of 36 doilies pantry design,1,2011-07-06 16:54:00,1.45,17997.0,United Kingdom,1.45
563913,22427,enamel flower jug cream,3,2011-08-21 13:11:00,5.95,14911.0,EIRE,17.85
572321,23155,knickerbockerglory magnet assorted,12,2011-10-24 08:59:00,0.83,15592.0,United Kingdom,9.959999999999999
573359,22130,party cone christmas decoration,6,2011-10-30 12:48:00,0.85,14178.0,United Kingdom,5.1
560259,22630,dolly girl lunch box,12,2011-07-17 13:29:00,1.95,13654.0,United Kingdom,23.4
559896,22748,poppy's playhouse kitchen,2,2011-07-13 12:15:00,2.1,15530.0,United Kingdom,4.2
543814,20751,funky washing up gloves assorted,12,2011-02-13 15:17:00,2.1,15640.0,United Kingdom,25.200000000000003
574700,21900,"key fob , shed",4,2011-11-06 13:53:00,0.65,16033.0,United Kingdom,2.6
549258,22804,candleholder pink hanging heart,6,2011-04-07 12:30:00,2.95,13102.0,United Kingdom,17.700000000000003
570210,21905,more butter metal sign,1,2011-10-09 10:48:00,0.79,13259.0,United Kingdom,0.79
576300,23202,jumbo bag vintage leaf,1,2011-11-14 14:39:00,2.08,15058.0,United Kingdom,2.08
558233,23049,recycled acapulco mat red,2,2011-06-27 14:36:00,8.25,18073.0,United Kingdom,16.5
555936,20979,36 pencils tube red retrospot,16,2011-06-08 09:16:00,1.25,12567.0,France,20.0
542085,22629,spaceboy lunch box,2,2011-01-25 12:33:00,1.95,14534.0,United Kingdom,3.9
577318,21770,open closed metal sign,2,2011-11-18 13:42:00,4.95,17675.0,United Kingdom,9.9
562128,22668,pink baby bunting,5,2011-08-03 09:07:00,2.95,16150.0,United Kingdom,14.75
555284,22440,balloon water bomb pack of 35,40,2011-06-02 09:37:00,0.36,14298.0,United Kingdom,14.399999999999999
556105,22304,coffee mug blue paisley design,6,2011-06-08 16:39:00,2.55,13466.0,United Kingdom,15.299999999999999
536632,22964,3 piece spaceboy cookie cutter set,6,2010-12-02 11:02:00,2.1,14388.0,United Kingdom,12.600000000000001
570232,22273,feltcraft doll molly,1,2011-10-09 13:58:00,2.95,14040.0,United Kingdom,2.95
567924,23155,knickerbockerglory magnet assorted,12,2011-09-22 17:25:00,0.83,12471.0,Germany,9.959999999999999
578171,84997D,childrens cutlery polkadot pink,8,2011-11-23 11:36:00,4.15,17685.0,United Kingdom,33.2
563016,22028,penny farthing birthday card,12,2011-08-11 12:44:00,0.42,15358.0,United Kingdom,5.04
577108,22694,wicker star,2,2011-11-17 17:34:00,2.1,15983.0,United Kingdom,4.2
580884,21064,boom box speaker boys,2,2011-12-06 12:21:00,1.25,15907.0,United Kingdom,2.5
539092,84947,antique silver tea glass engraved,72,2010-12-16 10:08:00,1.06,15482.0,United Kingdom,76.32000000000001
570672,23263,set of 3 wooden heart decorations,12,2011-10-11 14:52:00,1.25,12536.0,France,15.0
565631,21930,jumbo storage bag skulls,100,2011-09-05 15:49:00,1.79,14680.0,United Kingdom,179.0
544466,20727,lunch bag  black skull.,1,2011-02-20 15:43:00,1.65,14606.0,United Kingdom,1.65
551293,22356,charlotte bag pink polkadot,30,2011-04-27 14:28:00,0.72,14298.0,United Kingdom,21.599999999999998
565803,23191,bundle of 3 retro note books,12,2011-09-07 10:38:00,1.65,17735.0,United Kingdom,19.799999999999997
546784,47591D,pink fairy cake childrens apron,8,2011-03-17 09:49:00,1.95,18189.0,United Kingdom,15.6
565472,23156,set of 5 mini grocery magnets,4,2011-09-05 10:15:00,2.08,16255.0,United Kingdom,8.32
544181,21447,12 ivory rose peg place settings,12,2011-02-16 14:56:00,1.25,17175.0,United Kingdom,15.0
553574,17003,brocade ring purse,720,2011-05-18 09:59:00,0.25,16422.0,United Kingdom,180.0
542788,84970S,hanging heart zinc t-light holder,24,2011-02-01 10:37:00,0.85,16570.0,United Kingdom,20.4
556791,21673,white spot blue ceramic drawer knob,7,2011-06-14 13:51:00,1.25,16928.0,United Kingdom,8.75
580999,21925,union stripe cushion cover,2,2011-12-06 17:49:00,1.25,17883.0,United Kingdom,2.5
569528,22633,hand warmer union jack,5,2011-10-04 14:53:00,2.1,16242.0,United Kingdom,10.5
576236,22726,alarm clock bakelike green,1,2011-11-14 13:31:00,3.75,13755.0,United Kingdom,3.75
576873,20868,silver fabric mirror,60,2011-11-16 16:30:00,0.39,17835.0,United Kingdom,23.400000000000002
554129,21175,gin + tonic diet metal sign,12,2011-05-23 09:39:00,2.55,14189.0,United Kingdom,30.599999999999998
565453,23209,lunch bag doiley pattern,10,2011-09-04 16:05:00,1.65,15136.0,United Kingdom,16.5
573300,47593B,scottie dogs baby bib,4,2011-10-28 16:10:00,0.39,16049.0,United Kingdom,1.56
553915,21715,girls vintage tin seaside bucket,8,2011-05-19 19:51:00,2.55,18225.0,United Kingdom,20.4
562607,22624,ivory kitchen scales,2,2011-08-08 11:45:00,8.5,12885.0,United Kingdom,17.0
568996,22352,lunch box with cutlery retrospot,6,2011-09-29 17:16:00,2.55,13131.0,United Kingdom,15.299999999999999
566294,21770,open closed metal sign,1,2011-09-11 15:41:00,4.95,15533.0,United Kingdom,4.95
572846,23320,giant 50's christmas cracker,6,2011-10-26 12:14:00,2.89,14550.0,United Kingdom,17.34
580893,84817,danish rose decorative plate,6,2011-12-06 12:38:00,0.39,17290.0,United Kingdom,2.34
578059,23355,hot water bottle keep calm,8,2011-11-22 15:15:00,4.95,13940.0,United Kingdom,39.6
580697,23083,set 6 paper table lantern stars,2,2011-12-05 16:05:00,3.75,15984.0,United Kingdom,7.5
577141,21212,pack of 72 retrospot cake cases,24,2011-11-18 09:11:00,0.55,13269.0,United Kingdom,13.200000000000001
580982,20724,red retrospot charlotte bag,10,2011-12-06 16:21:00,0.85,17861.0,United Kingdom,8.5
542780,22294,heart filigree dove  small,24,2011-02-01 09:38:00,1.25,17675.0,United Kingdom,30.0
564141,22445,pencil case life is beautiful,1,2011-08-23 11:47:00,2.95,17841.0,United Kingdom,2.95
565920,23158,set of 5 lucky cat magnets,12,2011-09-08 08:56:00,2.08,15298.0,United Kingdom,24.96
537239,22844,vintage cream dog food container,2,2010-12-06 10:05:00,8.5,18219.0,United Kingdom,17.0
580665,23309,set of 60 i love london cake cases,480,2011-12-05 14:06:00,0.42,16684.0,United Kingdom,201.6
550323,22083,paper chain kit retrospot,40,2011-04-17 12:57:00,2.55,13692.0,United Kingdom,102.0
578339,21907,i'm on holiday metal sign,12,2011-11-24 09:07:00,2.1,12421.0,Spain,25.200000000000003
541848,22549,picture dominoes,1,2011-01-23 13:31:00,1.45,17611.0,United Kingdom,1.45
562031,20679,edwardian parasol red,2,2011-08-01 17:37:00,5.95,16984.0,United Kingdom,11.9
564715,21259,victorian sewing box small,1,2011-08-28 11:01:00,5.95,14472.0,United Kingdom,5.95
559696,23254,childrens cutlery dolly girl,6,2011-07-11 16:59:00,4.15,15577.0,United Kingdom,24.900000000000002
576339,22895,set of 2 tea towels apple and pears,1,2011-11-14 15:27:00,6.63,14096.0,United Kingdom,6.63
542276,22831,white brocante soap dish,6,2011-01-27 10:19:00,2.95,12764.0,Lebanon,17.700000000000003
556017,21976,pack of 60 mushroom cake cases,24,2011-06-08 11:56:00,0.55,15382.0,United Kingdom,13.200000000000001
565245,22558,clothes pegs retrospot pack 24,36,2011-09-02 10:24:00,1.65,16678.0,United Kingdom,59.4
547936,22333,retrospot party bag + sticker set,1,2011-03-28 14:23:00,1.65,15874.0,United Kingdom,1.65
550956,22450,silk purse babushka blue,2,2011-04-21 16:37:00,3.35,17179.0,United Kingdom,6.7
555245,22751,feltcraft princess olivia doll,3,2011-06-01 14:12:00,3.75,14800.0,United Kingdom,11.25
554275,21063,party invites jazz hearts,4,2011-05-23 13:17:00,0.85,14903.0,United Kingdom,3.4
561709,22219,lovebird hanging decoration white,10,2011-07-29 11:35:00,0.85,17790.0,United Kingdom,8.5
568344,21891,traditional wooden skipping rope,12,2011-09-26 15:23:00,1.45,16531.0,United Kingdom,17.4
537047,22603,christmas retrospot tree wood,5,2010-12-05 11:02:00,0.85,13069.0,United Kingdom,4.25
580073,21098,christmas toilet roll,3,2011-12-01 14:03:00,1.25,16813.0,United Kingdom,3.75
540033,22561,wooden school colouring set,6,2011-01-04 14:12:00,1.65,13680.0,United Kingdom,9.899999999999999
577128,22980,pantry scrubbing brush,1,2011-11-17 19:48:00,1.65,14508.0,United Kingdom,1.65
537900,22521,childs garden trowel pink,1,2010-12-09 10:45:00,0.85,15983.0,United Kingdom,0.85
555114,84987,set of 36 teatime paper doilies,1,2011-05-31 14:55:00,1.45,13571.0,United Kingdom,1.45
550804,21217,red retrospot round cake tins,2,2011-04-20 15:32:00,9.95,16676.0,United Kingdom,19.9
555813,22386,jumbo bag pink polkadot,10,2011-06-07 11:40:00,2.08,13643.0,United Kingdom,20.8
538514,22809,set of 6 t-lights santa,12,2010-12-12 14:27:00,2.95,15044.0,United Kingdom,35.400000000000006
542691,21914,blue harmonica in box,12,2011-01-31 12:34:00,1.25,13408.0,United Kingdom,15.0
566518,35970,zinc folkart sleigh bells,6,2011-09-13 11:24:00,1.69,17779.0,United Kingdom,10.14
562791,22154,angel decoration 3 buttons,48,2011-08-09 14:18:00,0.42,17730.0,United Kingdom,20.16
570443,22277,cosmetic bag vintage rose paisley,100,2011-10-10 14:37:00,1.85,17203.0,United Kingdom,185.0
569673,23517,embroidered ribbon reel rebecca,1,2011-10-05 13:58:00,2.89,17222.0,United Kingdom,2.89
579170,23308,set of 60 vintage leaf cake cases,1,2011-11-28 14:26:00,0.55,17811.0,United Kingdom,0.55
573300,21154,red retrospot oven glove,4,2011-10-28 16:10:00,1.25,16049.0,United Kingdom,5.0
572291,22730,alarm clock bakelike ivory,3,2011-10-23 12:46:00,3.75,16931.0,United Kingdom,11.25
537156,20829,glitter hanging butterfly string,3,2010-12-05 13:08:00,2.1,17858.0,United Kingdom,6.300000000000001
536751,22632,hand warmer red polka dot,6,2010-12-02 14:05:00,1.85,17850.0,United Kingdom,11.100000000000001
558632,84077,world war 2 gliders asstd designs,48,2011-06-30 18:44:00,0.29,17930.0,United Kingdom,13.919999999999998
567928,20685,doormat red retrospot,4,2011-09-22 17:31:00,8.25,12380.0,Belgium,33.0
548563,22751,feltcraft princess olivia doll,1,2011-04-01 10:21:00,3.75,18118.0,United Kingdom,3.75
575152,22587,feltcraft hairband red and blue,1,2011-11-08 16:12:00,0.85,16284.0,United Kingdom,0.85
580872,23582,vintage doily jumbo bag red,3,2011-12-06 12:02:00,2.08,18283.0,United Kingdom,6.24
562444,82483,wood 2 drawer cabinet white finish,2,2011-08-04 18:44:00,6.95,14713.0,United Kingdom,13.9
545226,21668,red stripe ceramic drawer knob,24,2011-03-01 09:33:00,1.25,12428.0,Finland,30.0
564342,22131,food container set 3 love heart,1,2011-08-24 14:53:00,1.95,16340.0,United Kingdom,1.95
567341,23202,jumbo bag vintage leaf,10,2011-09-19 15:04:00,2.08,14961.0,United Kingdom,20.8
551014,22328,round snack boxes set of 4 fruits,6,2011-04-26 11:04:00,2.95,13209.0,United Kingdom,17.700000000000003
569234,22348,tea bag plate red retrospot,1,2011-10-02 15:33:00,0.85,17841.0,United Kingdom,0.85
560856,23229,vintage donkey tail game,6,2011-07-21 13:06:00,3.75,16607.0,United Kingdom,22.5
572090,23169,classic glass cookie jar,1,2011-10-20 14:33:00,4.15,13573.0,United Kingdom,4.15
544177,22907,pack of 20 napkins pantry design,1,2011-02-16 14:27:00,0.85,13001.0,United Kingdom,0.85
569849,21385,ivory hanging decoration  heart,24,2011-10-06 13:49:00,0.85,15264.0,United Kingdom,20.4
569528,22566,feltcraft hairband pink and purple,3,2011-10-04 14:53:00,0.85,16242.0,United Kingdom,2.55
571260,22470,heart of wicker large,10,2011-10-16 10:41:00,2.95,16206.0,United Kingdom,29.5
546739,22998,travel card wallet keep calm,24,2011-03-16 12:12:00,0.42,17511.0,United Kingdom,10.08
569330,23316,red refectory clock,2,2011-10-03 13:31:00,9.95,15311.0,United Kingdom,19.9
563614,22738,ribbon reel snowy village,120,2011-08-18 08:51:00,1.45,12415.0,Australia,174.0
546116,22854,cream sweetheart egg holder,4,2011-03-09 13:53:00,4.95,15367.0,United Kingdom,19.8
571028,22473,tv dinner tray vintage paisley,1,2011-10-13 12:21:00,4.95,16770.0,United Kingdom,4.95
568060,22551,plasters in tin spaceboy,3,2011-09-23 13:11:00,1.65,14546.0,United Kingdom,4.949999999999999
578026,47591D,pink fairy cake childrens apron,8,2011-11-22 13:29:00,1.95,17659.0,United Kingdom,15.6
551516,23205,charlotte bag vintage alphabet,1,2011-05-01 11:10:00,0.85,14800.0,United Kingdom,0.85
572283,23264,set of 3 wooden sleigh decorations,2,2011-10-23 11:42:00,1.25,15000.0,United Kingdom,2.5
566923,22470,heart of wicker large,2,2011-09-15 15:05:00,2.95,15511.0,United Kingdom,5.9
538069,22601,christmas retrospot angel wood,2,2010-12-09 14:08:00,0.85,16795.0,United Kingdom,1.7
581003,22107,pizza plate in box,8,2011-12-07 08:38:00,1.25,14911.0,EIRE,10.0
577472,23352,roll wrap 50's red christmas,12,2011-11-20 11:28:00,1.25,14503.0,United Kingdom,15.0
541700,22471,tv dinner tray air hostess,8,2011-01-21 09:06:00,1.95,15174.0,United Kingdom,15.6
557598,85169B,black love bird candle,2,2011-06-21 11:33:00,1.25,14667.0,United Kingdom,2.5
537614,22867,hand warmer bird design,18,2010-12-07 13:29:00,2.1,16904.0,United Kingdom,37.800000000000004
545988,20750,red retrospot mini cases,2,2011-03-08 12:52:00,7.95,12662.0,Germany,15.9
571442,23332,ivory wicker heart large,11,2011-10-17 13:39:00,1.65,17049.0,United Kingdom,18.15
571030,85099B,jumbo bag red retrospot,10,2011-10-13 12:26:00,2.08,12876.0,Belgium,20.8
570184,23501,key ring baseball boot union jack,40,2011-10-07 14:46:00,1.25,14029.0,United Kingdom,50.0
549906,22602,retrospot wooden heart decoration,1,2011-04-12 16:28:00,0.85,14998.0,United Kingdom,0.85
547497,22916,herb marker thyme,12,2011-03-23 12:15:00,0.65,14461.0,United Kingdom,7.800000000000001
564141,21669,blue stripe ceramic drawer knob,2,2011-08-23 11:47:00,1.25,17841.0,United Kingdom,2.5
544466,84989A,75 green fairy cake cases,1,2011-02-20 15:43:00,0.55,14606.0,United Kingdom,0.55
571883,21802,christmas tree heart decoration,10,2011-10-19 13:58:00,0.42,14704.0,United Kingdom,4.2
575073,23293,set of 12 fairy cake baking cases,4,2011-11-08 13:10:00,0.83,13975.0,United Kingdom,3.32
558731,22534,magic drawing slate spaceboy,24,2011-07-01 14:53:00,0.42,13285.0,United Kingdom,10.08
577595,82483,wood 2 drawer cabinet white finish,2,2011-11-20 16:12:00,6.95,16399.0,United Kingdom,13.9
567822,21877,home sweet home mug,12,2011-09-22 12:54:00,1.65,17644.0,United Kingdom,19.799999999999997
540458,22089,paper bunting vintage paisley,6,2011-01-07 12:28:00,2.95,12501.0,Germany,17.700000000000003
547867,21181,please one person metal sign,3,2011-03-27 13:56:00,2.1,13357.0,United Kingdom,6.300000000000001
538210,85048,15cm christmas glass ball 20 lights,2,2010-12-10 11:44:00,7.95,14256.0,United Kingdom,15.9
553901,22423,regency cakestand 3 tier,16,2011-05-19 17:48:00,10.95,14911.0,EIRE,175.2
569767,22274,feltcraft doll emily,6,2011-10-06 11:24:00,2.95,14849.0,United Kingdom,17.700000000000003
547663,21025,space frog,5,2011-03-24 13:16:00,1.25,16022.0,United Kingdom,6.25
566286,23309,set of 60 i love london cake cases,24,2011-09-11 14:58:00,0.55,14057.0,United Kingdom,13.200000000000001
566291,23146,triple hook antique ivory rose,2,2011-09-11 15:31:00,3.29,12965.0,United Kingdom,6.58
571442,23343,jumbo bag vintage christmas,8,2011-10-17 13:39:00,2.08,17049.0,United Kingdom,16.64
578931,22533,magic drawing slate bake a cake,1,2011-11-27 12:40:00,0.42,16942.0,United Kingdom,0.42
543342,22622,box of vintage alphabet blocks,2,2011-02-07 12:27:00,9.95,17162.0,United Kingdom,19.9
574310,22077,6 ribbons rustic charm,1,2011-11-03 16:56:00,1.95,13467.0,United Kingdom,1.95
554836,21537,red retrospot pudding bowl,4,2011-05-26 16:25:00,4.25,13015.0,United Kingdom,17.0
580295,21947,set of 6 heart chopsticks,1,2011-12-02 13:49:00,1.25,17841.0,United Kingdom,1.25
562652,20972,pink cream felt craft trinket box,12,2011-08-08 13:34:00,1.25,14844.0,United Kingdom,15.0
571549,22138,baking set 9 piece retrospot,3,2011-10-18 08:12:00,4.95,13536.0,United Kingdom,14.850000000000001
560504,15056BL,edwardian parasol black,3,2011-07-19 11:47:00,5.95,13081.0,United Kingdom,17.85
575060,21218,red spotty biscuit tin,6,2011-11-08 12:29:00,3.75,13089.0,United Kingdom,22.5
538255,22411,jumbo shopper vintage red paisley,20,2010-12-10 12:33:00,1.95,14911.0,EIRE,39.0
566203,21584,retrospot small tube matches,6,2011-09-09 14:47:00,1.65,16362.0,United Kingdom,9.899999999999999
550322,22203,milk pan red retrospot,1,2011-04-17 12:53:00,3.75,14524.0,United Kingdom,3.75
563638,21428,set3 book box green gingham flower,2,2011-08-18 10:36:00,4.25,15311.0,United Kingdom,8.5
577523,22804,pink hanging heart t-light holder,6,2011-11-20 13:33:00,2.95,12597.0,Spain,17.700000000000003
541518,21212,pack of 72 retrospot cake cases,48,2011-01-19 09:05:00,0.55,12451.0,Switzerland,26.400000000000002
566914,22208,wood stamp set thank you,3,2011-09-15 14:08:00,0.83,15466.0,United Kingdom,2.4899999999999998
571746,23108,set of 10 led dolly lights,2,2011-10-19 10:56:00,6.25,17043.0,United Kingdom,12.5
572673,22045,spaceboy gift wrap,25,2011-10-25 13:16:00,0.42,13309.0,United Kingdom,10.5
558750,23202,jumbo bag vintage leaf,10,2011-07-03 10:47:00,2.08,18226.0,United Kingdom,20.8
558200,15044B,blue paper parasol,2,2011-06-27 13:00:00,2.95,15976.0,United Kingdom,5.9
550159,21169,you're confusing me metal sign,48,2011-04-14 15:46:00,1.45,14062.0,United Kingdom,69.6
560862,22030,swallows greeting card,24,2011-07-21 13:48:00,0.42,14085.0,United Kingdom,10.08
570882,79321,chilli lights,4,2011-10-13 09:45:00,5.75,13930.0,United Kingdom,23.0
552878,22666,recipe box pantry yellow design,24,2011-05-12 09:54:00,2.55,12625.0,Germany,61.199999999999996
556256,21892,traditional wooden catch cup game,12,2011-06-09 17:37:00,1.25,14309.0,United Kingdom,15.0
551776,21164,home sweet home metal sign,3,2011-05-04 11:23:00,2.95,13268.0,United Kingdom,8.850000000000001
547878,84970L,single heart zinc t-light holder,40,2011-03-27 16:01:00,0.95,15939.0,United Kingdom,38.0
537382,22335,heart decoration painted zinc,2,2010-12-06 13:13:00,0.65,16710.0,United Kingdom,1.3
556455,79321,chilli lights,24,2011-06-10 16:46:00,4.95,15856.0,United Kingdom,118.80000000000001
569524,22722,set of 6 spice tins pantry design,1,2011-10-04 14:42:00,3.95,14506.0,United Kingdom,3.95
575853,23556,landmark frame covent garden,3,2011-11-11 12:18:00,12.5,16912.0,United Kingdom,37.5
553375,21469,polka dot raffia food cover,6,2011-05-16 14:53:00,3.75,14911.0,EIRE,22.5
541214,22431,watering can blue elephant,6,2011-01-14 13:41:00,1.95,15570.0,United Kingdom,11.7
568223,23281,folding butterfly mirror red,12,2011-09-26 10:16:00,0.83,12412.0,Denmark,9.959999999999999
574240,23548,wrap magic forest,25,2011-11-03 12:45:00,0.42,15998.0,United Kingdom,10.5
549995,21136,painted metal pears assorted,24,2011-04-14 08:32:00,1.69,16131.0,United Kingdom,40.56
547253,22274,feltcraft doll emily,3,2011-03-22 10:44:00,2.95,13869.0,United Kingdom,8.850000000000001
569136,22867,hand warmer bird design,2,2011-09-30 14:41:00,2.1,15834.0,United Kingdom,4.2
544650,22607,wooden rounders garden set,1,2011-02-22 12:40:00,9.95,16349.0,United Kingdom,9.95
537192,21109,"large cake towel, chocolate spots",1,2010-12-05 13:42:00,6.75,16402.0,United Kingdom,6.75
578270,84859A,silver disco handbag,1,2011-11-23 13:39:00,4.13,14096.0,United Kingdom,4.13
577302,21479,white skull hot water bottle,1,2011-11-18 12:57:00,4.25,17904.0,United Kingdom,4.25
562346,47566,party bunting,8,2011-08-04 12:14:00,4.95,16187.0,United Kingdom,39.6
571280,21988,pack of 6 skull paper plates,5,2011-10-16 13:08:00,0.85,18122.0,United Kingdom,4.25
572878,21181,please one person metal sign,90,2011-10-26 13:34:00,1.66,16029.0,United Kingdom,149.4
538688,22722,set of 6 spice tins pantry design,8,2010-12-14 09:50:00,3.95,14829.0,United Kingdom,31.6
569832,21824,painted metal star with holly bells,24,2011-10-06 12:51:00,0.39,15315.0,United Kingdom,9.36
538167,20748,kensington coffee set,1,2010-12-09 18:58:00,12.75,14713.0,United Kingdom,12.75
545221,22961,jam making set printed,12,2011-03-01 08:35:00,1.45,14740.0,United Kingdom,17.4
552669,15036,assorted colours silk fan,24,2011-05-10 15:05:00,0.83,16710.0,United Kingdom,19.919999999999998
561626,22961,jam making set printed,4,2011-07-28 14:03:00,1.45,14898.0,United Kingdom,5.8
566258,82583,hot baths metal sign,2,2011-09-11 12:45:00,2.1,13124.0,United Kingdom,4.2
571684,21824,painted metal star with holly bells,3,2011-10-18 14:11:00,0.39,16730.0,United Kingdom,1.17
574965,23201,jumbo bag alphabet,1,2011-11-08 10:44:00,2.08,17964.0,United Kingdom,2.08
579196,22558,clothes pegs retrospot pack 24,2,2011-11-28 15:54:00,3.29,14096.0,United Kingdom,6.58
553671,22966,gingerbread man cookie cutter,1,2011-05-18 12:37:00,1.25,13659.0,United Kingdom,1.25
537415,22840,round cake tin vintage red,4,2010-12-06 15:09:00,7.95,16654.0,United Kingdom,31.8
537624,21817,glitter christmas tree,3,2010-12-07 14:41:00,0.85,12748.0,United Kingdom,2.55
568880,21745,gaolers keys decorative garden,1,2011-09-29 12:39:00,3.75,14524.0,United Kingdom,3.75
538093,20750,red retrospot mini cases,4,2010-12-09 14:49:00,7.95,12682.0,France,31.8
580771,22068,black pirate treasure chest,6,2011-12-06 10:58:00,0.39,16015.0,United Kingdom,2.34
579507,22361,glass jar daisy fresh cotton wool,6,2011-11-29 16:32:00,2.95,15297.0,United Kingdom,17.700000000000003
551396,22112,chocolate hot water bottle,24,2011-04-28 12:49:00,4.25,17720.0,United Kingdom,102.0
553226,23284,doormat keep calm and come in,6,2011-05-16 10:43:00,7.95,16912.0,United Kingdom,47.7
574697,22585,pack of 6 birdy gift tags,12,2011-11-06 13:42:00,1.25,16488.0,United Kingdom,15.0
568726,22427,enamel flower jug cream,1,2011-09-28 16:35:00,5.95,16775.0,United Kingdom,5.95
557572,21498,red retrospot wrap,125,2011-06-21 10:55:00,0.42,15061.0,United Kingdom,52.5
563692,22314,office mug warmer choc+blue,5,2011-08-18 13:01:00,2.95,17243.0,United Kingdom,14.75
575144,23154,set of 4 jam jar magnets,12,2011-11-08 15:38:00,2.08,12540.0,Spain,24.96
563428,47566,party bunting,4,2011-08-16 11:44:00,4.95,13159.0,United Kingdom,19.8
573038,22766,photo frame cornice,3,2011-10-27 13:48:00,2.95,17545.0,United Kingdom,8.850000000000001
576677,22900,set 2 tea towels i love london,3,2011-11-16 12:03:00,3.25,16393.0,United Kingdom,9.75
552769,21088,set/6 fruit salad paper cups,7,2011-05-11 11:47:00,0.19,16241.0,United Kingdom,1.33
541564,21900,"key fob , shed",19,2011-01-19 11:38:00,0.65,16904.0,United Kingdom,12.35
547687,21212,pack of 72 retrospot cake cases,24,2011-03-24 14:52:00,0.55,15078.0,United Kingdom,13.200000000000001
542646,22971,queens guard coffee mug,6,2011-01-31 11:42:00,2.55,17220.0,United Kingdom,15.299999999999999
537393,22865,hand warmer owl design,96,2010-12-06 13:59:00,1.85,13089.0,United Kingdom,177.60000000000002
570179,22750,feltcraft princess lola doll,4,2011-10-07 14:27:00,3.75,17509.0,United Kingdom,15.0
550835,84077,world war 2 gliders asstd designs,48,2011-04-21 10:52:00,0.29,15034.0,United Kingdom,13.919999999999998
551810,22381,toy tidy pink polkadot,3,2011-05-04 11:32:00,2.1,15719.0,United Kingdom,6.300000000000001
563709,21802,christmas tree heart decoration,6,2011-08-18 15:17:00,0.42,15472.0,United Kingdom,2.52
566305,22197,popcorn holder,12,2011-09-12 09:26:00,0.85,14110.0,United Kingdom,10.2
579555,22910,paper chain kit vintage christmas,6,2011-11-30 11:08:00,2.95,16241.0,United Kingdom,17.700000000000003
559509,21136,painted metal pears assorted,1,2011-07-08 15:25:00,1.69,15920.0,United Kingdom,1.69
571498,35648,vintage bead pink purse,1,2011-10-17 15:06:00,0.83,17841.0,United Kingdom,0.83
568328,21212,pack of 72 retrospot cake cases,24,2011-09-26 14:06:00,0.55,18016.0,United Kingdom,13.200000000000001
573496,23393,home sweet home cushion cover,5,2011-10-31 11:59:00,3.75,17841.0,United Kingdom,18.75
548610,21754,home building block word,1,2011-04-01 11:28:00,5.95,15860.0,United Kingdom,5.95
569849,22600,christmas retrospot star wood,24,2011-10-06 13:49:00,0.85,15264.0,United Kingdom,20.4
552446,21933,pink vintage paisley picnic bag,3,2011-05-09 13:28:00,1.65,16729.0,United Kingdom,4.949999999999999
566042,20914,set/5 red retrospot lid glass bowls,1,2011-09-08 13:53:00,2.95,17811.0,United Kingdom,2.95
548686,79190A,retro plastic 70's tray,15,2011-04-01 16:49:00,0.42,15856.0,United Kingdom,6.3
547669,15030,fan black frame,5,2011-03-24 13:37:00,0.29,12748.0,United Kingdom,1.45
577554,23570,traditional pick up sticks game,2,2011-11-20 15:35:00,1.25,15533.0,United Kingdom,2.5
547785,84843,white soap rack with 2 bottles,2,2011-03-25 11:41:00,5.95,13097.0,United Kingdom,11.9
543548,22917,herb marker rosemary,12,2011-02-10 09:21:00,0.65,13706.0,United Kingdom,7.800000000000001
575985,22942,christmas lights 10 santas,1,2011-11-13 14:09:00,8.5,17841.0,United Kingdom,8.5
556254,85231B,cinammon set of 9 t-lights,12,2011-06-09 16:57:00,0.85,13213.0,United Kingdom,10.2
574020,21212,pack of 72 retrospot cake cases,24,2011-11-02 12:15:00,0.55,14673.0,United Kingdom,13.200000000000001
539240,85169A,ivory love bird candle,12,2010-12-16 13:15:00,1.25,15194.0,United Kingdom,15.0
556246,23184,bull dog bottle opener,1,2011-06-09 16:16:00,4.95,16113.0,United Kingdom,4.95
571883,21819,glitter christmas star,20,2011-10-19 13:58:00,0.39,14704.0,United Kingdom,7.800000000000001
570516,22716,card circus parade,12,2011-10-11 10:39:00,0.42,14121.0,United Kingdom,5.04
539009,84751B,black medium glass cake stand,2,2010-12-15 13:24:00,3.75,13221.0,United Kingdom,7.5
551349,22753,small yellow babushka notebook,12,2011-04-28 10:03:00,0.85,14740.0,United Kingdom,10.2
578678,20719,woodland charlotte bag,2,2011-11-24 19:59:00,0.85,17841.0,United Kingdom,1.7
574063,22400,magnets pack of 4 home sweet home,1,2011-11-02 14:31:00,0.39,13271.0,United Kingdom,0.39
577508,22231,jigsaw tree with birdhouse,4,2011-11-20 12:45:00,0.59,18127.0,United Kingdom,2.36
537218,22030,swallows greeting card,12,2010-12-05 15:46:00,0.42,12763.0,Japan,5.04
566191,23201,jumbo bag alphabet,10,2011-09-09 13:26:00,2.08,14388.0,United Kingdom,20.8
562540,22457,natural slate heart chalkboard,6,2011-08-05 15:38:00,2.95,17400.0,United Kingdom,17.700000000000003
571289,20974,12 pencils small tube skull,48,2011-10-16 15:27:00,0.65,15113.0,United Kingdom,31.200000000000003
573347,22600,christmas retrospot star wood,1,2011-10-30 12:26:00,0.85,13137.0,United Kingdom,0.85
572045,23404,home sweet home blackboard,2,2011-10-20 12:11:00,4.95,14527.0,United Kingdom,9.9
559894,22328,round snack boxes set of 4 fruits,1,2011-07-13 12:06:00,2.95,14159.0,United Kingdom,2.95
569082,22382,lunch bag spaceboy design,10,2011-09-30 11:55:00,1.65,18229.0,United Kingdom,16.5
550960,22639,set of 4 napkin charms hearts,6,2011-04-21 16:39:00,2.55,12622.0,Germany,15.299999999999999
557290,21902,"key fob , front  door",1,2011-06-19 13:01:00,0.65,16880.0,United Kingdom,0.65
578924,85034B,3 white choc morris boxed candles,12,2011-11-27 12:10:00,1.25,16983.0,United Kingdom,15.0
572460,23493,vintage doily travel sewing kit,10,2011-10-24 12:54:00,1.95,17001.0,United Kingdom,19.5
569469,20685,doormat red retrospot,2,2011-10-04 12:22:00,8.25,16360.0,United Kingdom,16.5
578941,23308,set of 60 vintage leaf cake cases,2,2011-11-27 13:26:00,0.55,16024.0,United Kingdom,1.1
553680,21733,red hanging heart t-light holder,4,2011-05-18 13:11:00,2.95,13258.0,United Kingdom,11.8
539590,84660A,white stitched wall clock,20,2010-12-20 13:21:00,1.25,14733.0,United Kingdom,25.0
555876,84596B,small dolly mix design orange bowl,16,2011-06-07 15:28:00,0.42,15799.0,United Kingdom,6.72
546429,22175,pink owl soft toy,2,2011-03-13 15:25:00,2.95,17611.0,United Kingdom,5.9
579427,21034,rex cash+carry jumbo shopper,1,2011-11-29 13:04:00,0.95,16479.0,United Kingdom,0.95
570118,23194,gymkhana treasure book box,8,2011-10-07 12:44:00,2.25,13276.0,United Kingdom,18.0
566737,21108,fairy cake flannel assorted colour,9,2011-09-14 14:26:00,2.55,13430.0,United Kingdom,22.95
556484,21747,small skull windmill,8,2011-06-12 13:17:00,1.25,16938.0,United Kingdom,10.0
559544,21207,skull and crossbones  garland,1,2011-07-10 13:52:00,1.65,17126.0,United Kingdom,1.65
549522,21035,set/2 red retrospot tea towels,6,2011-04-08 15:34:00,3.25,16873.0,United Kingdom,19.5
549568,85099F,jumbo bag strawberry,4,2011-04-10 15:09:00,2.08,15665.0,United Kingdom,8.32
567477,22350,illustrated cat bowl,1,2011-09-20 13:20:00,2.55,16327.0,United Kingdom,2.55
557442,22546,mini jigsaw purdey,4,2011-06-20 12:53:00,0.42,14808.0,United Kingdom,1.68
566571,23342,mint diner wall clock,2,2011-09-13 12:49:00,8.5,17037.0,United Kingdom,17.0
560878,84828,jungle popsicles ice lolly moulds,2,2011-07-21 15:16:00,1.25,14410.0,United Kingdom,2.5
562096,21715,girls vintage tin seaside bucket,1,2011-08-02 13:16:00,2.55,15311.0,United Kingdom,2.55
547102,22851,set 20 napkins fairy cakes design,12,2011-03-21 10:41:00,0.85,14245.0,United Kingdom,10.2
573393,22338,star decoration painted zinc,96,2011-10-30 15:08:00,0.19,14158.0,United Kingdom,18.240000000000002
550251,22698,pink regency teacup and saucer,6,2011-04-15 11:44:00,2.95,14323.0,United Kingdom,17.700000000000003
546944,22988,soldiers egg cup,2,2011-03-18 11:13:00,1.25,14701.0,United Kingdom,2.5
547815,22326,round snack boxes set of4 woodland,36,2011-03-25 14:19:00,2.95,13520.0,Switzerland,106.2
536743,90178A,amber chunky glass+bead necklace,1,2010-12-02 13:32:00,11.95,17964.0,United Kingdom,11.95
559921,22096,pink paisley square tissue box,2,2011-07-13 15:42:00,0.39,13667.0,United Kingdom,0.78
554160,21452,toadstool money box,1,2011-05-23 11:49:00,2.95,17841.0,United Kingdom,2.95
573300,23198,pantry magnetic  shopping list,3,2011-10-28 16:10:00,1.45,16049.0,United Kingdom,4.35
549424,22381,toy tidy pink polkadot,5,2011-04-08 11:50:00,2.1,15367.0,United Kingdom,10.5
560576,21982,pack of 12 suki tissues,6,2011-07-19 14:59:00,0.29,17287.0,United Kingdom,1.7399999999999998
544278,22623,box of vintage jigsaw blocks,3,2011-02-17 12:01:00,4.95,15382.0,United Kingdom,14.850000000000001
546427,21094,set/6 red spotty paper plates,5,2011-03-13 14:29:00,0.85,14606.0,United Kingdom,4.25
543464,21988,pack of 6 skull paper plates,12,2011-02-08 14:15:00,0.85,16779.0,United Kingdom,10.2
569533,22621,traditional knitting nancy,2,2011-10-04 15:21:00,1.65,16374.0,United Kingdom,3.3
558700,22915,assorted bottle top  magnets,8,2011-07-01 12:33:00,0.42,17920.0,United Kingdom,3.36
557322,23190,bundle of 3 school exercise books,12,2011-06-20 09:04:00,1.65,17444.0,Canada,19.799999999999997
556494,85049D,bright blues ribbons,3,2011-06-12 14:57:00,1.25,17802.0,United Kingdom,3.75
543279,22151,place setting white heart,24,2011-02-06 14:46:00,0.42,17105.0,United Kingdom,10.08
563030,22460,embossed glass tealight holder,12,2011-08-11 14:36:00,1.25,14834.0,United Kingdom,15.0
571039,22759,set of 3 notebooks in parcel,3,2011-10-13 12:59:00,1.65,16121.0,United Kingdom,4.949999999999999
557761,16161P,wrap english rose,25,2011-06-22 13:59:00,0.42,14214.0,United Kingdom,10.5
543651,22637,piggy bank retrospot,4,2011-02-11 10:06:00,2.55,16306.0,United Kingdom,10.2
559143,85049A,traditional christmas ribbons,1,2011-07-06 14:04:00,1.25,15581.0,United Kingdom,1.25
538449,22441,grow your own basil in enamel mug,1,2010-12-12 12:24:00,2.1,17085.0,United Kingdom,2.1
565141,22992,revolver wooden ruler,1,2011-09-01 13:40:00,1.95,17841.0,United Kingdom,1.95
580513,35961,folkart zinc heart christmas dec,3,2011-12-04 13:59:00,0.85,14456.0,United Kingdom,2.55
554684,21340,classic metal birdcage plant holder,2,2011-05-25 16:28:00,12.75,16448.0,United Kingdom,25.5
576059,23681,lunch bag red vintage doily,2,2011-11-13 15:19:00,1.65,15411.0,United Kingdom,3.3
573407,23407,set of 2 trays home sweet home,4,2011-10-30 15:58:00,9.95,18067.0,United Kingdom,39.8
578289,23265,set of 3 wooden tree decorations,12,2011-11-23 14:07:00,1.25,17841.0,United Kingdom,15.0
538641,22086,paper chain kit 50's christmas,40,2010-12-13 14:36:00,2.55,15640.0,United Kingdom,102.0
551516,22045,spaceboy gift wrap,25,2011-05-01 11:10:00,0.42,14800.0,United Kingdom,10.5
560920,20677,pink polkadot bowl,8,2011-07-21 18:36:00,1.25,15370.0,United Kingdom,10.0
553942,23175,regency milk jug pink,4,2011-05-20 10:37:00,3.25,18055.0,United Kingdom,13.0
546538,22393,paperweight vintage collage,6,2011-03-14 14:51:00,2.55,16327.0,United Kingdom,15.299999999999999
547647,22333,retrospot party bag + sticker set,8,2011-03-24 11:43:00,1.65,15144.0,United Kingdom,13.2
554935,23170,regency tea plate roses,12,2011-05-27 13:30:00,1.65,14338.0,United Kingdom,19.799999999999997
568197,23206,lunch bag apple design,10,2011-09-25 14:52:00,1.65,16746.0,United Kingdom,16.5
571715,23265,set of 3 wooden tree decorations,6,2011-10-18 17:04:00,1.25,17576.0,United Kingdom,7.5
546389,22692,doormat welcome to our home,2,2011-03-11 13:56:00,7.95,16801.0,United Kingdom,15.9
554509,84673A,pink fly swat,1,2011-05-24 15:45:00,0.65,17375.0,United Kingdom,0.65
568669,23407,set of 2 trays home sweet home,2,2011-09-28 13:04:00,9.95,13488.0,United Kingdom,19.9
578285,22952,60 cake cases vintage christmas,1,2011-11-23 13:57:00,0.55,12748.0,United Kingdom,0.55
566258,82583,hot baths metal sign,1,2011-09-11 12:45:00,2.1,13124.0,United Kingdom,2.1
569669,21988,pack of 6 skull paper plates,5,2011-10-05 13:47:00,0.85,14730.0,United Kingdom,4.25
537382,22295,heart filigree dove large,1,2010-12-06 13:13:00,1.65,16710.0,United Kingdom,1.65
557210,84596F,small marshmallows pink bowl,8,2011-06-17 11:49:00,0.42,18118.0,United Kingdom,3.36
546254,22457,natural slate heart chalkboard,6,2011-03-10 14:45:00,2.95,14727.0,United Kingdom,17.700000000000003
575607,20971,pink blue felt craft trinket box,1,2011-11-10 12:37:00,2.46,14096.0,United Kingdom,2.46
563731,23333,ivory wicker heart medium,5,2011-08-18 17:44:00,1.25,17576.0,United Kingdom,6.25
549052,84884A,ant white wire heart spiral,5,2011-04-06 10:19:00,3.95,17682.0,United Kingdom,19.75
566539,23207,lunch bag alphabet design,4,2011-09-13 11:34:00,1.65,17228.0,United Kingdom,6.6
580389,22722,set of 6 spice tins pantry design,4,2011-12-04 10:35:00,3.95,12952.0,United Kingdom,15.8
541223,20669,red heart luggage tag,1,2011-01-14 14:39:00,1.25,17954.0,United Kingdom,1.25
555289,22411,jumbo shopper vintage red paisley,10,2011-06-02 10:00:00,2.08,15078.0,United Kingdom,20.8
556258,21888,bingo set,4,2011-06-09 17:48:00,3.75,12694.0,France,15.0
549734,21976,pack of 60 mushroom cake cases,5,2011-04-11 17:12:00,0.55,16409.0,United Kingdom,2.75
566240,23391,i love london mini backpack,1,2011-09-11 11:29:00,4.15,14508.0,United Kingdom,4.15
554635,47590B,pink happy birthday bunting,3,2011-05-25 11:45:00,5.45,13069.0,United Kingdom,16.35
573300,22557,plasters in tin vintage paisley,1,2011-10-28 16:10:00,1.65,16049.0,United Kingdom,1.65
544795,84969,box of 6 assorted colour teaspoons,6,2011-02-23 13:21:00,4.25,15858.0,United Kingdom,25.5
569141,22865,hand warmer owl design,36,2011-09-30 15:02:00,2.1,13021.0,United Kingdom,75.60000000000001
576611,22138,baking set 9 piece retrospot,1,2011-11-15 16:29:00,4.95,17357.0,United Kingdom,4.95
562445,23287,red vintage spot beaker,8,2011-08-04 18:51:00,0.85,12417.0,Belgium,6.8
553219,23083,set 6 paper table lantern stars,6,2011-05-16 09:57:00,3.75,13769.0,United Kingdom,22.5
539728,22514,childs garden spade blue,6,2010-12-21 14:26:00,2.1,16270.0,United Kingdom,12.600000000000001
546984,22616,pack of 12 london tissues,12,2011-03-18 12:35:00,0.29,15019.0,United Kingdom,3.4799999999999995
563247,23334,ivory wicker heart small,48,2011-08-15 10:59:00,0.63,13089.0,United Kingdom,30.240000000000002
566921,21914,blue harmonica in box,1,2011-09-15 14:56:00,1.25,17898.0,United Kingdom,1.25
563733,82580,bathroom metal sign,12,2011-08-18 17:57:00,0.55,18225.0,United Kingdom,6.6000000000000005
541816,22748,poppy's playhouse kitchen,2,2011-01-21 15:56:00,2.1,17799.0,United Kingdom,4.2
555582,22427,enamel flower jug cream,3,2011-06-06 09:01:00,5.95,14312.0,United Kingdom,17.85
555540,82484,wood black board ant white finish,2,2011-06-05 12:48:00,7.95,13668.0,United Kingdom,15.9
568001,POST,postage,1,2011-09-23 11:35:00,28.0,12540.0,Spain,28.0
572669,71477,colour glass. star t-light holder,1,2011-10-25 13:10:00,3.95,16549.0,United Kingdom,3.95
553679,23191,bundle of 3 retro note books,12,2011-05-18 13:09:00,1.65,14565.0,United Kingdom,19.799999999999997
540815,85123A,white hanging heart t-light holder,1930,2011-01-11 12:55:00,2.55,15749.0,United Kingdom,4921.5
565116,23215,jingle bell heart antique silver,24,2011-09-01 11:30:00,2.08,13089.0,United Kingdom,49.92
576653,22960,jam making set with jars,48,2011-11-16 10:45:00,3.75,14156.0,EIRE,180.0
579293,23151,zinc sweetheart soap dish,2,2011-11-29 11:22:00,2.49,14419.0,United Kingdom,4.98
581182,22366,doormat airmail,2,2011-12-07 15:56:00,8.25,12783.0,Portugal,16.5
541849,48188,doormat welcome puppies,1,2011-01-23 13:34:00,7.95,13230.0,United Kingdom,7.95
544465,22937,baking mould chocolate cupcakes,1,2011-02-20 15:06:00,2.55,13168.0,United Kingdom,2.55
540697,22113,grey heart hot water bottle,4,2011-01-11 09:20:00,3.75,16670.0,United Kingdom,15.0
559984,84378,set of 3 heart cookie cutters,1,2011-07-14 11:45:00,1.25,16657.0,United Kingdom,1.25
576900,23250,vintage red trim enamel bowl,48,2011-11-17 08:53:00,1.25,15489.0,United Kingdom,60.0
538051,79000,moroccan tea glass,12,2010-12-09 13:24:00,0.85,18041.0,United Kingdom,10.2
541698,20725,lunch bag red retrospot,2,2011-01-20 19:16:00,1.65,14713.0,United Kingdom,3.3
551533,22990,cotton apron pantry design,1,2011-05-01 14:58:00,4.95,15407.0,United Kingdom,4.95
556490,23050,recycled acapulco mat green,2,2011-06-12 14:08:00,8.25,13078.0,United Kingdom,16.5
558567,23035,drawer knob ceramic ivory,6,2011-06-30 14:37:00,1.45,14191.0,United Kingdom,8.7
561320,23201,jumbo bag alphabet,7,2011-07-26 12:57:00,2.08,16942.0,United Kingdom,14.56
542353,22902,tote bag i love london,12,2011-01-27 12:19:00,2.1,16700.0,United Kingdom,25.200000000000003
566912,48187,doormat new england,2,2011-09-15 14:05:00,8.25,14367.0,United Kingdom,16.5
552023,84946,antique silver t-light glass,12,2011-05-05 17:59:00,1.25,17624.0,United Kingdom,15.0
569555,22158,3 hearts hanging decoration rustic,8,2011-10-05 08:17:00,2.95,17728.0,United Kingdom,23.6
574029,23048,set of 10 lanterns fairy light star,8,2011-11-02 12:34:00,4.15,12955.0,United Kingdom,33.2
575336,23582,vintage doily jumbo bag red,2,2011-11-09 13:58:00,2.08,14968.0,United Kingdom,4.16
572068,23080,red metal box top secret,2,2011-10-20 13:20:00,8.25,13159.0,United Kingdom,16.5
566162,21154,red retrospot oven glove,10,2011-09-09 11:46:00,1.25,15249.0,United Kingdom,12.5
540458,21503,toybox  wrap,25,2011-01-07 12:28:00,0.42,12501.0,Germany,10.5
552952,85099B,jumbo bag red retrospot,6,2011-05-12 12:10:00,2.08,13837.0,United Kingdom,12.48
567459,23397,foot stool home sweet home,2,2011-09-20 12:21:00,9.95,14221.0,United Kingdom,19.9
570888,22751,feltcraft princess olivia doll,4,2011-10-13 10:26:00,3.75,17509.0,United Kingdom,15.0
573407,22628,picnic boxes set of 3 retrospot,1,2011-10-30 15:58:00,4.95,18067.0,United Kingdom,4.95
578305,21481,fawn blue hot water bottle,28,2011-11-23 15:44:00,3.39,14088.0,United Kingdom,94.92
572561,84077,world war 2 gliders asstd designs,48,2011-10-25 08:51:00,0.29,13652.0,United Kingdom,13.919999999999998
563928,21584,retrospot small tube matches,4,2011-08-21 15:17:00,1.65,17059.0,United Kingdom,6.6
545908,21931,jumbo storage bag suki,20,2011-03-08 09:26:00,1.95,14709.0,United Kingdom,39.0
580727,22731,3d christmas stamps stickers,6,2011-12-05 17:17:00,2.46,14096.0,United Kingdom,14.76
553348,22605,wooden croquet garden set,6,2011-05-16 13:20:00,12.75,14911.0,EIRE,76.5
577497,21891,traditional wooden skipping rope,4,2011-11-20 12:22:00,1.45,17555.0,United Kingdom,5.8
575751,22027,tea party birthday card,24,2011-11-11 10:32:00,0.42,14911.0,EIRE,10.08
579516,22692,doormat welcome to our home,1,2011-11-29 17:52:00,8.25,17841.0,United Kingdom,8.25
579267,22086,paper chain kit 50's christmas,12,2011-11-29 09:42:00,2.95,14961.0,United Kingdom,35.400000000000006
560635,84050,pink heart shape egg frying pan,6,2011-07-20 10:51:00,1.65,12521.0,Germany,9.899999999999999
558709,15030,fan black frame,3,2011-07-01 13:02:00,0.29,17338.0,United Kingdom,0.8699999999999999
553915,23168,classic cafe sugar dispenser,12,2011-05-19 19:51:00,1.25,18225.0,United Kingdom,15.0
579408,23220,reindeer heart decoration gold,3,2011-11-29 12:34:00,0.83,14701.0,United Kingdom,2.4899999999999998
556903,22607,wooden rounders garden set,1,2011-06-15 12:55:00,9.95,14527.0,United Kingdom,9.95
568672,22568,feltcraft cushion owl,8,2011-09-28 13:17:00,3.75,15348.0,United Kingdom,30.0
550106,21559,strawberry lunch box with cutlery,1,2011-04-14 12:31:00,2.55,13772.0,United Kingdom,2.55
573385,85035C,rose 3 wick morris box candle,12,2011-10-30 14:21:00,1.25,13421.0,United Kingdom,15.0
537219,21790,vintage snap cards,7,2010-12-05 15:47:00,0.85,14081.0,United Kingdom,5.95
544394,22728,alarm clock bakelike pink,4,2011-02-18 12:02:00,3.75,13932.0,United Kingdom,15.0
566290,21933,pink vintage paisley picnic bag,2,2011-09-11 15:24:00,1.65,14456.0,United Kingdom,3.3
574675,22566,feltcraft hairband pink and purple,1,2011-11-06 12:31:00,0.85,17289.0,United Kingdom,0.85
578508,22385,jumbo bag spaceboy design,1,2011-11-24 13:06:00,2.08,16892.0,United Kingdom,2.08
536837,22173,metal 4 hook hanger french chateau,8,2010-12-02 18:15:00,2.95,14395.0,United Kingdom,23.6
578233,23291,dolly girl childrens cup,6,2011-11-23 12:20:00,1.25,14049.0,United Kingdom,7.5
555932,21115,rose caravan doorstop,2,2011-06-08 08:46:00,6.75,14217.0,United Kingdom,13.5
547370,22667,recipe box retrospot,3,2011-03-22 13:32:00,2.95,14711.0,United Kingdom,8.850000000000001
580979,85099B,jumbo bag red retrospot,10,2011-12-06 15:40:00,2.08,12362.0,Belgium,20.8
540095,22195,large heart measuring spoons,3,2011-01-04 15:40:00,1.65,14553.0,United Kingdom,4.949999999999999
573551,23321,small white heart of wicker,4,2011-10-31 13:35:00,1.65,15044.0,United Kingdom,6.6
560690,23289,dolly girl childrens bowl,8,2011-07-20 12:00:00,1.25,16807.0,United Kingdom,10.0
566491,22748,poppy's playhouse kitchen,6,2011-09-13 10:25:00,2.1,14060.0,United Kingdom,12.600000000000001
544051,16237,sleeping cat erasers,30,2011-02-15 12:40:00,0.21,16700.0,United Kingdom,6.3
566085,22383,lunch bag suki design,5,2011-09-09 10:12:00,1.65,17841.0,United Kingdom,8.25
558877,23289,dolly girl childrens bowl,1,2011-07-04 13:50:00,1.25,17841.0,United Kingdom,1.25
578302,85123A,white hanging heart t-light holder,6,2011-11-23 15:23:00,2.95,16057.0,United Kingdom,17.700000000000003
574250,84596F,small marshmallows pink bowl,2,2011-11-03 13:09:00,0.42,17634.0,United Kingdom,0.84
577235,23328,set 6 school milk bottles in crate,4,2011-11-18 12:09:00,3.75,14367.0,United Kingdom,15.0
554424,22192,blue diner wall clock,1,2011-05-24 12:14:00,8.5,14527.0,United Kingdom,8.5
565846,21900,"key fob , shed",2,2011-09-07 12:41:00,0.65,14606.0,United Kingdom,1.3
580256,23241,treasure tin gymkhana design,1,2011-12-02 12:24:00,2.08,14688.0,United Kingdom,2.08
580272,84992,72 sweetheart fairy cake cases,3,2011-12-02 12:52:00,0.55,15547.0,United Kingdom,1.6500000000000001
560437,22720,set of 3 cake tins pantry design,3,2011-07-18 16:05:00,4.95,13940.0,United Kingdom,14.850000000000001
558456,23082,set 6 paper table lantern hearts,6,2011-06-29 13:59:00,3.75,17063.0,United Kingdom,22.5
547387,22670,french wc sign blue metal,12,2011-03-22 16:00:00,1.25,12539.0,Spain,15.0
555564,82494L,wooden frame antique white,4,2011-06-05 15:01:00,2.95,15005.0,United Kingdom,11.8
554628,22315,200 red + white bendy straws,1,2011-05-25 11:26:00,1.25,15039.0,United Kingdom,1.25
558752,22381,toy tidy pink polkadot,4,2011-07-03 11:40:00,2.1,16931.0,United Kingdom,8.4
575760,22997,travel card wallet union jack,6,2011-11-11 10:50:00,0.42,15965.0,United Kingdom,2.52
580469,85049E,scandinavian reds ribbons,1,2011-12-04 12:32:00,1.25,14583.0,United Kingdom,1.25
545706,22322,bird decoration green polkadot,12,2011-03-07 09:10:00,0.85,12712.0,Germany,10.2
540482,22499,wooden union jack bunting,3,2011-01-07 15:48:00,5.95,14672.0,United Kingdom,17.85
579536,22508,doorstop retrospot heart,4,2011-11-30 09:53:00,3.75,12957.0,United Kingdom,15.0
551160,22457,natural slate heart chalkboard,6,2011-04-26 15:04:00,2.95,15237.0,United Kingdom,17.700000000000003
568715,21509,cowboys and indians birthday card,12,2011-09-28 16:07:00,0.42,17783.0,United Kingdom,5.04
552171,20679,edwardian parasol red,60,2011-05-06 13:01:00,4.95,14145.0,United Kingdom,297.0
577094,21531,red retrospot sugar jam bowl,2,2011-11-17 16:39:00,2.55,15435.0,United Kingdom,5.1
572295,85169B,black love bird candle,4,2011-10-23 13:49:00,1.25,16686.0,United Kingdom,5.0
547083,72133,columbian candle rectangle,1,2011-03-20 15:21:00,1.25,15452.0,United Kingdom,1.25
538069,22909,set of 20 vintage christmas napkins,4,2010-12-09 14:08:00,0.85,16795.0,United Kingdom,3.4
554376,20974,12 pencils small tube skull,5,2011-05-24 11:31:00,0.65,15719.0,United Kingdom,3.25
578074,84347,rotating silver angels t-light hldr,2,2011-11-22 16:06:00,2.55,17590.0,United Kingdom,5.1
558372,20712,jumbo bag woodland animals,2,2011-06-28 15:47:00,2.08,16200.0,United Kingdom,4.16
575070,22352,lunch box with cutlery retrospot,1,2011-11-08 12:58:00,2.55,17841.0,United Kingdom,2.55
551400,23144,zinc t-light holder stars small,12,2011-04-28 13:18:00,0.83,17160.0,United Kingdom,9.959999999999999
564256,22966,gingerbread man cookie cutter,12,2011-08-24 10:45:00,1.25,14796.0,United Kingdom,15.0
578225,82483,wood 2 drawer cabinet white finish,2,2011-11-23 11:51:00,6.95,17700.0,United Kingdom,13.9
536415,85049H,urban black ribbons,2,2010-12-01 11:57:00,1.25,12838.0,United Kingdom,2.5
570488,23309,set of 60 i love london cake cases,1,2011-10-10 17:12:00,1.25,14096.0,United Kingdom,1.25
566213,22729,alarm clock bakelike orange,12,2011-09-09 15:09:00,3.75,14895.0,United Kingdom,45.0
574476,85183B,charlie & lola wastepaper bin flora,1,2011-11-04 12:20:00,1.25,17203.0,United Kingdom,1.25
562543,23324,rustic strawberry jampot large,12,2011-08-05 15:45:00,2.08,13552.0,United Kingdom,24.96
538641,21210,set of 72 retrospot paper  doilies,24,2010-12-13 14:36:00,1.45,15640.0,United Kingdom,34.8
554084,20724,red retrospot charlotte bag,10,2011-05-22 11:52:00,0.85,12909.0,United Kingdom,8.5
550279,21559,strawberry lunch box with cutlery,6,2011-04-15 13:16:00,2.55,14700.0,United Kingdom,15.299999999999999
580128,23552,bicycle puncture repair kit,1,2011-12-01 17:56:00,2.08,17576.0,United Kingdom,2.08
558709,20658,red retrospot luggage tag,4,2011-07-01 13:02:00,1.25,17338.0,United Kingdom,5.0
570455,21643,assorted tutti frutti mirror,2,2011-10-10 15:27:00,1.25,14529.0,United Kingdom,2.5
544893,21975,pack of 60 dinosaur cake cases,24,2011-02-24 12:01:00,0.55,17865.0,United Kingdom,13.200000000000001
549746,22849,bread bin diner style mint,4,2011-04-12 10:38:00,14.95,15251.0,United Kingdom,59.8
560882,23233,wrap poppies  design,25,2011-07-21 15:47:00,0.42,17213.0,United Kingdom,10.5
566299,23267,set of 4 santa place settings,12,2011-09-11 15:59:00,1.25,16871.0,United Kingdom,15.0
560885,85078,scandinavian 3 hearts napkin ring,24,2011-07-21 16:20:00,0.19,16188.0,United Kingdom,4.5600000000000005
551014,84832,zinc willie winkie  candle stick,12,2011-04-26 11:04:00,0.85,13209.0,United Kingdom,10.2
578302,21755,love building block word,3,2011-11-23 15:23:00,6.25,16057.0,United Kingdom,18.75
545698,22297,heart ivory trellis small,2,2011-03-06 14:44:00,1.25,15572.0,United Kingdom,2.5
556503,23174,regency sugar bowl green,4,2011-06-13 08:44:00,4.15,13517.0,United Kingdom,16.6
561068,22854,cream sweetheart egg holder,4,2011-07-24 14:33:00,4.95,13116.0,United Kingdom,19.8
581021,23562,set of 6 ribbons perfectly pretty,6,2011-12-07 10:24:00,2.89,14769.0,United Kingdom,17.34
568054,84510E,set of 4 green carousel coasters,3,2011-09-23 12:50:00,1.25,16978.0,United Kingdom,3.75
561097,21212,pack of 72 retrospot cake cases,24,2011-07-25 10:47:00,0.55,15981.0,United Kingdom,13.200000000000001
568213,22412,metal sign neighbourhood witch,12,2011-09-25 16:06:00,2.1,15214.0,United Kingdom,25.200000000000003
571456,23206,lunch bag apple design,10,2011-10-17 13:57:00,1.65,16729.0,United Kingdom,16.5
542898,22055,mini cake stand  hanging strawbery,2,2011-02-01 14:01:00,1.65,16110.0,United Kingdom,3.3
572318,22566,feltcraft hairband pink and purple,1,2011-10-23 16:19:00,0.85,15436.0,United Kingdom,0.85
571658,23437,50's christmas gift bag large,12,2011-10-18 12:48:00,1.25,12621.0,Germany,15.0
564473,23206,lunch bag apple design,20,2011-08-25 12:33:00,1.65,16722.0,United Kingdom,33.0
567170,16237,sleeping cat erasers,3,2011-09-18 12:40:00,0.21,13566.0,United Kingdom,0.63
544106,21745,gaolers keys decorative garden,3,2011-02-16 10:47:00,3.75,14530.0,United Kingdom,11.25
553485,22217,t-light holder hanging lace,6,2011-05-17 12:25:00,1.25,13208.0,United Kingdom,7.5
543045,22549,picture dominoes,12,2011-02-03 09:04:00,1.45,14309.0,United Kingdom,17.4
562539,21240,blue polkadot cup,2,2011-08-05 15:30:00,0.85,17220.0,United Kingdom,1.7
550989,84755,colour glass t-light holder hanging,8,2011-04-21 18:22:00,0.65,13969.0,United Kingdom,5.2
561625,22398,magnets pack of 4 swallows,48,2011-07-28 14:03:00,0.39,16843.0,United Kingdom,18.72
565460,22232,jigsaw toadstools 3 piece,16,2011-09-05 09:24:00,0.59,16843.0,United Kingdom,9.44
552353,22717,card dog and ball,12,2011-05-09 12:14:00,0.42,17612.0,United Kingdom,5.04
580524,22273,feltcraft doll molly,6,2011-12-04 15:13:00,2.95,13704.0,United Kingdom,17.700000000000003
545295,21086,set/6 red spotty paper cups,48,2011-03-01 12:09:00,0.65,12709.0,Germany,31.200000000000003
564350,82482,wooden picture frame white finish,12,2011-08-24 14:57:00,2.55,14401.0,United Kingdom,30.599999999999998
564092,21977,pack of 60 pink paisley cake cases,24,2011-08-23 10:24:00,0.55,13767.0,United Kingdom,13.200000000000001
559145,23308,set of 60 vintage leaf cake cases,480,2011-07-06 14:17:00,0.55,17404.0,Sweden,264.0
542420,21231,sweetheart ceramic trinket box,8,2011-01-27 18:05:00,1.25,17180.0,United Kingdom,10.0
544479,85099F,jumbo bag strawberry,100,2011-02-21 10:28:00,1.65,14646.0,Netherlands,165.0
537370,20972,pink cream felt craft trinket box,5,2010-12-06 12:44:00,1.25,13155.0,United Kingdom,6.25
580727,23129,heart shaped holly wreath,2,2011-12-05 17:17:00,8.29,14096.0,United Kingdom,16.58
567613,23434,3 raffia ribbons 50's christmas,12,2011-09-21 11:49:00,2.08,13908.0,United Kingdom,24.96
578068,22865,hand warmer owl design,3,2011-11-22 15:45:00,2.1,14505.0,United Kingdom,6.300000000000001
554151,22623,box of vintage jigsaw blocks,10,2011-05-23 11:07:00,5.95,14049.0,United Kingdom,59.5
575942,21210,set of 72 retrospot paper  doilies,12,2011-11-13 11:44:00,1.45,15599.0,United Kingdom,17.4
574740,22348,tea bag plate red retrospot,48,2011-11-06 16:07:00,0.85,12357.0,Switzerland,40.8
552845,20750,red retrospot mini cases,12,2011-05-11 14:37:00,6.35,14646.0,Netherlands,76.19999999999999
544887,22964,3 piece spaceboy cookie cutter set,3,2011-02-24 11:54:00,2.1,17364.0,United Kingdom,6.300000000000001
566115,22712,card dolly girl,12,2011-09-09 10:51:00,0.42,12674.0,France,5.04
552875,23204,charlotte bag apples design,20,2011-05-12 09:41:00,0.85,12621.0,Germany,17.0
577869,22909,set of 20 vintage christmas napkins,1,2011-11-22 11:34:00,0.85,13268.0,United Kingdom,0.85
566094,23188,vintage  2 meter folding ruler,5,2011-09-09 10:42:00,1.65,17965.0,United Kingdom,8.25
570252,21166,cook with wine metal sign,12,2011-10-10 09:14:00,2.08,14665.0,United Kingdom,24.96
544448,37501,tea time tea set in gift box,1,2011-02-20 12:01:00,6.95,14878.0,United Kingdom,6.95
543590,21559,strawberry lunch box with cutlery,3,2011-02-10 11:44:00,2.55,17377.0,United Kingdom,7.6499999999999995
570653,22382,lunch bag spaceboy design,1,2011-10-11 13:49:00,1.65,14710.0,United Kingdom,1.65
566217,85049H,urban black ribbons,1,2011-09-09 15:17:00,0.83,14096.0,United Kingdom,0.83
544692,84077,world war 2 gliders asstd designs,48,2011-02-23 09:14:00,0.29,17499.0,United Kingdom,13.919999999999998
561897,22273,feltcraft doll molly,1,2011-07-31 15:24:00,2.95,17841.0,United Kingdom,2.95
544445,20719,woodland charlotte bag,10,2011-02-20 10:56:00,0.85,16746.0,United Kingdom,8.5
561774,22727,alarm clock bakelike red,2,2011-07-29 12:41:00,3.75,16729.0,United Kingdom,7.5
554990,15060B,fairy cake design umbrella,8,2011-05-29 13:57:00,3.75,16567.0,United Kingdom,30.0
544672,21509,cowboys and indians birthday card,72,2011-02-22 15:45:00,0.36,14646.0,Netherlands,25.919999999999998
544294,21232,strawberry ceramic trinket box,12,2011-02-17 12:42:00,1.25,15601.0,United Kingdom,15.0
573330,21115,rose caravan doorstop,2,2011-10-30 11:22:00,6.75,16923.0,United Kingdom,13.5
547063,22711,wrap circus parade,25,2011-03-20 13:33:00,0.42,14769.0,United Kingdom,10.5
574314,22111,scottie dog hot water bottle,3,2011-11-03 17:48:00,4.95,13500.0,United Kingdom,14.850000000000001
580304,84997D,childrens cutlery polkadot pink,4,2011-12-02 14:25:00,4.15,18055.0,United Kingdom,16.6
557787,22454,measuring tape babushka red,1,2011-06-22 16:16:00,2.95,15041.0,United Kingdom,2.95
566720,22659,lunch box i love london,1,2011-09-14 12:42:00,1.95,13634.0,United Kingdom,1.95
567610,23080,red metal box top secret,16,2011-09-21 11:30:00,7.5,17511.0,United Kingdom,120.0
580516,21914,blue harmonica in box,4,2011-12-04 14:15:00,1.25,17954.0,United Kingdom,5.0
567185,20712,jumbo bag woodland animals,2,2011-09-18 15:55:00,2.08,16370.0,United Kingdom,4.16
579002,22617,baking set spaceboy design,2,2011-11-27 16:27:00,4.95,14093.0,United Kingdom,9.9
544105,85099B,jumbo bag red retrospot,10,2011-02-16 10:38:00,1.95,17567.0,United Kingdom,19.5
554275,21908,chocolate this way metal sign,4,2011-05-23 13:17:00,2.1,14903.0,United Kingdom,8.4
554843,22919,herb marker mint,12,2011-05-26 19:13:00,0.65,13911.0,United Kingdom,7.800000000000001
571685,22720,set of 3 cake tins pantry design,12,2011-10-18 14:15:00,4.95,12863.0,United Kingdom,59.400000000000006
539213,22355,charlotte bag suki design,10,2010-12-16 12:23:00,0.85,12877.0,United Kingdom,8.5
552631,21558,skull lunch box with cutlery,6,2011-05-10 12:55:00,2.55,12684.0,France,15.299999999999999
565439,22383,lunch bag suki design,10,2011-09-04 13:56:00,1.65,14852.0,United Kingdom,16.5
538353,85099C,jumbo  bag baroque black white,100,2010-12-10 15:31:00,1.65,13798.0,United Kingdom,165.0
566299,23312,vintage christmas gift sack,8,2011-09-11 15:59:00,4.15,16871.0,United Kingdom,33.2
541262,82567,"airline lounge,metal sign",1,2011-01-16 15:50:00,2.1,18069.0,United Kingdom,2.1
578995,85202,hanging wood and felt heart,1,2011-11-27 15:59:00,0.42,15861.0,United Kingdom,0.42
580276,20727,lunch bag  black skull.,3,2011-12-02 12:59:00,1.65,16426.0,United Kingdom,4.949999999999999
574737,20970,pink floral feltcraft shoulder bag,4,2011-11-06 15:53:00,3.75,14868.0,United Kingdom,15.0
551653,22730,alarm clock bakelike ivory,4,2011-05-03 12:03:00,3.75,13282.0,United Kingdom,15.0
549958,23078,ice cream pen lip gloss,24,2011-04-13 13:47:00,1.25,17589.0,United Kingdom,30.0
565805,20725,lunch bag red retrospot,20,2011-09-07 10:51:00,1.65,18229.0,United Kingdom,33.0
561085,22082,ribbon reel stripes design,10,2011-07-25 09:26:00,1.65,14367.0,United Kingdom,16.5
580960,22568,feltcraft cushion owl,2,2011-12-06 14:35:00,3.75,16016.0,United Kingdom,7.5
575756,23270,set of 2 ceramic painted hearts,1,2011-11-11 10:48:00,1.45,18118.0,United Kingdom,1.45
544074,22117,metal sign her dinner is served,2,2011-02-15 14:49:00,2.95,14156.0,EIRE,5.9
570491,21174,pottering in the shed metal sign,4,2011-10-10 17:26:00,2.08,14395.0,United Kingdom,8.32
580727,22550,holiday fun ludo,2,2011-12-05 17:17:00,7.46,14096.0,United Kingdom,14.92
569677,22945,christmas metal tags assorted,12,2011-10-05 14:14:00,0.85,15106.0,United Kingdom,10.2
539294,22834,hand warmer babushka design,2,2010-12-16 16:45:00,2.1,15532.0,United Kingdom,4.2
565437,22665,recipe box blue sketchbook design,2,2011-09-04 13:48:00,2.95,17050.0,United Kingdom,5.9
550335,21523,doormat fancy font home sweet home,1,2011-04-17 14:36:00,7.95,15535.0,United Kingdom,7.95
571544,22579,wooden tree christmas scandinavian,8,2011-10-17 16:53:00,0.29,17757.0,United Kingdom,2.32
573337,48188,doormat welcome puppies,10,2011-10-30 11:42:00,7.08,17018.0,United Kingdom,70.8
540644,85099B,jumbo bag red retrospot,30,2011-01-10 14:16:00,1.95,16303.0,United Kingdom,58.5
574444,23323,white wicker star,2,2011-11-04 11:41:00,2.1,18122.0,United Kingdom,4.2
546542,20751,funky washing up gloves assorted,1,2011-03-14 15:13:00,2.1,13263.0,United Kingdom,2.1
581175,23552,bicycle puncture repair kit,72,2011-12-07 15:16:00,1.79,14646.0,Netherlands,128.88
561774,23004,travel card wallet pantry,24,2011-07-29 12:41:00,0.42,16729.0,United Kingdom,10.08
552337,21914,blue harmonica in box,12,2011-05-09 11:34:00,1.25,12621.0,Germany,15.0
556882,21060,party invites balloon girl,3,2011-06-15 12:21:00,0.85,14395.0,United Kingdom,2.55
581400,22722,set of 6 spice tins pantry design,7,2011-12-08 13:36:00,3.95,14056.0,United Kingdom,27.650000000000002
536796,22623,box of vintage jigsaw blocks,1,2010-12-02 15:46:00,4.95,15574.0,United Kingdom,4.95
564536,21479,white skull hot water bottle,2,2011-08-25 15:12:00,3.75,13159.0,United Kingdom,7.5
567161,22720,set of 3 cake tins pantry design,12,2011-09-18 10:46:00,4.95,15947.0,United Kingdom,59.400000000000006
568875,22847,bread bin diner style ivory,1,2011-09-29 12:23:00,16.95,14527.0,United Kingdom,16.95
543235,22291,hanging chick cream decoration,4,2011-02-04 13:30:00,1.45,14462.0,United Kingdom,5.8
547005,22045,spaceboy gift wrap,25,2011-03-18 14:20:00,0.42,12474.0,Germany,10.5
559302,22526,wheelbarrow for children,1,2011-07-07 12:47:00,12.75,14527.0,United Kingdom,12.75
575640,22900,set 2 tea towels i love london,3,2011-11-10 14:01:00,3.25,13148.0,United Kingdom,9.75
558038,22470,heart of wicker large,6,2011-06-24 12:43:00,2.95,18219.0,United Kingdom,17.700000000000003
573373,22271,feltcraft doll rosie,1,2011-10-30 13:37:00,2.95,14684.0,United Kingdom,2.95
563911,22607,wooden rounders garden set,4,2011-08-21 12:39:00,9.95,16265.0,United Kingdom,39.8
544304,21169,you're confusing me metal sign,2,2011-02-17 13:47:00,1.69,18125.0,United Kingdom,3.38
573269,22602,retrospot wooden heart decoration,2,2011-10-28 13:00:00,0.85,16764.0,United Kingdom,1.7
571169,23359,set of 12 t-lights vintage doily,24,2011-10-14 10:28:00,1.95,16168.0,United Kingdom,46.8
542898,22195,large heart measuring spoons,2,2011-02-01 14:01:00,1.65,16110.0,United Kingdom,3.3
569224,23439,hand warmer red love heart,2,2011-10-02 14:00:00,2.1,15701.0,United Kingdom,4.2
558748,22149,feltcraft 6 flower friends,10,2011-07-03 10:23:00,2.1,17800.0,United Kingdom,21.0
547063,21559,strawberry lunch box with cutlery,1,2011-03-20 13:33:00,2.55,14769.0,United Kingdom,2.55
543739,22178,victorian glass hanging t-light,12,2011-02-11 12:49:00,1.25,15550.0,United Kingdom,15.0
575707,22660,doormat i love london,2,2011-11-10 17:16:00,8.25,12538.0,Spain,16.5
552185,84997B,childrens cutlery retrospot red,8,2011-05-06 13:52:00,4.15,12921.0,United Kingdom,33.2
569702,23103,jingle bell heart decoration,6,2011-10-05 16:09:00,1.65,14396.0,United Kingdom,9.899999999999999
567890,23269,set of 2 ceramic christmas trees,12,2011-09-22 15:40:00,1.45,14125.0,United Kingdom,17.4
574831,23232,wrap vintage leaf design,75,2011-11-07 11:26:00,0.42,15522.0,United Kingdom,31.5
563253,22927,green giant garden thermometer,2,2011-08-15 12:04:00,5.95,15218.0,United Kingdom,11.9
559672,35471D,set of 3 bird light pink feather,3,2011-07-11 14:04:00,0.39,14796.0,United Kingdom,1.17
566364,20972,pink cream felt craft trinket box,12,2011-09-12 12:32:00,1.25,15253.0,United Kingdom,15.0
570685,23132,small ivory heart wall organiser,1,2011-10-11 16:25:00,5.75,13208.0,United Kingdom,5.75
553142,22424,enamel bread bin cream,1,2011-05-13 13:05:00,12.75,14527.0,United Kingdom,12.75
554638,22384,lunch bag pink polkadot,6,2011-05-25 11:59:00,1.65,14810.0,United Kingdom,9.899999999999999
574700,22114,hot water bottle tea and sympathy,4,2011-11-06 13:53:00,4.25,16033.0,United Kingdom,17.0
564172,21889,wooden box of dominoes,2,2011-08-23 14:19:00,1.25,16033.0,United Kingdom,2.5
574033,22356,charlotte bag pink polkadot,10,2011-11-02 12:44:00,0.85,16558.0,United Kingdom,8.5
573415,22470,heart of wicker large,5,2011-10-30 16:17:00,2.95,13607.0,United Kingdom,14.75
542598,21908,chocolate this way metal sign,1,2011-01-30 10:43:00,2.1,14805.0,United Kingdom,2.1
571463,22493,paint your own canvas set,12,2011-10-17 14:23:00,1.65,16463.0,United Kingdom,19.799999999999997
578992,22734,set of 6 ribbons vintage christmas,2,2011-11-27 15:38:00,2.89,13610.0,United Kingdom,5.78
546242,22067,choc truffle gold trinket pot,4,2011-03-10 13:07:00,1.65,16743.0,United Kingdom,6.6
565748,22699,roses regency teacup and saucer,24,2011-09-06 12:38:00,2.55,14156.0,EIRE,61.199999999999996
538040,22927,green giant garden thermometer,1,2010-12-09 13:08:00,5.95,16520.0,United Kingdom,5.95
577022,22578,wooden star christmas scandinavian,6,2011-11-17 12:42:00,0.29,13668.0,United Kingdom,1.7399999999999998
566849,20972,pink cream felt craft trinket box,24,2011-09-15 12:03:00,1.25,16341.0,United Kingdom,30.0
536946,21843,red retrospot cake stand,2,2010-12-03 12:28:00,10.95,13013.0,United Kingdom,21.9
548806,22400,magnets pack of 4 home sweet home,24,2011-04-04 12:52:00,1.25,13098.0,United Kingdom,30.0
550805,20727,lunch bag  black skull.,20,2011-04-20 15:38:00,1.65,13162.0,United Kingdom,33.0
570177,85049E,scandinavian reds ribbons,12,2011-10-07 14:17:00,1.25,17509.0,United Kingdom,15.0
568709,20777,chrysanthemum notebook,1,2011-09-28 15:42:00,1.65,15036.0,United Kingdom,1.65
536754,22150,3 stripey mice feltcraft,2,2010-12-02 14:09:00,1.95,14449.0,United Kingdom,3.9
553879,23163,regency sugar tongs,8,2011-05-19 15:15:00,2.49,15791.0,United Kingdom,19.92
553731,22556,plasters in tin circus parade,12,2011-05-19 08:26:00,1.65,12481.0,Germany,19.799999999999997
561098,23203,jumbo bag doiley patterns,10,2011-07-25 10:56:00,2.08,14194.0,United Kingdom,20.8
552246,21615,4 lavender botanical dinner candles,1,2011-05-06 19:44:00,3.75,12748.0,United Kingdom,3.75
579750,23582,vintage doily jumbo bag red,10,2011-11-30 14:42:00,2.08,13536.0,United Kingdom,20.8
566033,20751,funky washing up gloves assorted,1,2011-09-08 13:07:00,2.1,16031.0,United Kingdom,2.1
552023,20846,zinc heart lattice t-light holder,12,2011-05-05 17:59:00,1.25,17624.0,United Kingdom,15.0
562612,84077,world war 2 gliders asstd designs,48,2011-08-08 12:00:00,0.29,16637.0,United Kingdom,13.919999999999998
569358,23512,embroidered ribbon reel rosie,6,2011-10-03 14:53:00,2.08,18257.0,United Kingdom,12.48
560255,21876,pottering mug,6,2011-07-17 13:08:00,1.25,16054.0,United Kingdom,7.5
560504,23293,set of 12 fairy cake baking cases,16,2011-07-19 11:47:00,0.83,13081.0,United Kingdom,13.28
566912,23329,decorative wicker heart large,12,2011-09-15 14:05:00,1.65,14367.0,United Kingdom,19.799999999999997
552631,21559,strawberry lunch box with cutlery,6,2011-05-10 12:55:00,2.55,12684.0,France,15.299999999999999
555564,82581,toilet metal sign,1,2011-06-05 15:01:00,0.55,15005.0,United Kingdom,0.55
552236,22169,family album white picture frame,8,2011-05-06 16:29:00,7.65,16525.0,United Kingdom,61.2
543240,22173,metal 4 hook hanger french chateau,2,2011-02-04 13:47:00,2.95,14462.0,United Kingdom,5.9
555400,22838,3 tier cake tin red and cream,5,2011-06-02 17:50:00,12.75,14088.0,United Kingdom,63.75
575956,84946,antique silver t-light glass,6,2011-11-13 12:17:00,1.25,14487.0,United Kingdom,7.5
576665,23356,love hot water bottle,3,2011-11-16 11:46:00,5.95,17841.0,United Kingdom,17.85
565451,71053,white metal lantern,8,2011-09-04 15:37:00,3.75,15365.0,United Kingdom,30.0
569230,23393,home sweet home cushion cover,2,2011-10-02 15:07:00,3.75,16533.0,United Kingdom,7.5
569899,23332,ivory wicker heart large,12,2011-10-06 16:15:00,1.65,13940.0,United Kingdom,19.799999999999997
561889,21577,save the planet cotton tote bag,6,2011-07-31 13:37:00,2.25,15804.0,United Kingdom,13.5
562157,23293,set of 12 fairy cake baking cases,8,2011-08-03 11:44:00,0.83,16012.0,United Kingdom,6.64
547134,22884,number tile vintage font 5,4,2011-03-21 11:57:00,1.95,15996.0,United Kingdom,7.8
540278,22932,baking mould toffee cup chocolate,1,2011-01-06 12:31:00,2.55,15719.0,United Kingdom,2.55
550515,85049C,romantic pinks ribbons,1,2011-04-18 17:29:00,1.25,14502.0,United Kingdom,1.25
554948,22815,card psychedelic apples,12,2011-05-27 14:29:00,0.42,14447.0,United Kingdom,5.04
557214,23203,jumbo bag doiley patterns,100,2011-06-17 12:20:00,1.79,17677.0,United Kingdom,179.0
575969,22578,wooden star christmas scandinavian,20,2011-11-13 12:47:00,0.29,13571.0,United Kingdom,5.8
546984,20971,pink blue felt craft trinket box,1,2011-03-18 12:35:00,1.25,15019.0,United Kingdom,1.25
570466,23318,box of 6 mini vintage crackers,3,2011-10-10 16:03:00,2.49,16791.0,United Kingdom,7.470000000000001
539259,22669,red baby bunting,5,2010-12-16 14:32:00,2.95,13050.0,United Kingdom,14.75
567653,21523,doormat fancy font home sweet home,2,2011-09-21 14:35:00,8.25,12550.0,Spain,16.5
568491,48194,doormat hearts,1,2011-09-27 11:58:00,8.25,15443.0,United Kingdom,8.25
563376,22815,card psychedelic apples,12,2011-08-16 10:36:00,0.42,15752.0,United Kingdom,5.04
576927,23432,pretty hanging quilted hearts,12,2011-11-17 11:02:00,0.83,12567.0,France,9.959999999999999
564376,22804,candleholder pink hanging heart,32,2011-08-25 10:25:00,2.55,14196.0,United Kingdom,81.6
541593,37379A,pink cherry blossom cup & saucer,6,2011-01-19 15:20:00,1.25,17611.0,United Kingdom,7.5
547498,22974,childrens dolly girl mug,1,2011-03-23 12:24:00,1.65,15021.0,United Kingdom,1.65
558871,20727,lunch bag  black skull.,100,2011-07-04 13:19:00,1.45,12557.0,Spain,145.0
542608,22269,egg cup natural chicken,4,2011-01-30 13:51:00,1.25,16770.0,United Kingdom,5.0
561867,21158,moody girl door hanger,1,2011-07-31 10:59:00,0.39,16931.0,United Kingdom,0.39
581147,21181,please one person metal sign,1,2011-12-07 14:01:00,2.1,16426.0,United Kingdom,2.1
553202,22197,small popcorn holder,1,2011-05-15 16:02:00,0.85,15854.0,United Kingdom,0.85
580136,22475,skull design tv dinner tray,1,2011-12-01 19:42:00,4.95,17841.0,United Kingdom,4.95
551058,84510C,set of 4 polkadot coasters,1,2011-04-26 12:07:00,1.25,14606.0,United Kingdom,1.25
566285,21899,garage key fob,6,2011-09-11 14:51:00,0.65,13611.0,United Kingdom,3.9000000000000004
545161,85127,small square cut glass candlestick,6,2011-02-28 13:34:00,4.95,16187.0,United Kingdom,29.700000000000003
560453,22037,robot birthday card,12,2011-07-19 09:52:00,0.42,13209.0,United Kingdom,5.04
571030,23354,6 gift tags 50's christmas,12,2011-10-13 12:26:00,0.83,12876.0,Belgium,9.959999999999999
540859,21658,glass  beurre dish,1,2011-01-12 10:58:00,3.95,17965.0,United Kingdom,3.95
551747,21286,retrospot candle  large,36,2011-05-04 11:00:00,0.85,14298.0,United Kingdom,30.599999999999998
570418,84946,antique silver t-light glass,12,2011-10-10 13:31:00,1.25,15211.0,United Kingdom,15.0
550331,16235,recycled pencil with rabbit eraser,12,2011-04-17 13:43:00,0.21,15555.0,United Kingdom,2.52
569217,37448,ceramic cake design spotted mug,2,2011-10-02 12:45:00,1.49,15579.0,United Kingdom,2.98
570425,22672,french bathroom sign blue metal,12,2011-10-10 13:54:00,1.65,15128.0,United Kingdom,19.799999999999997
556063,20674,green polkadot bowl,3,2011-06-08 14:09:00,1.25,14587.0,United Kingdom,3.75
576626,22076,6 ribbons empire,1,2011-11-15 17:26:00,1.65,12890.0,United Kingdom,1.65
566394,84836,zinc metal heart decoration,12,2011-09-12 12:45:00,1.25,13650.0,United Kingdom,15.0
559898,84970L,single heart zinc t-light holder,11,2011-07-13 12:18:00,0.95,16225.0,United Kingdom,10.45
556330,85123A,white hanging heart t-light holder,6,2011-06-10 11:29:00,2.95,17797.0,United Kingdom,17.700000000000003
575735,23497,classic chrome bicycle bell,12,2011-11-11 08:46:00,1.45,14156.0,EIRE,17.4
573579,23426,metal sign drop your pants,1,2011-10-31 14:19:00,2.89,15033.0,United Kingdom,2.89
567943,46000S,polyester filler pad 40x40cm,6,2011-09-22 19:33:00,1.45,14702.0,United Kingdom,8.7
580500,21411,gingham heart  doorstop red,17,2011-12-04 12:52:00,1.95,17131.0,United Kingdom,33.15
555406,22776,sweetheart cakestand 3 tier,1,2011-06-02 19:50:00,9.95,17231.0,United Kingdom,9.95
564307,22800,antique tall swirlglass trinket pot,1,2011-08-24 12:32:00,3.75,17865.0,United Kingdom,3.75
563074,22561,wooden school colouring set,360,2011-08-11 15:58:00,1.45,12931.0,United Kingdom,522.0
554280,22379,recycling bag retrospot,5,2011-05-23 13:35:00,2.1,14817.0,United Kingdom,10.5
544970,22274,feltcraft doll emily,6,2011-02-25 11:33:00,2.95,13362.0,United Kingdom,17.700000000000003
565846,22996,travel card wallet vintage ticket,3,2011-09-07 12:41:00,0.42,14606.0,United Kingdom,1.26
567663,22077,6 ribbons rustic charm,12,2011-09-21 15:15:00,1.95,14951.0,United Kingdom,23.4
562093,21232,strawberry ceramic trinket box,12,2011-08-02 12:59:00,1.06,13777.0,United Kingdom,12.72
575671,20750,red retrospot mini cases,8,2011-11-10 15:03:00,7.95,12670.0,France,63.6
538086,47566,party bunting,1,2010-12-09 14:44:00,4.65,12872.0,United Kingdom,4.65
573323,23542,wall art 70's alphabet,1,2011-10-30 10:54:00,8.25,15708.0,United Kingdom,8.25
538812,72741,grand chocolatecandle,9,2010-12-14 12:25:00,1.45,18044.0,United Kingdom,13.049999999999999
579535,23390,dolly girl mini backpack,4,2011-11-30 09:50:00,4.15,15414.0,United Kingdom,16.6
540351,21975,pack of 60 dinosaur cake cases,24,2011-01-06 14:26:00,0.55,12735.0,France,13.200000000000001
542914,21563,red heart shape love bucket,3,2011-02-01 16:03:00,2.95,16161.0,United Kingdom,8.850000000000001
547194,22383,lunch bag suki design,2,2011-03-21 12:42:00,1.65,12637.0,France,3.3
574710,21065,boom box speaker girls,1,2011-11-06 14:17:00,5.95,15427.0,United Kingdom,5.95
553909,23298,spotty bunting,3,2011-05-19 19:00:00,4.95,12951.0,United Kingdom,14.850000000000001
549556,22561,wooden school colouring set,2,2011-04-10 12:53:00,1.65,17372.0,United Kingdom,3.3
555634,84792,enchanted bird coathanger 5 hook,4,2011-06-06 12:29:00,4.65,13319.0,United Kingdom,18.6
547498,37444A,yellow breakfast cup and saucer,1,2011-03-23 12:24:00,0.39,15021.0,United Kingdom,0.39
576051,22698,pink regency teacup and saucer,12,2011-11-13 14:45:00,2.95,14911.0,EIRE,35.400000000000006
537865,22578,wooden star christmas scandinavian,12,2010-12-08 16:34:00,0.85,16011.0,United Kingdom,10.2
560209,85032B,blossom images gift wrap set,4,2011-07-15 14:05:00,0.65,15004.0,United Kingdom,2.6
567873,23356,love hot water bottle,3,2011-09-22 14:25:00,5.95,13055.0,United Kingdom,17.85
571728,22557,plasters in tin vintage paisley,12,2011-10-19 09:18:00,1.65,16123.0,United Kingdom,19.799999999999997
550163,21746,small red retrospot windmill,12,2011-04-14 16:26:00,1.25,14154.0,United Kingdom,15.0
570254,23263,set of 3 wooden heart decorations,12,2011-10-10 09:41:00,1.25,16179.0,United Kingdom,15.0
567944,22144,christmas craft little friends,2,2011-09-22 19:54:00,2.1,14562.0,United Kingdom,4.2
557621,22624,ivory kitchen scales,4,2011-06-21 14:00:00,8.5,12444.0,Norway,34.0
577508,84836,zinc metal heart decoration,1,2011-11-20 12:45:00,1.25,18127.0,United Kingdom,1.25
550504,22635,childs breakfast set dolly girl,2,2011-04-18 15:43:00,9.95,16654.0,United Kingdom,19.9
548718,21169,you're confusing me metal sign,144,2011-04-04 08:50:00,1.45,14156.0,EIRE,208.79999999999998
559457,22283,6 egg house painted wood,6,2011-07-08 12:50:00,7.95,14918.0,United Kingdom,47.7
575607,23266,set of 3 wooden stocking decoration,10,2011-11-10 12:37:00,2.46,14096.0,United Kingdom,24.6
556917,23174,regency sugar bowl green,48,2011-06-15 13:37:00,3.75,12415.0,Australia,180.0
550350,23052,recycled acapulco mat turquoise,2,2011-04-18 10:04:00,8.25,15491.0,United Kingdom,16.5
542112,22202,milk pan pink polkadot,1,2011-01-25 13:55:00,3.75,13168.0,United Kingdom,3.75
547387,22400,magnets pack of 4 home sweet home,12,2011-03-22 16:00:00,1.25,12539.0,Spain,15.0
564056,22726,alarm clock bakelike green,2,2011-08-22 14:13:00,3.75,14387.0,United Kingdom,7.5
566847,20728,lunch bag cars blue,3,2011-09-15 11:57:00,1.65,15005.0,United Kingdom,4.949999999999999
537354,22356,charlotte bag pink polkadot,2,2010-12-06 12:23:00,0.85,12748.0,United Kingdom,1.7
563538,23241,treasure tin gymkhana design,1,2011-08-17 11:48:00,2.08,17841.0,United Kingdom,2.08
543235,21454,painted pink rabbit,3,2011-02-04 13:30:00,0.85,14462.0,United Kingdom,2.55
579102,21790,vintage snap cards,12,2011-11-28 11:33:00,0.85,14911.0,EIRE,10.2
554860,22722,set of 6 spice tins pantry design,4,2011-05-27 10:20:00,3.95,15249.0,United Kingdom,15.8
579533,23360,set 8 candles vintage doily,12,2011-11-30 09:24:00,1.95,12953.0,United Kingdom,23.4
577071,22086,paper chain kit 50's christmas,40,2011-11-17 14:56:00,2.55,13969.0,United Kingdom,102.0
552978,22666,recipe box pantry yellow design,24,2011-05-12 14:46:00,2.55,12590.0,Germany,61.199999999999996
540157,22087,paper bunting white lace,40,2011-01-05 11:41:00,2.55,15311.0,United Kingdom,102.0
571241,21992,vintage paisley stationery set,1,2011-10-14 14:58:00,1.25,14592.0,United Kingdom,1.25
573074,22840,round cake tin vintage red,2,2011-10-27 14:03:00,7.95,16265.0,United Kingdom,15.9
576645,22867,hand warmer bird design,12,2011-11-16 10:14:00,2.1,16245.0,United Kingdom,25.200000000000003
572335,21791,vintage heads and tails card game,12,2011-10-24 10:27:00,1.25,14493.0,United Kingdom,15.0
545227,21035,set/2 red retrospot tea towels,6,2011-03-01 09:35:00,3.25,12428.0,Finland,19.5
550768,22676,french blue metal door sign 1,2,2011-04-20 12:44:00,1.25,15039.0,United Kingdom,2.5
570333,47481,50cm metal string with  7 clips,2,2011-10-10 12:19:00,0.85,18126.0,United Kingdom,1.7
555647,23163,regency sugar tongs,8,2011-06-06 13:43:00,2.49,12957.0,United Kingdom,19.92
563505,22997,travel card wallet union jack,24,2011-08-17 09:45:00,0.42,17865.0,United Kingdom,10.08
545630,22423,regency cakestand 3 tier,6,2011-03-04 12:06:00,12.75,14466.0,United Kingdom,76.5
549412,20685,doormat red retrospot,10,2011-04-08 11:43:00,6.75,14258.0,United Kingdom,67.5
574684,21704,bag 250g swirly marbles,12,2011-11-06 12:56:00,0.85,17581.0,United Kingdom,10.2
537405,82484,wood black board ant white finish,3,2010-12-06 14:51:00,6.45,17841.0,United Kingdom,19.35
544167,22727,alarm clock bakelike red,4,2011-02-16 13:14:00,3.75,14755.0,United Kingdom,15.0
575886,21355,toast its - i love you,1,2011-11-11 13:57:00,1.25,12517.0,Germany,1.25
546774,22529,magic drawing slate go to the fair,2,2011-03-16 15:45:00,0.42,14505.0,United Kingdom,0.84
546421,84596E,small licorice des pink bowl,16,2011-03-13 11:21:00,0.42,13700.0,United Kingdom,6.72
572350,22942,christmas lights 10 santas,1,2011-10-24 11:33:00,8.5,15516.0,United Kingdom,8.5
574100,22616,pack of 12 london tissues,24,2011-11-03 10:13:00,0.39,14098.0,United Kingdom,9.36
544701,22993,set of 4 pantry jelly moulds,12,2011-02-23 10:27:00,1.25,17428.0,United Kingdom,15.0
538839,15056N,edwardian parasol natural,1,2010-12-14 13:10:00,5.95,14606.0,United Kingdom,5.95
545901,22900,set 2 tea towels i love london,1,2011-03-07 17:52:00,2.95,15834.0,United Kingdom,2.95
572653,20727,lunch bag  black skull.,3,2011-10-25 12:12:00,1.65,15861.0,United Kingdom,4.949999999999999
565067,22818,card christmas village,12,2011-08-31 17:16:00,0.42,15856.0,United Kingdom,5.04
577690,23263,set of 3 wooden heart decorations,5,2011-11-21 11:34:00,1.25,12856.0,United Kingdom,6.25
541946,22191,ivory diner wall clock,2,2011-01-24 11:50:00,8.5,17591.0,United Kingdom,17.0
546678,22312,office mug warmer polkadot,6,2011-03-15 16:39:00,2.95,12681.0,France,17.700000000000003
574029,84970L,single heart zinc t-light holder,24,2011-11-02 12:34:00,1.25,12955.0,United Kingdom,30.0
556473,20718,red retrospot shopper bag,5,2011-06-12 12:00:00,1.25,17265.0,United Kingdom,6.25
567196,22326,round snack boxes set of4 woodland,12,2011-09-19 10:09:00,2.95,12379.0,Belgium,35.400000000000006
561709,21248,door hanger  mum + dads room,2,2011-07-29 11:35:00,1.45,17790.0,United Kingdom,2.9
576833,21891,traditional wooden skipping rope,12,2011-11-16 15:08:00,1.45,17434.0,United Kingdom,17.4
573915,21349,ivy heart wreath,1,2011-11-01 15:55:00,6.75,15511.0,United Kingdom,6.75
558030,22697,green regency teacup and saucer,6,2011-06-24 12:00:00,2.95,16419.0,United Kingdom,17.700000000000003
541980,22806,set of 6 t-lights wedding cake,6,2011-01-24 15:09:00,2.95,12421.0,Spain,17.700000000000003
538370,22384,lunch bag pink polkadot,1,2010-12-12 11:06:00,1.65,16923.0,United Kingdom,1.65
554989,22990,cotton apron pantry design,3,2011-05-29 13:50:00,4.95,15897.0,United Kingdom,14.850000000000001
569493,23247,biscuit tin 50's christmas,6,2011-10-04 13:35:00,2.89,13317.0,United Kingdom,17.34
551850,22435,set of 9 heart shaped balloons,12,2011-05-04 14:33:00,1.25,13731.0,United Kingdom,15.0
574714,22553,plasters in tin skulls,2,2011-11-06 14:29:00,1.65,15427.0,United Kingdom,3.3
565332,23332,ivory wicker heart large,24,2011-09-02 14:09:00,1.65,13695.0,United Kingdom,39.599999999999994
559298,21700,big doughnut fridge magnets,12,2011-07-07 12:38:00,0.85,12471.0,Germany,10.2
540095,47590A,blue happy birthday bunting,2,2011-01-04 15:40:00,5.45,14553.0,United Kingdom,10.9
574336,22727,alarm clock bakelike red,8,2011-11-04 09:52:00,3.75,12397.0,Belgium,30.0
567183,23194,gymkhana treasure book box,2,2011-09-18 15:32:00,2.25,14769.0,United Kingdom,4.5
580596,22075,6 ribbons elegant christmas,12,2011-12-05 11:01:00,1.65,15392.0,United Kingdom,19.799999999999997
570675,21094,set/6 red spotty paper plates,12,2011-10-11 15:03:00,0.85,13690.0,United Kingdom,10.2
540179,82599,fanny's rest stopmetal sign,2,2011-01-05 12:54:00,2.1,16033.0,United Kingdom,4.2
577791,23493,vintage doily travel sewing kit,10,2011-11-21 16:36:00,1.95,17100.0,United Kingdom,19.5
539085,22294,heart filigree dove  small,24,2010-12-16 09:35:00,1.06,12748.0,United Kingdom,25.44
574683,23570,traditional pick up sticks game,3,2011-11-06 12:50:00,1.25,16372.0,United Kingdom,3.75
571740,23225,cherub heart decoration silver,12,2011-10-19 10:34:00,0.83,17973.0,United Kingdom,9.959999999999999
568701,84879,assorted colour bird ornament,8,2011-09-28 15:07:00,1.69,13924.0,United Kingdom,13.52
540900,84949,silver hanging t-light holder,6,2011-01-12 11:46:00,1.65,12712.0,Germany,9.899999999999999
542602,21672,white spot red ceramic drawer knob,4,2011-01-30 12:09:00,1.25,15579.0,United Kingdom,5.0
548014,22845,vintage cream cat food container,2,2011-03-29 11:29:00,6.35,17719.0,United Kingdom,12.7
569403,23208,lunch bag vintage leaf design,10,2011-10-04 09:02:00,1.65,13319.0,United Kingdom,16.5
575846,23312,vintage christmas gift sack,11,2011-11-11 12:07:00,4.15,17364.0,United Kingdom,45.650000000000006
575132,21932,scandinavian paisley picnic bag,20,2011-11-08 14:44:00,1.65,18177.0,United Kingdom,33.0
544457,85099F,jumbo bag strawberry,20,2011-02-20 13:46:00,1.95,14667.0,United Kingdom,39.0
548991,20831,gold photo frame,2,2011-04-05 13:48:00,2.1,16915.0,United Kingdom,4.2
573576,21918,set 12 kids colour  chalk sticks,2,2011-10-31 14:09:00,0.83,14096.0,United Kingdom,1.66
571456,20970,pink floral feltcraft shoulder bag,1,2011-10-17 13:57:00,3.75,16729.0,United Kingdom,3.75
557278,23148,miniature antique rose hook ivory,24,2011-06-19 12:08:00,0.83,13089.0,United Kingdom,19.919999999999998
546866,21754,home building block word,1,2011-03-17 15:47:00,5.95,14462.0,United Kingdom,5.95
561030,84836,zinc metal heart decoration,12,2011-07-24 11:25:00,1.25,16407.0,United Kingdom,15.0
572277,22834,hand warmer babushka design,4,2011-10-23 10:38:00,2.1,16768.0,United Kingdom,8.4
560025,21981,pack of 12 woodland tissues,2,2011-07-14 13:00:00,0.29,18283.0,United Kingdom,0.58
557762,20728,lunch bag cars blue,10,2011-06-22 14:01:00,1.65,15810.0,United Kingdom,16.5
581502,22153,angel decoration stars on dress,1,2011-12-09 10:51:00,0.42,15910.0,United Kingdom,0.42
547044,22499,wooden union jack bunting,5,2011-03-20 11:33:00,5.95,14071.0,United Kingdom,29.75
567656,22135,mini ladle love heart pink,2,2011-09-21 14:40:00,0.83,14096.0,United Kingdom,1.66
549014,22251,birdhouse decoration magic garden,1,2011-04-05 15:00:00,1.25,17841.0,United Kingdom,1.25
563571,22996,travel card wallet vintage ticket,2,2011-08-17 14:58:00,0.42,15541.0,United Kingdom,0.84
581193,23292,spaceboy childrens cup,2,2011-12-07 17:05:00,1.25,17097.0,Spain,2.5
554640,22328,round snack boxes set of 4 fruits,5,2011-05-25 12:06:00,2.95,14680.0,United Kingdom,14.75
547903,47599B,blue party bags,1,2011-03-28 11:59:00,2.1,15039.0,United Kingdom,2.1
554813,22698,pink regency teacup and saucer,2,2011-05-26 13:26:00,2.95,15852.0,United Kingdom,5.9
547893,20679,edwardian parasol red,3,2011-03-28 10:25:00,5.95,13552.0,United Kingdom,17.85
564174,23203,jumbo bag vintage doily,10,2011-08-23 14:25:00,2.08,14191.0,United Kingdom,20.8
540351,POST,postage,2,2011-01-06 14:26:00,18.0,12735.0,France,36.0
549929,20803,small pink glass sundae dish,36,2011-04-13 10:32:00,0.39,13740.0,United Kingdom,14.040000000000001
567472,23203,jumbo bag vintage doily,10,2011-09-20 12:47:00,2.08,15039.0,United Kingdom,20.8
546739,22197,small popcorn holder,100,2011-03-16 12:12:00,0.72,17511.0,United Kingdom,72.0
567183,23208,lunch bag vintage leaf design,4,2011-09-18 15:32:00,1.65,14769.0,United Kingdom,6.6
549915,22666,recipe box pantry yellow design,6,2011-04-13 09:32:00,2.95,18231.0,United Kingdom,17.700000000000003
561330,15056N,edwardian parasol natural,3,2011-07-26 14:03:00,5.95,16019.0,United Kingdom,17.85
564959,22138,baking set 9 piece retrospot,3,2011-08-31 14:22:00,4.95,17299.0,United Kingdom,14.850000000000001
565857,84946,antique silver t-light glass,24,2011-09-07 14:13:00,1.25,14911.0,EIRE,30.0
576052,23198,pantry magnetic  shopping list,11,2011-11-13 14:48:00,1.45,15787.0,United Kingdom,15.95
544944,22457,natural slate heart chalkboard,12,2011-02-25 10:46:00,2.95,14541.0,United Kingdom,35.400000000000006
558923,47566,party bunting,8,2011-07-05 10:06:00,4.95,16837.0,United Kingdom,39.6
573897,82616B,frappucino scarf knitting kit,2,2011-11-01 14:29:00,1.25,16729.0,United Kingdom,2.5
574480,23130,mistletoe heart wreath green,4,2011-11-04 12:42:00,4.15,15010.0,United Kingdom,16.6
537254,22812,pack 3 boxes christmas pannetone,4,2010-12-06 11:01:00,1.95,15898.0,United Kingdom,7.8
540552,21755,love building block word,3,2011-01-10 09:44:00,5.95,16350.0,United Kingdom,17.85
577126,22366,doormat airmail,10,2011-11-17 19:22:00,7.08,12406.0,Denmark,70.8
550289,22489,pack of 12 traditional crayons,24,2011-04-15 14:32:00,0.42,13880.0,United Kingdom,10.08
563745,21636,madras notebook medium,12,2011-08-19 09:38:00,0.75,15159.0,United Kingdom,9.0
578541,21917,set 12 kids  white chalk sticks,12,2011-11-24 15:01:00,0.42,14277.0,France,5.04
553385,22489,pack of 12 traditional crayons,3,2011-05-16 15:53:00,0.42,16710.0,United Kingdom,1.26
559806,22120,welcome  wooden block letters,2,2011-07-12 14:26:00,9.95,13311.0,United Kingdom,19.9
558204,22723,set of 6 herb tins sketchbook,4,2011-06-27 13:58:00,3.95,18193.0,United Kingdom,15.8
557757,23002,travel card wallet skulls,1,2011-06-22 13:28:00,0.42,14606.0,United Kingdom,0.42
537773,22142,christmas craft white fairy,2,2010-12-08 12:36:00,1.45,16016.0,United Kingdom,2.9
545658,79071B,english rose metal waste bin,1,2011-03-04 14:13:00,2.95,14670.0,United Kingdom,2.95
577690,23148,miniature antique rose hook ivory,3,2011-11-21 11:34:00,0.83,12856.0,United Kingdom,2.4899999999999998
575959,17012F,origami sandlewood incense/cand set,24,2011-11-13 12:27:00,0.85,14547.0,United Kingdom,20.4
551858,82551,laundry 15c metal sign,1,2011-05-04 15:33:00,1.45,18041.0,United Kingdom,1.45
564962,47504H,english rose spirit level,2,2011-08-31 14:35:00,0.79,17777.0,United Kingdom,1.58
546549,21916,set 12 retro white chalk sticks,4,2011-03-14 16:46:00,0.42,17799.0,United Kingdom,1.68
563227,21231,sweetheart ceramic trinket box,72,2011-08-14 15:33:00,1.06,14301.0,United Kingdom,76.32000000000001
571372,23559,woodland bunnies lolly makers,1,2011-10-17 11:55:00,2.08,17201.0,United Kingdom,2.08
565675,21114,lavender scented fabric heart,40,2011-09-06 09:51:00,1.25,15513.0,United Kingdom,50.0
537822,22180,retrospot lamp,2,2010-12-08 14:22:00,9.95,13523.0,United Kingdom,19.9
558265,82494L,wooden frame antique white,24,2011-06-28 10:06:00,2.55,12747.0,United Kingdom,61.199999999999996
545898,22224,white lovebird lantern,3,2011-03-07 17:23:00,2.95,15869.0,United Kingdom,8.850000000000001
569488,20914,set/5 red retrospot lid glass bowls,4,2011-10-04 13:10:00,2.95,16440.0,United Kingdom,11.8
576910,22193,red diner wall clock,12,2011-11-17 09:51:00,7.65,12477.0,Germany,91.80000000000001
570022,22083,paper chain kit retrospot,6,2011-10-07 10:21:00,2.95,14067.0,United Kingdom,17.700000000000003
571640,21070,vintage billboard mug,48,2011-10-18 12:01:00,1.06,17203.0,United Kingdom,50.88
538633,22212,four hook  white lovebirds,4,2010-12-13 13:28:00,2.1,16726.0,United Kingdom,8.4
573579,21314,small glass heart trinket pot,4,2011-10-31 14:19:00,2.1,15033.0,United Kingdom,8.4
562878,22230,jigsaw tree with watering can,1,2011-08-10 10:45:00,0.29,16241.0,United Kingdom,0.29
566284,23203,jumbo bag vintage doily,10,2011-09-11 14:49:00,2.08,14825.0,United Kingdom,20.8
569715,23076,ice cream sundae lip gloss,24,2011-10-05 17:29:00,1.25,15856.0,United Kingdom,30.0
552859,84596F,small marshmallows pink bowl,40,2011-05-11 16:10:00,0.42,13069.0,United Kingdom,16.8
543821,22934,baking mould easter egg white choc,6,2011-02-14 09:24:00,2.95,17667.0,United Kingdom,17.700000000000003
556259,22331,woodland party bag + sticker set,8,2011-06-09 17:53:00,1.65,12721.0,France,13.2
568313,21340,classic metal birdcage plant holder,8,2011-09-26 12:56:00,9.95,14908.0,United Kingdom,79.6
558196,20752,blue polkadot washing up gloves,2,2011-06-27 12:38:00,2.1,16033.0,United Kingdom,4.2
580640,23322,large white heart of wicker,2,2011-12-05 12:51:00,2.95,16910.0,United Kingdom,5.9
537826,20717,strawberry shopper bag,4,2010-12-08 14:38:00,1.25,15581.0,United Kingdom,5.0
547684,23007,spaceboy baby gift set,3,2011-03-24 14:46:00,16.95,12408.0,Belgium,50.849999999999994
542914,21931,jumbo storage bag suki,8,2011-02-01 16:03:00,1.95,16161.0,United Kingdom,15.6
553540,22035,vintage caravan greeting card,72,2011-05-17 15:32:00,0.36,17511.0,United Kingdom,25.919999999999998
574273,21755,love building block word,3,2011-11-03 14:33:00,6.25,16322.0,United Kingdom,18.75
553931,22730,alarm clock bakelike ivory,4,2011-05-20 10:27:00,3.75,14911.0,EIRE,15.0
542862,37446,mini cake stand with hanging cakes,2,2011-02-01 11:51:00,1.45,14606.0,United Kingdom,2.9
568044,20685,doormat red retrospot,2,2011-09-23 12:10:00,8.25,15763.0,United Kingdom,16.5
573544,22910,paper chain kit vintage christmas,4,2011-10-31 13:11:00,2.95,12856.0,United Kingdom,11.8
572289,23089,glass bon bon jar,2,2011-10-23 12:37:00,1.95,13782.0,United Kingdom,3.9
540098,84992,72 sweetheart fairy cake cases,1,2011-01-04 15:50:00,0.55,16241.0,United Kingdom,0.55
577782,23130,mistletoe heart wreath green,6,2011-11-21 16:17:00,4.15,16549.0,United Kingdom,24.900000000000002
571913,21892,traditional wooden catch cup game,12,2011-10-19 15:29:00,1.25,18210.0,United Kingdom,15.0
539840,22491,pack of 12 coloured pencils,12,2010-12-22 14:28:00,0.85,12383.0,Belgium,10.2
571028,22111,scottie dog hot water bottle,1,2011-10-13 12:21:00,4.95,16770.0,United Kingdom,4.95
572108,23101,silver stars table decoration,12,2011-10-20 18:08:00,0.83,15814.0,United Kingdom,9.959999999999999
548708,84596B,small dolly mix design orange bowl,16,2011-04-03 12:41:00,0.42,13269.0,United Kingdom,6.72
561195,23108,set of 10 led dolly lights,2,2011-07-25 13:57:00,6.25,14796.0,United Kingdom,12.5
564034,21498,red retrospot wrap,25,2011-08-22 12:22:00,0.42,12935.0,United Kingdom,10.5
578400,46000S,polyester filler pad 40x40cm,2,2011-11-24 11:52:00,1.45,12748.0,United Kingdom,2.9
539317,84536A,english rose notebook a7 size,4,2010-12-16 19:04:00,0.42,17392.0,United Kingdom,1.68
577549,22662,lunch bag dolly girl design,1,2011-11-20 15:00:00,1.65,17841.0,United Kingdom,1.65
545577,22720,set of 3 cake tins pantry design,3,2011-03-03 19:18:00,4.95,14702.0,United Kingdom,14.850000000000001
561798,20751,funky washing up gloves assorted,12,2011-07-29 13:39:00,2.1,14911.0,EIRE,25.200000000000003
572703,20766,garden path sketchbook,2,2011-10-25 14:35:00,3.75,16110.0,United Kingdom,7.5
574883,21355,toast its - i love you,2,2011-11-07 13:56:00,1.25,14623.0,United Kingdom,2.5
562377,21745,gaolers keys decorative garden,3,2011-08-04 15:04:00,3.75,14535.0,United Kingdom,11.25
538652,79190A,retro plastic 70's tray,6,2010-12-13 15:12:00,0.42,17890.0,United Kingdom,2.52
576099,84987,set of 36 teatime paper doilies,12,2011-11-14 10:28:00,1.45,13021.0,United Kingdom,17.4
540644,21251,dinosaur height chart sticker set,12,2011-01-10 14:16:00,2.95,16303.0,United Kingdom,35.400000000000006
540395,22847,bread bin diner style ivory,1,2011-01-06 18:24:00,16.95,14702.0,United Kingdom,16.95
546089,22264,felt farm animal white bunny,2,2011-03-09 11:44:00,0.85,17864.0,United Kingdom,1.7
566571,23287,red vintage spot beaker,8,2011-09-13 12:49:00,0.85,17037.0,United Kingdom,6.8
576303,21744,snowflake portable table light,2,2011-11-14 14:51:00,2.95,15532.0,United Kingdom,5.9
555851,20914,set/5 red retrospot lid glass bowls,3,2011-06-07 13:37:00,2.95,13050.0,United Kingdom,8.850000000000001
540509,22748,poppy's playhouse kitchen,5,2011-01-09 11:27:00,2.1,14800.0,United Kingdom,10.5
560387,23209,lunch bag doiley pattern,1,2011-07-18 13:00:00,1.65,14667.0,United Kingdom,1.65
564734,22742,make your own playtime card kit,4,2011-08-28 13:32:00,2.95,12484.0,Spain,11.8
559653,23309,set of 60 i love london cake cases,1,2011-07-11 12:49:00,0.55,14552.0,United Kingdom,0.55
562890,22461,savoy art deco clock,12,2011-08-10 12:11:00,3.95,14191.0,United Kingdom,47.400000000000006
578922,22727,alarm clock bakelike red,2,2011-11-27 12:00:00,3.75,17236.0,United Kingdom,7.5
570600,22561,wooden school colouring set,12,2011-10-11 12:05:00,1.65,16076.0,United Kingdom,19.799999999999997
536388,21754,home building block word,3,2010-12-01 09:59:00,5.95,16250.0,United Kingdom,17.85
559673,22619,set of 6 soldier skittles,10,2011-07-11 14:10:00,3.75,13224.0,United Kingdom,37.5
557120,21391,french lavender scent heart,12,2011-06-16 17:12:00,0.75,15669.0,United Kingdom,9.0
541218,21880,red retrospot tape,24,2011-01-14 14:02:00,0.19,16638.0,United Kingdom,4.5600000000000005
544095,22720,set of 3 cake tins pantry design,6,2011-02-16 09:25:00,4.95,16509.0,United Kingdom,29.700000000000003
571670,22197,popcorn holder,12,2011-10-18 13:12:00,0.85,12611.0,Italy,10.2
543293,22595,gingham heart decoration,12,2011-02-07 11:20:00,0.85,17613.0,United Kingdom,10.2
562528,21080,set/20 red retrospot paper napkins,12,2011-08-05 13:52:00,0.85,12610.0,Italy,10.2
578682,21108,fairy cake flannel assorted colour,27,2011-11-25 08:55:00,2.1,17173.0,United Kingdom,56.7
581478,22791,t-light glass fluted antique,12,2011-12-09 08:59:00,1.25,17364.0,United Kingdom,15.0
565994,21621,vintage union jack bunting,1,2011-09-08 11:46:00,8.5,13244.0,United Kingdom,8.5
571291,23283,doormat vintage leaf,1,2011-10-16 15:44:00,8.25,13610.0,United Kingdom,8.25
551653,21558,skull lunch box with cutlery,18,2011-05-03 12:03:00,2.55,13282.0,United Kingdom,45.9
536833,22969,homemade jam scented candles,12,2010-12-02 17:48:00,1.45,18239.0,United Kingdom,17.4
578548,22909,set of 20 vintage christmas napkins,1,2011-11-24 15:02:00,0.85,17345.0,United Kingdom,0.85
569328,23234,biscuit tin vintage christmas,12,2011-10-03 12:48:00,2.89,14360.0,United Kingdom,34.68
573163,21231,sweetheart ceramic trinket box,12,2011-10-28 09:06:00,1.25,16843.0,United Kingdom,15.0
551858,21156,retrospot childrens apron,6,2011-05-04 15:33:00,1.95,18041.0,United Kingdom,11.7
578301,21169,you're confusing me metal sign,24,2011-11-23 15:14:00,1.69,17034.0,United Kingdom,40.56
565431,23240,set of 4 knick knack tins doily,2,2011-09-04 13:15:00,4.15,14965.0,United Kingdom,8.3
580727,21983,pack of 12 blue paisley tissues,1,2011-12-05 17:17:00,0.83,14096.0,United Kingdom,0.83
575957,22418,10 colour spaceboy pen,12,2011-11-13 12:19:00,0.85,13170.0,United Kingdom,10.2
561028,23019,small apothecary measuring jar,1,2011-07-24 11:06:00,8.25,17769.0,United Kingdom,8.25
546772,22178,victorian glass hanging t-light,96,2011-03-16 15:34:00,1.06,15030.0,United Kingdom,101.76
569363,22297,heart ivory trellis small,48,2011-10-03 15:08:00,1.25,13297.0,United Kingdom,60.0
562128,21291,small polkadot chocolate gift bag,16,2011-08-03 09:07:00,0.85,16150.0,United Kingdom,13.6
557889,22027,tea party birthday card,12,2011-06-23 13:51:00,0.42,12412.0,Denmark,5.04
580136,22722,set of 6 spice tins pantry design,1,2011-12-01 19:42:00,3.95,17841.0,United Kingdom,3.95
575298,85123A,white hanging heart t-light holder,2,2011-11-09 12:29:00,2.95,17841.0,United Kingdom,5.9
567457,23274,star t-light holder willie winkie,12,2011-09-20 12:18:00,1.65,14164.0,United Kingdom,19.799999999999997
577036,23397,foot stool home sweet home,2,2011-11-17 13:21:00,9.95,17797.0,United Kingdom,19.9
577506,23556,landmark frame covent garden,1,2011-11-20 12:40:00,12.5,13212.0,United Kingdom,12.5
554092,84978,hanging heart jar t-light holder,12,2011-05-22 12:41:00,1.25,17176.0,United Kingdom,15.0
572613,23458,dolly cabinet 3 drawers,2,2011-10-25 11:28:00,14.95,15345.0,United Kingdom,29.9
568381,21352,eucalyptus & pinecone  wreath,12,2011-09-27 09:24:00,2.95,14321.0,United Kingdom,35.400000000000006
554651,23299,food cover with beads set 2,12,2011-05-25 12:55:00,3.75,12779.0,Poland,45.0
571212,22554,plasters in tin woodland animals,5,2011-10-14 12:53:00,1.65,12856.0,United Kingdom,8.25
562131,22383,lunch bag suki design,20,2011-08-03 09:30:00,1.65,18178.0,United Kingdom,33.0
552318,90082B,diamante bow brooch red colour,2,2011-05-08 16:13:00,6.35,17231.0,United Kingdom,12.7
580632,21900,"key fob , shed",6,2011-12-05 12:16:00,0.65,16360.0,United Kingdom,3.9000000000000004
575740,23224,cherub heart decoration gold,12,2011-11-11 09:25:00,0.83,18130.0,United Kingdom,9.959999999999999
574311,23581,jumbo bag paisley park,10,2011-11-03 16:56:00,2.08,15640.0,United Kingdom,20.8
567856,21731,red toadstool led night light,6,2011-09-22 13:44:00,1.65,14077.0,United Kingdom,9.899999999999999
537404,22848,bread bin diner style pink,1,2010-12-06 14:46:00,16.95,17191.0,United Kingdom,16.95
572317,22624,ivory kitchen scales,1,2011-10-23 16:13:00,8.5,14629.0,United Kingdom,8.5
567742,85066,cream sweetheart mini chest,2,2011-09-22 10:47:00,12.75,14261.0,United Kingdom,25.5
560972,85123A,white hanging heart t-light holder,32,2011-07-22 11:44:00,2.55,14209.0,United Kingdom,81.6
544586,22749,feltcraft princess charlotte doll,3,2011-02-21 15:04:00,3.75,17338.0,United Kingdom,11.25
542121,22682,french blue metal door sign 7,6,2011-01-25 14:33:00,1.25,17515.0,United Kingdom,7.5
553741,21244,blue polkadot plate,8,2011-05-19 09:37:00,1.69,12520.0,Germany,13.52
566272,23074,embossed heart trinket box,4,2011-09-11 13:51:00,2.08,14487.0,United Kingdom,8.32
536782,21533,retrospot large milk jug,6,2010-12-02 15:18:00,4.95,17567.0,United Kingdom,29.700000000000003
543801,77101A,union flag windsock,7,2011-02-13 11:52:00,1.25,17811.0,United Kingdom,8.75
578027,84029E,red woolly hottie white heart.,4,2011-11-22 13:29:00,4.25,15977.0,United Kingdom,17.0
559662,22569,feltcraft cushion butterfly,4,2011-07-11 13:32:00,3.75,16572.0,United Kingdom,15.0
571747,23223,christmas tree hanging silver,12,2011-10-19 10:59:00,0.83,13849.0,United Kingdom,9.959999999999999
562732,21314,small glass heart trinket pot,8,2011-08-09 10:19:00,2.1,18248.0,United Kingdom,16.8
579470,23365,set 12 colour pencils love london,3,2011-11-29 15:06:00,0.65,16549.0,United Kingdom,1.9500000000000002
559508,21078,set/20 strawberry paper napkins,1,2011-07-08 15:23:00,0.85,12748.0,United Kingdom,0.85
575851,22030,swallows greeting card,24,2011-11-11 12:13:00,0.42,14662.0,United Kingdom,10.08
557764,20726,lunch bag woodland,12,2011-06-22 14:21:00,1.65,13089.0,United Kingdom,19.799999999999997
544081,22520,childs garden trowel blue,5,2011-02-15 15:49:00,0.85,17819.0,United Kingdom,4.25
549121,84879,assorted colour bird ornament,8,2011-04-06 13:33:00,1.69,17140.0,United Kingdom,13.52
548559,22423,regency cakestand 3 tier,8,2011-04-01 10:08:00,12.75,16214.0,United Kingdom,102.0
568323,85099B,jumbo bag red retrospot,20,2011-09-26 13:45:00,2.08,15078.0,United Kingdom,41.6
571892,23555,landmark frame notting hill,3,2011-10-19 14:12:00,12.5,13089.0,United Kingdom,37.5
537800,72130,columbian candle round,6,2010-12-08 13:08:00,0.65,12748.0,United Kingdom,3.9000000000000004
577046,23240,set of 4 knick knack tins doily,12,2011-11-17 13:46:00,4.15,12449.0,Belgium,49.800000000000004
580723,22644,ceramic cherry cake money bank,4,2011-12-05 17:09:00,0.39,15856.0,United Kingdom,1.56
575914,22633,hand warmer union jack,12,2011-11-11 16:31:00,2.1,17071.0,United Kingdom,25.200000000000003
559321,21933,pink vintage paisley picnic bag,10,2011-07-07 14:30:00,1.65,17069.0,United Kingdom,16.5
567850,23245,set of 3 regency cake tins,4,2011-09-22 13:18:00,4.95,15067.0,United Kingdom,19.8
566451,22295,heart filigree dove large,1,2011-09-12 16:14:00,1.65,18069.0,United Kingdom,1.65
570118,23177,treasure island book box,8,2011-10-07 12:44:00,2.25,13276.0,United Kingdom,18.0
544195,21232,strawberry ceramic trinket box,12,2011-02-17 08:58:00,1.25,13305.0,United Kingdom,15.0
570793,23418,lavender toilette bottle,12,2011-10-12 12:08:00,2.08,12444.0,Norway,24.96
572063,22348,tea bag plate red retrospot,1,2011-10-20 12:57:00,0.85,14606.0,United Kingdom,0.85
540943,22470,heart of wicker large,1,2011-01-12 12:31:00,2.95,17841.0,United Kingdom,2.95
566760,22061,large cake stand  hanging strawbery,1,2011-09-14 16:36:00,9.95,15272.0,United Kingdom,9.95
576554,22171,3 hook photo shelf antique white,2,2011-11-15 12:57:00,8.5,13066.0,United Kingdom,17.0
569005,22139,retrospot tea set ceramic 11 pc,3,2011-09-29 18:30:00,4.95,16268.0,United Kingdom,14.850000000000001
546979,22851,set 20 napkins fairy cakes design,96,2011-03-18 12:18:00,0.72,16256.0,United Kingdom,69.12
557598,22265,easter decoration natural chick,1,2011-06-21 11:33:00,0.65,14667.0,United Kingdom,0.65
554845,82600,no singing metal sign,48,2011-05-26 19:49:00,2.21,17450.0,United Kingdom,106.08
558416,85049C,romantic pinks ribbons,2,2011-06-29 10:50:00,1.25,16059.0,United Kingdom,2.5
557328,21561,dinosaur lunch box with cutlery,1,2011-06-20 09:53:00,2.55,14646.0,Netherlands,2.55
558372,23322,large white heart of wicker,3,2011-06-28 15:47:00,2.95,16200.0,United Kingdom,8.850000000000001
577524,23489,vintage bells garland,1,2011-11-20 13:33:00,2.89,16905.0,United Kingdom,2.89
575602,22910,paper chain kit vintage christmas,2,2011-11-10 12:27:00,2.95,17059.0,United Kingdom,5.9
547918,22219,lovebird hanging decoration white,12,2011-03-28 12:49:00,0.85,15249.0,United Kingdom,10.2
559919,23232,wrap vintage leaf design,200,2011-07-13 15:30:00,0.34,12415.0,Australia,68.0
567935,22328,round snack boxes set of 4 fruits,8,2011-09-22 18:07:00,2.95,13320.0,United Kingdom,23.6
558991,21658,glass  beurre dish,1,2011-07-05 11:32:00,3.95,14606.0,United Kingdom,3.95
570482,22918,herb marker parsley,1,2011-10-10 17:00:00,0.65,17459.0,United Kingdom,0.65
563228,23315,ivory refectory clock,1,2011-08-14 15:34:00,9.95,17988.0,United Kingdom,9.95
552864,21216,"set 3 retrospot tea,coffee,sugar",2,2011-05-11 17:13:00,4.95,13235.0,United Kingdom,9.9
577519,48184,doormat english rose,1,2011-11-20 13:20:00,8.25,15044.0,United Kingdom,8.25
547199,48187,doormat new england,1,2011-03-21 12:53:00,7.95,14606.0,United Kingdom,7.95
545301,POST,postage,4,2011-03-01 12:26:00,18.0,12679.0,France,72.0
556125,47566,party bunting,12,2011-06-09 10:20:00,4.95,12947.0,United Kingdom,59.400000000000006
554009,22558,clothes pegs retrospot pack 24,12,2011-05-20 12:38:00,1.65,12935.0,United Kingdom,19.799999999999997
559133,23079,toadstool bedside light,1,2011-07-06 13:13:00,8.95,17861.0,United Kingdom,8.95
564337,16238,party time pencil erasers,28,2011-08-24 14:40:00,0.21,12649.0,Germany,5.88
553368,21430,set/3 red gingham rose storage box,96,2011-05-16 14:24:00,2.33,18102.0,United Kingdom,223.68
556263,22192,blue diner wall clock,2,2011-06-09 18:41:00,8.5,13969.0,United Kingdom,17.0
550035,21755,love building block word,1,2011-04-14 11:48:00,5.95,15039.0,United Kingdom,5.95
559342,85160B,black bird garden design mug,6,2011-07-07 16:59:00,0.39,14493.0,United Kingdom,2.34
556776,21787,rain poncho retrospot,4,2011-06-14 12:24:00,0.85,14730.0,United Kingdom,3.4
570235,84836,zinc metal heart decoration,1,2011-10-09 14:30:00,1.25,13193.0,United Kingdom,1.25
542105,22674,french toilet sign blue metal,4,2011-01-25 13:35:00,1.25,12854.0,United Kingdom,5.0
577485,22563,happy stencil craft,2,2011-11-20 11:56:00,1.25,16360.0,United Kingdom,2.5
568710,23198,pantry magnetic  shopping list,1,2011-09-28 15:42:00,1.45,14649.0,United Kingdom,1.45
536408,84879,assorted colour bird ornament,8,2010-12-01 11:41:00,1.69,14307.0,United Kingdom,13.52
572658,22720,set of 3 cake tins pantry design,3,2011-10-25 12:29:00,4.95,17690.0,United Kingdom,14.850000000000001
546096,22196,small heart measuring spoons,12,2011-03-09 11:59:00,0.85,15502.0,United Kingdom,10.2
541253,21733,red hanging heart t-light holder,2,2011-01-16 13:51:00,2.95,17841.0,United Kingdom,5.9
559981,85152,hand over the chocolate   sign,12,2011-07-14 11:30:00,2.1,14562.0,United Kingdom,25.200000000000003
548340,21908,chocolate this way metal sign,12,2011-03-30 14:23:00,2.1,13426.0,United Kingdom,25.200000000000003
539263,21481,fawn blue hot water bottle,6,2010-12-16 14:36:00,2.95,16560.0,United Kingdom,17.700000000000003
572309,35953,folkart star christmas decorations,11,2011-10-23 15:29:00,0.39,14432.0,United Kingdom,4.29
572662,23321,small white heart of wicker,5,2011-10-25 12:54:00,1.65,15443.0,United Kingdom,8.25
543342,22030,swallows greeting card,12,2011-02-07 12:27:00,0.42,17162.0,United Kingdom,5.04
540501,37342,polkadot coffee cup & saucer pink,24,2011-01-09 10:43:00,0.85,13162.0,United Kingdom,20.4
549313,20727,lunch bag  black skull.,10,2011-04-08 09:45:00,1.65,12393.0,Australia,16.5
576249,21988,pack of 6 skull paper plates,1,2011-11-14 13:47:00,0.85,17811.0,United Kingdom,0.85
570458,23330,decorative wicker heart medium,6,2011-10-10 15:39:00,1.25,14535.0,United Kingdom,7.5
547730,84596B,small dolly mix design orange bowl,2,2011-03-25 11:01:00,0.42,14796.0,United Kingdom,0.84
551270,22319,hairclips forties fabric assorted,12,2011-04-27 12:35:00,0.65,15891.0,United Kingdom,7.800000000000001
550479,84378,set of 3 heart cookie cutters,12,2011-04-18 14:01:00,1.25,15625.0,United Kingdom,15.0
564136,20840,french floral cushion cover,12,2011-08-23 11:16:00,0.85,14404.0,United Kingdom,10.2
551412,21985,pack of 12 hearts design tissues,12,2011-04-28 13:31:00,0.29,15508.0,United Kingdom,3.4799999999999995
550323,20971,pink blue felt craft trinket box,12,2011-04-17 12:57:00,1.25,13692.0,United Kingdom,15.0
552835,23233,wrap poppies  design,25,2011-05-11 14:17:00,0.42,17664.0,United Kingdom,10.5
576609,21716,boys vintage tin seaside bucket,1,2011-11-15 16:08:00,2.55,15556.0,United Kingdom,2.55
536412,22968,rose cottage keepsake box,4,2010-12-01 11:49:00,9.95,17920.0,United Kingdom,39.8
580286,23213,star wreath decoration with bell,12,2011-12-02 13:28:00,1.25,17611.0,United Kingdom,15.0
569208,16169E,wrap 50's  christmas,25,2011-10-02 11:10:00,0.42,16693.0,United Kingdom,10.5
570906,22750,feltcraft princess lola doll,12,2011-10-13 10:54:00,3.39,14537.0,United Kingdom,40.68
554827,21559,strawberry lunch box with cutlery,180,2011-05-26 15:19:00,2.1,14646.0,Netherlands,378.0
558442,20723,strawberry charlotte bag,1,2011-06-29 13:10:00,0.85,15537.0,United Kingdom,0.85
561038,23322,large white heart of wicker,1,2011-07-24 11:58:00,2.95,17114.0,United Kingdom,2.95
569866,23375,50's christmas paper gift bag,20,2011-10-06 14:50:00,0.82,12757.0,Portugal,16.4
543645,22383,lunch bag suki  design,3,2011-02-10 17:54:00,1.65,17609.0,United Kingdom,4.949999999999999
562599,22361,glass jar daisy fresh cotton wool,6,2011-08-08 10:01:00,2.95,13013.0,United Kingdom,17.700000000000003
574501,22327,round snack boxes set of 4 skulls,4,2011-11-04 13:15:00,2.95,12577.0,France,11.8
574707,22662,lunch bag dolly girl design,20,2011-11-06 14:08:00,1.65,17107.0,United Kingdom,33.0
550468,22619,set of 6 soldier skittles,4,2011-04-18 13:43:00,3.75,16700.0,United Kingdom,15.0
575914,23374,red spot paper gift bag,20,2011-11-11 16:31:00,0.82,17071.0,United Kingdom,16.4
566599,22563,happy stencil craft,3,2011-09-13 15:37:00,1.25,15998.0,United Kingdom,3.75
540550,35809A,enamel pink tea container,6,2011-01-10 09:11:00,2.1,12539.0,Spain,12.600000000000001
541134,84970L,single heart zinc t-light holder,12,2011-01-14 10:20:00,0.95,15615.0,United Kingdom,11.399999999999999
557268,22035,vintage caravan greeting card,24,2011-06-19 11:26:00,0.42,13097.0,United Kingdom,10.08
550997,20726,lunch bag woodland,10,2011-04-26 09:04:00,1.65,17735.0,United Kingdom,16.5
574700,22417,pack of 60 spaceboy cake cases,2,2011-11-06 13:53:00,0.55,16033.0,United Kingdom,1.1
575073,22572,rocking horse green christmas,10,2011-11-08 13:10:00,0.85,13975.0,United Kingdom,8.5
539212,21524,doormat spotty home sweet home,2,2010-12-16 12:20:00,7.95,17146.0,United Kingdom,15.9
579196,15044D,red paper parasol,1,2011-11-28 15:54:00,5.79,14096.0,United Kingdom,5.79
572901,23275,set of 3 hanging owls ollie beak,6,2011-10-26 14:54:00,1.25,16332.0,United Kingdom,7.5
568872,22551,plasters in tin spaceboy,36,2011-09-29 12:12:00,1.65,12372.0,Denmark,59.4
568086,22563,happy stencil craft,24,2011-09-23 14:39:00,1.25,14944.0,United Kingdom,30.0
541213,22558,clothes pegs retrospot pack 24,4,2011-01-14 13:28:00,1.49,15033.0,United Kingdom,5.96
547867,22729,alarm clock bakelike orange,1,2011-03-27 13:56:00,3.75,13357.0,United Kingdom,3.75
561192,79066K,retro mod tray,2,2011-07-25 13:45:00,0.85,16033.0,United Kingdom,1.7
574728,23535,wall art bicycle safety,4,2011-11-06 15:02:00,5.95,13719.0,United Kingdom,23.8
562460,21927,blue/cream stripe cushion cover,1,2011-08-05 11:19:00,1.25,17841.0,United Kingdom,1.25
563845,22027,tea party birthday card,12,2011-08-19 14:39:00,0.42,12991.0,United Kingdom,5.04
564531,21485,retrospot heart hot water bottle,6,2011-08-25 15:04:00,4.95,12624.0,France,29.700000000000003
540698,22775,purple drawerknob acrylic edwardian,6,2011-01-11 09:24:00,1.49,17450.0,United Kingdom,8.94
539089,22730,alarm clock bakelike ivory,4,2010-12-16 09:46:00,3.75,15246.0,United Kingdom,15.0
546537,22423,regency cakestand 3 tier,1,2011-03-14 14:32:00,12.75,15005.0,United Kingdom,12.75
554083,21248,door hanger  mum + dads room,2,2011-05-22 11:51:00,1.45,18125.0,United Kingdom,2.9
575222,21070,vintage billboard mug,3,2011-11-09 11:33:00,1.25,16880.0,United Kingdom,3.75
541987,22667,recipe box retrospot,1,2011-01-24 16:05:00,2.95,14130.0,United Kingdom,2.95
573374,22507,memo board retrospot  design,4,2011-10-30 13:39:00,4.95,14755.0,United Kingdom,19.8
580916,22513,doorstop football design,1,2011-12-06 13:45:00,0.79,13685.0,United Kingdom,0.79
574670,22846,bread bin diner style red,1,2011-11-06 12:20:00,16.95,12838.0,United Kingdom,16.95
572212,85178,victorian sewing kit,24,2011-10-21 12:25:00,1.25,13918.0,United Kingdom,30.0
547243,84218,box/12 chick & egg in basket,1,2011-03-21 16:59:00,1.95,17231.0,United Kingdom,1.95
558542,82581,toilet metal sign,4,2011-06-30 12:23:00,0.55,13593.0,United Kingdom,2.2
563256,21156,retrospot childrens apron,8,2011-08-15 12:07:00,1.95,18143.0,United Kingdom,15.6
562031,22673,french garden sign blue metal,8,2011-08-01 17:37:00,1.25,16984.0,United Kingdom,10.0
565850,22296,heart ivory trellis large,12,2011-09-07 12:55:00,1.65,14530.0,United Kingdom,19.799999999999997
544795,22024,rainy ladies birthday card,12,2011-02-23 13:21:00,0.42,15858.0,United Kingdom,5.04
546378,21458,2 picture book eggs easter bunny,12,2011-03-11 12:17:00,1.25,14329.0,United Kingdom,15.0
544942,21507,"elephant, birthday card,",12,2011-02-25 10:29:00,0.42,15544.0,United Kingdom,5.04
564866,22082,ribbon reel stripes design,5,2011-08-31 10:40:00,1.65,14660.0,United Kingdom,8.25
578041,23439,hand warmer red love heart,2,2011-11-22 14:23:00,2.1,17338.0,United Kingdom,4.2
577404,23227,filigree heart butterfly white,24,2011-11-20 10:16:00,1.25,17243.0,United Kingdom,30.0
549646,71459,hanging jam jar t-light holder,12,2011-04-11 11:51:00,0.85,12982.0,United Kingdom,10.2
558887,23175,regency milk jug pink,4,2011-07-04 15:26:00,3.25,18265.0,United Kingdom,13.0
546540,22752,set 7 babushka nesting boxes,30,2011-03-14 15:05:00,7.65,15061.0,United Kingdom,229.5
566434,22439,6 rocket balloons,30,2011-09-12 15:01:00,0.65,17090.0,United Kingdom,19.5
562720,23206,lunch bag apple design,1,2011-08-08 16:18:00,1.65,15033.0,United Kingdom,1.65
537037,22988,soldiers egg cup,12,2010-12-05 10:03:00,1.25,17243.0,United Kingdom,15.0
564734,22197,popcorn holder,18,2011-08-28 13:32:00,0.85,12484.0,Spain,15.299999999999999
571216,35924,hanging fairy cake decoration,2,2011-10-14 13:06:00,2.1,16081.0,United Kingdom,4.2
537818,47567B,tea time kitchen apron,3,2010-12-08 13:53:00,5.95,12766.0,Portugal,17.85
565677,23445,ice cream bubbles,20,2011-09-06 10:04:00,0.83,15521.0,United Kingdom,16.599999999999998
572078,23491,vintage jingle bells heart,2,2011-10-20 14:10:00,8.25,15807.0,United Kingdom,16.5
550805,37327,asstd multicolour circles mug,48,2011-04-20 15:38:00,0.39,13162.0,United Kingdom,18.72
555257,23299,food cover with beads set 2,1,2011-06-01 15:28:00,3.75,17596.0,United Kingdom,3.75
580753,21239,pink  polkadot cup,8,2011-12-06 10:00:00,0.85,12682.0,France,6.8
575989,22469,heart of wicker small,3,2011-11-13 14:20:00,1.65,14698.0,United Kingdom,4.949999999999999
541997,16016,large chinese style scissor,10,2011-01-25 10:38:00,0.85,18077.0,United Kingdom,8.5
548734,22423,regency cakestand 3 tier,7,2011-04-04 10:40:00,12.75,13059.0,United Kingdom,89.25
567341,22355,charlotte bag suki design,10,2011-09-19 15:04:00,0.85,14961.0,United Kingdom,8.5
574287,21809,christmas hanging tree with bell,1,2011-11-03 15:09:00,0.39,14723.0,United Kingdom,0.39
560727,21084,set/6 collage paper cups,6,2011-07-20 14:33:00,0.19,13571.0,United Kingdom,1.1400000000000001
580101,23200,jumbo bag pears,20,2011-12-01 15:12:00,2.08,15144.0,United Kingdom,41.6
556484,22965,3 traditional biscuit cutters  set,2,2011-06-12 13:17:00,2.1,16938.0,United Kingdom,4.2
544798,22386,jumbo bag pink polkadot,10,2011-02-23 13:44:00,1.95,17063.0,United Kingdom,19.5
572229,22865,hand warmer owl design,12,2011-10-21 14:23:00,2.1,14329.0,United Kingdom,25.200000000000003
568900,84879,assorted colour bird ornament,16,2011-09-29 13:21:00,1.69,13647.0,United Kingdom,27.04
560688,22383,lunch bag suki design,1,2011-07-20 11:54:00,1.65,16393.0,United Kingdom,1.65
544677,22103,mirror mosaic t-light holder round,3,2011-02-22 16:13:00,1.65,18196.0,United Kingdom,4.949999999999999
555554,22607,wooden rounders garden set,2,2011-06-05 13:46:00,9.95,13742.0,United Kingdom,19.9
578277,22971,queens guard coffee mug,12,2011-11-23 13:51:00,2.55,12723.0,France,30.599999999999998
573846,21200,multicolour honeycomb paper garland,96,2011-11-01 11:39:00,1.45,14866.0,United Kingdom,139.2
547088,21977,pack of 60 pink paisley cake cases,24,2011-03-20 16:02:00,0.55,14223.0,United Kingdom,13.200000000000001
558717,21747,small skull windmill,12,2011-07-01 13:22:00,1.25,12710.0,Germany,15.0
538917,22294,heart filigree dove  small,12,2010-12-15 10:57:00,1.25,17449.0,United Kingdom,15.0
561195,84927A,wake up cockerel tile hook,6,2011-07-25 13:57:00,0.39,14796.0,United Kingdom,2.34
546428,21439,basket of toadstools,12,2011-03-13 14:55:00,1.25,12681.0,France,15.0
547656,22520,childs garden trowel blue,1,2011-03-24 12:53:00,0.85,13263.0,United Kingdom,0.85
569212,21385,ivory hanging decoration  heart,8,2011-10-02 12:05:00,0.85,15164.0,United Kingdom,6.8
550637,22243,5 hook hanger red magic toadstool,3,2011-04-19 15:39:00,1.65,14415.0,United Kingdom,4.949999999999999
561073,22665,recipe box blue sketchbook design,12,2011-07-24 15:46:00,2.95,13408.0,United Kingdom,35.400000000000006
572323,84029E,red woolly hottie white heart.,4,2011-10-24 09:46:00,4.25,14312.0,United Kingdom,17.0
557292,15034,paper pocket traveling fan,24,2011-06-19 13:06:00,0.14,17562.0,United Kingdom,3.3600000000000003
537224,22670,french wc sign blue metal,1,2010-12-05 16:24:00,1.25,13174.0,United Kingdom,1.25
581412,21733,red hanging heart t-light holder,4,2011-12-08 14:38:00,2.95,14415.0,United Kingdom,11.8
557319,22920,herb marker basil,12,2011-06-20 08:23:00,0.65,15076.0,United Kingdom,7.800000000000001
574310,23217,laurel heart antique silver,3,2011-11-03 16:56:00,1.25,13467.0,United Kingdom,3.75
538809,21791,vintage heads and tails card game,24,2010-12-14 12:17:00,1.25,15514.0,United Kingdom,30.0
551270,84712B,pink jewelled photo frame,1,2011-04-27 12:35:00,7.95,15891.0,United Kingdom,7.95
580962,84029G,knitted union flag hot water bottle,4,2011-12-06 14:40:00,4.25,17119.0,United Kingdom,17.0
574871,82484,wood black board ant white finish,2,2011-11-07 12:56:00,7.95,14527.0,United Kingdom,15.9
574726,23322,large white heart of wicker,4,2011-11-06 14:56:00,2.95,14664.0,United Kingdom,11.8
551247,22468,babushka lights string of 10,6,2011-04-27 11:56:00,6.75,15640.0,United Kingdom,40.5
550613,22916,herb marker thyme,12,2011-04-19 12:26:00,0.65,16180.0,United Kingdom,7.800000000000001
554016,84969,box of 6 assorted colour teaspoons,3,2011-05-20 13:14:00,4.25,13243.0,United Kingdom,12.75
550631,22672,french bathroom sign blue metal,12,2011-04-19 14:51:00,1.65,15225.0,United Kingdom,19.799999999999997
575725,23203,jumbo bag vintage doily,100,2011-11-10 18:46:00,1.79,13098.0,United Kingdom,179.0
573361,20961,strawberry bath sponge,2,2011-10-30 12:53:00,1.25,14456.0,United Kingdom,2.5
541970,22977,dolly girl childrens egg cup,12,2011-01-24 13:48:00,1.25,15179.0,United Kingdom,15.0
573353,23332,ivory wicker heart large,3,2011-10-30 12:39:00,1.65,16115.0,United Kingdom,4.949999999999999
551269,22965,3 traditional biscuit cutters  set,6,2011-04-27 12:21:00,2.1,12840.0,United Kingdom,12.600000000000001
555521,22041,"record frame 7"" single size",48,2011-06-05 11:21:00,2.1,13576.0,United Kingdom,100.80000000000001
573345,21636,madras notebook medium,4,2011-10-30 12:14:00,0.75,17609.0,United Kingdom,3.0
545901,21703,bag 125g swirly marbles,4,2011-03-07 17:52:00,0.42,15834.0,United Kingdom,1.68
560397,22352,lunch box with cutlery retrospot,6,2011-07-18 14:04:00,2.55,17652.0,United Kingdom,15.299999999999999
540835,20725,lunch bag red retrospot,10,2011-01-11 15:00:00,1.65,12724.0,France,16.5
541087,22913,red coat rack paris fashion,3,2011-01-13 12:37:00,4.95,13614.0,United Kingdom,14.850000000000001
579503,85099B,jumbo bag red retrospot,1,2011-11-29 16:23:00,2.08,17097.0,Spain,2.08
564638,23247,biscuit tin 50's christmas,6,2011-08-26 12:54:00,2.89,13812.0,Germany,17.34
568059,23320,giant 50's christmas cracker,4,2011-09-23 12:58:00,2.89,13097.0,United Kingdom,11.56
549251,22326,round snack boxes set of4 woodland,1,2011-04-07 12:16:00,2.95,14449.0,United Kingdom,2.95
557316,22814,card party games,12,2011-06-19 16:04:00,0.42,17299.0,United Kingdom,5.04
570388,22077,6 ribbons rustic charm,12,2011-10-10 12:37:00,1.95,14911.0,EIRE,23.4
565918,48194,doormat hearts,1,2011-09-07 16:27:00,8.25,13249.0,United Kingdom,8.25
572280,23339,egg frying pan blue,1,2011-10-23 11:05:00,2.08,16007.0,United Kingdom,2.08
565415,22429,enamel measuring jug cream,1,2011-09-04 12:00:00,4.25,14067.0,United Kingdom,4.25
554059,21931,jumbo storage bag suki,10,2011-05-20 16:25:00,2.08,14388.0,United Kingdom,20.8
577297,22895,set of 2 tea towels apple and pears,2,2011-11-18 12:48:00,3.25,14593.0,United Kingdom,6.5
567482,23220,reindeer heart decoration gold,4,2011-09-20 13:42:00,0.83,16464.0,United Kingdom,3.32
570416,22623,box of vintage jigsaw blocks,3,2011-10-10 13:30:00,5.95,15608.0,United Kingdom,17.85
565147,47566B,tea time party bunting,8,2011-09-01 13:53:00,4.95,16187.0,United Kingdom,39.6
574149,84508C,blue circles design teddy,6,2011-11-03 11:29:00,2.55,13709.0,United Kingdom,15.299999999999999
578681,20772,garden path journal,6,2011-11-25 08:41:00,2.55,13579.0,United Kingdom,15.299999999999999
558709,22667,recipe box retrospot,2,2011-07-01 13:02:00,2.95,17338.0,United Kingdom,5.9
571034,21136,painted metal pears assorted,16,2011-10-13 12:47:00,1.69,12359.0,Cyprus,27.04
537400,22086,paper chain kit 50's christmas,2,2010-12-06 14:36:00,2.95,17191.0,United Kingdom,5.9
574328,22908,pack of 20 napkins red apples,12,2011-11-04 09:05:00,0.85,13081.0,United Kingdom,10.2
558700,21833,camouflage led torch,4,2011-07-01 12:33:00,1.69,17920.0,United Kingdom,6.76
552279,20723,strawberry charlotte bag,10,2011-05-08 12:38:00,0.85,15117.0,United Kingdom,8.5
576781,22424,enamel bread bin cream,2,2011-11-16 13:33:00,12.75,13939.0,United Kingdom,25.5
578994,22635,childs breakfast set dolly girl,4,2011-11-27 15:44:00,9.95,14911.0,EIRE,39.8
581120,21703,bag 125g swirly marbles,12,2011-12-07 12:26:00,0.42,17042.0,United Kingdom,5.04
574575,21726,multi hearts  stickers,10,2011-11-04 17:03:00,0.85,14971.0,United Kingdom,8.5
579350,23581,jumbo bag paisley park,40,2011-11-29 11:48:00,2.08,15218.0,United Kingdom,83.2
571908,22574,heart wooden christmas decoration,20,2011-10-19 14:56:00,0.85,15803.0,United Kingdom,17.0
577772,23546,wrap paisley park,25,2011-11-21 15:53:00,0.42,18139.0,United Kingdom,10.5
541648,84212,"assorted flower colour ""leis""",6,2011-01-20 11:15:00,0.65,17811.0,United Kingdom,3.9000000000000004
579837,48187,doormat new england,20,2011-11-30 16:18:00,7.08,12882.0,United Kingdom,141.6
551262,22674,french toilet sign blue metal,2,2011-04-27 12:05:00,1.25,14527.0,United Kingdom,2.5
542922,22976,circus parade childrens egg cup,12,2011-02-02 09:06:00,1.25,12682.0,France,15.0
544607,22978,pantry rolling pin,12,2011-02-22 10:00:00,3.75,13862.0,United Kingdom,45.0
561614,85099B,jumbo bag red retrospot,10,2011-07-28 12:50:00,2.08,13871.0,United Kingdom,20.8
571034,23188,vintage  2 metre folding ruler,12,2011-10-13 12:47:00,1.65,12359.0,Cyprus,19.799999999999997
544156,21700,big doughnut fridge magnets,12,2011-02-16 12:33:00,0.85,12352.0,Norway,10.2
567878,20974,12 pencils small tube skull,4,2011-09-22 14:42:00,0.65,16910.0,United Kingdom,2.6
538040,21703,bag 125g swirly marbles,4,2010-12-09 13:08:00,0.42,16520.0,United Kingdom,1.68
536796,84985A,set of 72 green paper doilies,1,2010-12-02 15:46:00,1.45,15574.0,United Kingdom,1.45
568517,20711,jumbo bag toys,1,2011-09-27 12:52:00,2.08,14456.0,United Kingdom,2.08
580874,22192,blue diner wall clock,2,2011-12-06 12:09:00,8.5,14735.0,United Kingdom,17.0
576518,22889,number tile vintage font no,2,2011-11-15 12:25:00,2.1,16361.0,United Kingdom,4.2
543107,22860,easter tin chicks pink daisy,6,2011-02-03 12:27:00,1.65,13800.0,United Kingdom,9.899999999999999
576667,23344,jumbo bag 50's christmas,20,2011-11-16 11:48:00,2.08,12963.0,United Kingdom,41.6
536628,82482,wooden picture frame white finish,6,2010-12-02 10:54:00,2.1,17850.0,United Kingdom,12.600000000000001
543658,84029G,knitted union flag hot water bottle,4,2011-02-11 10:38:00,3.75,13819.0,United Kingdom,15.0
551533,22328,round snack boxes set of 4 fruits,1,2011-05-01 14:58:00,2.95,15407.0,United Kingdom,2.95
563709,23313,vintage christmas bunting,1,2011-08-18 15:17:00,4.95,15472.0,United Kingdom,4.95
564146,22632,hand warmer red retrospot,48,2011-08-23 12:18:00,2.1,15838.0,United Kingdom,100.80000000000001
541970,22974,childrens dolly girl mug,12,2011-01-24 13:48:00,1.65,15179.0,United Kingdom,19.799999999999997
559032,22659,lunch box i love london,64,2011-07-05 14:53:00,1.65,17511.0,United Kingdom,105.6
573277,23014,glass apothecary bottle elixir,1,2011-10-28 13:18:00,3.95,14606.0,United Kingdom,3.95
560397,20914,set/5 red retrospot lid glass bowls,10,2011-07-18 14:04:00,2.95,17652.0,United Kingdom,29.5
552005,21165,beware of the cat metal sign,12,2011-05-05 16:34:00,1.69,15491.0,United Kingdom,20.28
560690,22386,jumbo bag pink polkadot,10,2011-07-20 12:00:00,2.08,16807.0,United Kingdom,20.8
569670,23343,jumbo bag vintage christmas,1,2011-10-05 13:47:00,2.08,14730.0,United Kingdom,2.08
547583,22616,pack of 12 london tissues,36,2011-03-24 11:07:00,0.29,12901.0,United Kingdom,10.44
557960,21328,balloons  writing set,1,2011-06-23 19:46:00,1.65,15453.0,United Kingdom,1.65
541658,22371,airline bag vintage tokyo 78,1,2011-01-20 12:16:00,4.25,15529.0,United Kingdom,4.25
570827,21715,girls vintage tin seaside bucket,2,2011-10-12 13:14:00,2.55,15831.0,United Kingdom,5.1
551696,47559B,tea time oven glove,10,2011-05-03 13:39:00,1.25,14110.0,United Kingdom,12.5
556641,23271,christmas table candle silver spike,16,2011-06-13 15:44:00,0.83,13663.0,United Kingdom,13.28
564378,90145,silver hoop earrings with flower,2,2011-08-25 10:26:00,5.95,12417.0,Belgium,11.9
562437,22720,set of 3 cake tins pantry design,6,2011-08-04 17:58:00,4.95,13047.0,United Kingdom,29.700000000000003
578707,84527,flames sunglasses pink lenses,1,2011-11-25 11:20:00,1.95,17870.0,United Kingdom,1.95
559299,21933,pink vintage paisley picnic bag,10,2011-07-07 12:39:00,1.65,16929.0,United Kingdom,16.5
568950,22326,round snack boxes set of4 woodland,12,2011-09-29 15:25:00,2.95,12458.0,Switzerland,35.400000000000006
556103,22771,clear drawer knob acrylic edwardian,12,2011-06-08 16:18:00,1.25,16011.0,United Kingdom,15.0
550836,21718,red metal beach spade,12,2011-04-21 10:55:00,1.25,14759.0,United Kingdom,15.0
577507,23270,set of 2 ceramic painted hearts,3,2011-11-20 12:42:00,1.45,14710.0,United Kingdom,4.35
569302,84945,multi colour silver t-light holder,12,2011-10-03 12:04:00,0.85,16205.0,United Kingdom,10.2
574063,21263,green goose feather tree 60cm,1,2011-11-02 14:31:00,1.95,13271.0,United Kingdom,1.95
562932,22915,assorted bottle top  magnets,3,2011-08-10 16:39:00,0.42,16904.0,United Kingdom,1.26
538854,22174,photo cube,24,2010-12-14 13:44:00,1.65,13102.0,United Kingdom,39.599999999999994
572847,37495,fairy cake birthday candle set,1,2011-10-26 12:15:00,3.75,14606.0,United Kingdom,3.75
562353,20728,lunch bag cars blue,20,2011-08-04 13:15:00,1.65,16180.0,United Kingdom,33.0
557309,21213,pack of 72 skull cake cases,24,2011-06-19 15:15:00,0.55,16493.0,United Kingdom,13.200000000000001
540023,20677,pink polkadot bowl,12,2011-01-04 12:58:00,1.25,15039.0,United Kingdom,15.0
564552,20754,retrospot red washing up gloves,6,2011-08-25 17:22:00,2.1,16670.0,United Kingdom,12.600000000000001
543235,82494L,wooden frame antique white,2,2011-02-04 13:30:00,2.95,14462.0,United Kingdom,5.9
547493,22546,mini jigsaw purdey,240,2011-03-23 12:06:00,0.36,12818.0,Austria,86.39999999999999
559107,21975,pack of 60 dinosaur cake cases,3,2011-07-06 11:22:00,0.55,15334.0,United Kingdom,1.6500000000000001
558057,20728,lunch bag cars blue,10,2011-06-24 14:57:00,1.65,15665.0,United Kingdom,16.5
557278,82484,wood black board ant white finish,4,2011-06-19 12:08:00,7.95,13089.0,United Kingdom,31.8
563924,82552,washroom metal sign,1,2011-08-21 14:32:00,1.45,15984.0,United Kingdom,1.45
560783,23264,set of 3 wooden sleigh decorations,12,2011-07-21 10:24:00,1.25,15108.0,European Community,15.0
558096,22442,grow your own flowers set of 3,1,2011-06-26 13:24:00,7.95,15532.0,United Kingdom,7.95
580615,22135,mini ladle love heart pink,12,2011-12-05 12:05:00,0.42,16873.0,United Kingdom,5.04
563509,22964,3 piece spaceboy cookie cutter set,6,2011-08-17 10:46:00,2.1,16092.0,United Kingdom,12.600000000000001
559661,21658,glass  beurre dish,8,2011-07-11 13:22:00,3.95,18061.0,United Kingdom,31.6
570208,23318,box of 6 mini vintage crackers,2,2011-10-09 10:23:00,2.49,16104.0,United Kingdom,4.98
556483,23110,parisienne key cabinet,1,2011-06-12 13:12:00,5.75,14823.0,United Kingdom,5.75
566281,22170,picture frame wood triple portrait,1,2011-09-11 14:15:00,6.75,12748.0,United Kingdom,6.75
566604,23200,jumbo bag pears,4,2011-09-13 16:26:00,2.08,16279.0,United Kingdom,8.32
545028,20931,blue pot plant candle,8,2011-02-25 15:21:00,3.75,13973.0,United Kingdom,30.0
564476,22776,sweetheart cakestand 3 tier,1,2011-08-25 12:57:00,9.95,12610.0,Italy,9.95
580759,84970L,single heart zinc t-light holder,12,2011-12-06 10:30:00,1.25,17593.0,United Kingdom,15.0
539307,84819,danish rose round sewing box,32,2010-12-16 17:43:00,0.85,13694.0,United Kingdom,27.2
549933,22079,ribbon reel hearts design,10,2011-04-13 11:04:00,1.65,15230.0,United Kingdom,16.5
548664,16219,house shape pencil sharpener,12,2011-04-01 14:45:00,0.21,14911.0,EIRE,2.52
547960,22993,set of 4 pantry jelly moulds,2,2011-03-28 15:27:00,1.25,15644.0,United Kingdom,2.5
567179,85049C,romantic pinks ribbons,1,2011-09-18 14:27:00,1.25,15547.0,United Kingdom,1.25
552307,82482,wooden picture frame white finish,1,2011-05-08 15:20:00,2.55,12748.0,United Kingdom,2.55
567798,23298,spotty bunting,12,2011-09-22 12:00:00,4.95,13089.0,United Kingdom,59.400000000000006
580103,21889,wooden box of dominoes,5,2011-12-01 15:12:00,1.25,16242.0,United Kingdom,6.25
578515,85034C,3 rose morris boxed candles,12,2011-11-24 13:40:00,1.25,16885.0,United Kingdom,15.0
577505,22383,lunch bag suki design,2,2011-11-20 12:37:00,1.65,13118.0,United Kingdom,3.3
567533,22142,christmas craft white fairy,12,2011-09-21 09:45:00,1.45,17651.0,United Kingdom,17.4
547712,22849,bread bin diner style mint,1,2011-03-24 19:31:00,16.95,16905.0,United Kingdom,16.95
540992,22907,pack of 20 napkins pantry design,1,2011-01-12 16:57:00,0.85,17364.0,United Kingdom,0.85
536732,22086,paper chain kit 50's christmas,6,2010-12-02 12:47:00,2.95,15544.0,United Kingdom,17.700000000000003
580640,21679,skulls  stickers,1,2011-12-05 12:51:00,0.85,16910.0,United Kingdom,0.85
571679,22662,lunch bag dolly girl design,2,2011-10-18 13:41:00,1.65,14159.0,United Kingdom,3.3
547199,51014C,"feather pen,coal black",12,2011-03-21 12:53:00,0.85,14606.0,United Kingdom,10.2
563585,23217,laurel heart antique silver,2,2011-08-17 17:01:00,1.25,17070.0,United Kingdom,2.5
559557,23170,regency tea plate roses,12,2011-07-11 10:33:00,1.65,17444.0,Canada,19.799999999999997
575117,21098,christmas toilet roll,1,2011-11-08 14:22:00,1.25,12748.0,United Kingdom,1.25
563241,23207,lunch bag alphabet design,30,2011-08-15 10:22:00,1.65,12758.0,Portugal,49.5
553006,21243,pink  polkadot plate,8,2011-05-12 16:45:00,1.69,15544.0,United Kingdom,13.52
546866,M,manual,2,2011-03-17 15:47:00,2.5,14462.0,United Kingdom,5.0
574934,23531,wall art big love,3,2011-11-07 16:50:00,6.95,16717.0,United Kingdom,20.85
571665,22734,set of 6 ribbons vintage christmas,18,2011-10-18 12:59:00,2.89,12540.0,Spain,52.02
579196,22098,boudoir square tissue box,2,2011-11-28 15:54:00,2.46,14096.0,United Kingdom,4.92
563210,22746,poppy's playhouse livingroom,1,2011-08-14 12:27:00,2.1,16466.0,United Kingdom,2.1
543232,22296,heart ivory trellis large,24,2011-02-04 13:28:00,1.65,13113.0,United Kingdom,39.599999999999994
550620,22423,regency cakestand 3 tier,2,2011-04-19 13:39:00,12.75,12585.0,Germany,25.5
580907,22487,white wood garden plant ladder,1,2011-12-06 13:13:00,9.95,13507.0,United Kingdom,9.95
544672,22329,round container set of 5 retrospot,48,2011-02-22 15:45:00,1.45,14646.0,Netherlands,69.6
559811,22197,popcorn holder,12,2011-07-12 15:22:00,0.85,13269.0,United Kingdom,10.2
541215,22112,chocolate hot water bottle,6,2011-01-14 13:42:00,4.95,14329.0,United Kingdom,29.700000000000003
560694,20712,jumbo bag woodland animals,10,2011-07-20 12:05:00,2.08,12757.0,Portugal,20.8
558113,22382,lunch bag spaceboy design,10,2011-06-27 08:48:00,1.65,14911.0,EIRE,16.5
575504,22423,regency cakestand 3 tier,6,2011-11-10 10:29:00,12.75,14895.0,United Kingdom,76.5
545162,22457,natural slate heart chalkboard,12,2011-02-28 13:35:00,2.95,16187.0,United Kingdom,35.400000000000006
549302,22620,4 traditional spinning tops,12,2011-04-08 08:25:00,1.45,14246.0,United Kingdom,17.4
580500,20718,red retrospot shopper bag,10,2011-12-04 12:52:00,1.25,17131.0,United Kingdom,12.5
541855,22740,polkadot pen,4,2011-01-23 14:59:00,0.85,13742.0,United Kingdom,3.4
539039,22721,set of 3 cake tins sketchbook,2,2010-12-15 15:00:00,4.95,13124.0,United Kingdom,9.9
537659,22507,memo board retrospot  design,208,2010-12-07 16:43:00,3.86,18102.0,United Kingdom,802.88
545812,22699,roses regency teacup and saucer,6,2011-03-07 12:26:00,2.95,14214.0,United Kingdom,17.700000000000003
573328,21739,cosy slipper shoes small green,2,2011-10-30 11:09:00,2.95,16601.0,United Kingdom,5.9
573481,22176,blue owl soft toy,5,2011-10-31 11:10:00,2.95,13994.0,United Kingdom,14.75
570127,23302,kneeling mat housework  design,3,2011-10-07 13:17:00,1.65,16900.0,United Kingdom,4.949999999999999
548210,47580,tea time des tea cosy,1,2011-03-29 17:23:00,2.55,14606.0,United Kingdom,2.55
565114,22535,magic drawing slate bunnies,24,2011-09-01 11:15:00,0.42,13588.0,United Kingdom,10.08
541684,21945,strawberries  design flannel,24,2011-01-20 15:22:00,0.85,15498.0,United Kingdom,20.4
577252,85035C,rose 3 wick morris box candle,2,2011-11-18 12:22:00,1.25,18034.0,United Kingdom,2.5
544193,21217,red retrospot round cake tins,1,2011-02-17 08:23:00,9.95,12431.0,Belgium,9.95
539497,22491,pack of 12 coloured pencils,12,2010-12-20 10:41:00,0.85,12944.0,United Kingdom,10.2
549944,21913,vintage seaside jigsaw puzzles,4,2011-04-13 12:23:00,3.75,14262.0,United Kingdom,15.0
572905,23322,large white heart of wicker,2,2011-10-26 15:39:00,2.95,14690.0,United Kingdom,5.9
580611,22151,place setting white heart,4,2011-12-05 11:49:00,0.42,12748.0,United Kingdom,1.68
568509,22333,retrospot party bag + sticker set,48,2011-09-27 12:26:00,1.45,16422.0,United Kingdom,69.6
559307,23209,lunch bag doiley pattern,4,2011-07-07 13:02:00,1.65,15356.0,United Kingdom,6.6
571034,23021,glass bonne jam jar,4,2011-10-13 12:47:00,4.15,12359.0,Cyprus,16.6
578941,84991,60 teatime fairy cake cases,2,2011-11-27 13:26:00,0.55,16024.0,United Kingdom,1.1
547374,84581,dog toy with pink crochet skirt,1,2011-03-22 13:54:00,3.75,16110.0,United Kingdom,3.75
538626,21326,aged glass silver t-light holder,12,2010-12-13 12:57:00,0.65,17338.0,United Kingdom,7.800000000000001
555845,22587,feltcraft hairband red and blue,2,2011-06-07 13:19:00,0.85,17015.0,United Kingdom,1.7
557995,22693,grow a flytrap or sunflower in tin,24,2011-06-24 10:44:00,1.25,17979.0,United Kingdom,30.0
567904,22505,memo board cottage design,4,2011-09-22 16:34:00,4.95,12609.0,Germany,19.8
564995,23322,large white heart of wicker,1,2011-08-31 16:09:00,2.95,16780.0,United Kingdom,2.95
560276,21973,set of 36 mushroom paper doilies,1,2011-07-17 15:11:00,1.45,14606.0,United Kingdom,1.45
560453,21829,dinosaur keyrings assorted,36,2011-07-19 09:52:00,0.21,13209.0,United Kingdom,7.56
562046,21989,pack of 20 skull paper napkins,24,2011-08-02 10:34:00,0.85,12378.0,Switzerland,20.4
560974,23284,doormat keep calm and come in,2,2011-07-22 11:55:00,7.95,14426.0,United Kingdom,15.9
555568,22630,dolly girl lunch box,2,2011-06-05 15:25:00,1.95,17589.0,United Kingdom,3.9
539579,22774,red drawer knob acrylic edwardian,1,2010-12-20 12:51:00,1.25,16713.0,United Kingdom,1.25
570701,21790,vintage snap cards,12,2011-10-12 09:35:00,0.85,16652.0,United Kingdom,10.2
558863,23342,mint diner wall clock,1,2011-07-04 12:28:00,8.5,17243.0,United Kingdom,8.5
557621,22762,cupboard 3 drawer ma campagne,3,2011-06-21 14:00:00,14.95,12444.0,Norway,44.849999999999994
573165,22584,pack of 6 pannetone gift boxes,6,2011-10-28 09:12:00,2.55,16164.0,United Kingdom,15.299999999999999
546466,20751,funky washing up gloves assorted,1,2011-03-14 11:04:00,2.1,18118.0,United Kingdom,2.1
544332,22286,"decoration , wobbly rabbit , metal",24,2011-02-17 17:34:00,1.65,17419.0,United Kingdom,39.599999999999994
552544,22302,coffee mug pears  design,6,2011-05-10 10:29:00,2.55,13320.0,United Kingdom,15.299999999999999
580652,21411,gingham heart  doorstop red,16,2011-12-05 13:33:00,1.95,17511.0,United Kingdom,31.2
552852,22352,lunch box with cutlery retrospot,2,2011-05-11 15:08:00,2.55,16712.0,United Kingdom,5.1
578045,22532,magic drawing slate leap frog,1,2011-11-22 14:43:00,0.42,17297.0,United Kingdom,0.42
563690,23243,set of tea coffee sugar tins pantry,4,2011-08-18 12:53:00,4.95,15152.0,United Kingdom,19.8
561877,20727,lunch bag  black skull.,10,2011-07-31 12:16:00,1.65,16401.0,United Kingdom,16.5
578024,23428,ivory retro kitchen wall clock,2,2011-11-22 13:27:00,8.15,12705.0,Germany,16.3
560606,84576,blue cat biscuit barrel pink heart,7,2011-07-20 10:08:00,1.95,17422.0,United Kingdom,13.65
552217,48194,doormat hearts,2,2011-05-06 15:13:00,7.95,18170.0,United Kingdom,15.9
548340,85152,hand over the chocolate   sign,12,2011-03-30 14:23:00,2.1,13426.0,United Kingdom,25.200000000000003
571212,22694,wicker star,1,2011-10-14 12:53:00,2.1,12856.0,United Kingdom,2.1
557570,23208,lunch bag vintage leaf design,2,2011-06-21 10:48:00,1.65,15998.0,United Kingdom,3.3
555701,21466,red flower crochet food cover,1,2011-06-06 14:34:00,3.75,14498.0,United Kingdom,3.75
538040,21166,cook with wine metal sign,3,2010-12-09 13:08:00,1.95,16520.0,United Kingdom,5.85
566320,22197,popcorn holder,6,2011-09-12 11:41:00,0.85,13983.0,United Kingdom,5.1
558771,21179,no junk mail metal sign,3,2011-07-03 15:53:00,0.39,17105.0,United Kingdom,1.17
560499,84832,zinc willie winkie  candle stick,12,2011-07-19 11:03:00,0.85,16713.0,United Kingdom,10.2
546249,21714,citronella candle garden pot,5,2011-03-10 13:58:00,1.25,14606.0,United Kingdom,6.25
544647,22918,herb marker parsley,20,2011-02-22 12:13:00,0.65,14060.0,United Kingdom,13.0
581405,85169C,eau de nil love bird candle,1,2011-12-08 13:50:00,1.25,13521.0,United Kingdom,1.25
579188,22466,fairy tale cottage night light,12,2011-11-28 15:34:00,1.95,12748.0,United Kingdom,23.4
579147,21818,glitter heart decoration,10,2011-11-28 13:20:00,0.39,13263.0,United Kingdom,3.9000000000000004
561208,20724,red retrospot charlotte bag,100,2011-07-25 16:39:00,0.72,15372.0,United Kingdom,72.0
537224,79321,chilli lights,2,2010-12-05 16:24:00,4.95,13174.0,United Kingdom,9.9
561694,23080,red metal box top secret,2,2011-07-29 09:57:00,8.25,16147.0,United Kingdom,16.5
564246,23208,lunch bag vintage leaf design,10,2011-08-24 10:36:00,1.65,13534.0,United Kingdom,16.5
555810,21770,open closed metal sign,2,2011-06-07 11:39:00,4.95,17091.0,United Kingdom,9.9
555160,21930,jumbo storage bag skulls,100,2011-06-01 09:18:00,1.79,14646.0,Netherlands,179.0
542617,72803A,rose scent candle jewelled drawer,3,2011-01-30 15:48:00,4.25,17463.0,United Kingdom,12.75
549557,22722,set of 6 spice tins pantry design,2,2011-04-10 12:59:00,3.95,14450.0,United Kingdom,7.9
537395,22086,paper chain kit 50's christmas,1,2010-12-06 14:05:00,2.95,15356.0,United Kingdom,2.95
568908,22180,retrospot lamp,1,2011-09-29 13:38:00,9.95,16653.0,United Kingdom,9.95
567294,22952,60 cake cases vintage christmas,24,2011-09-19 12:06:00,0.55,13774.0,United Kingdom,13.200000000000001
575269,21135,victorian  metal postcard spring,32,2011-11-09 12:08:00,1.69,17865.0,United Kingdom,54.08
567801,23424,gingham recipe book box,8,2011-09-22 12:02:00,4.95,13089.0,United Kingdom,39.6
544448,22645,ceramic heart fairy cake money bank,1,2011-02-20 12:01:00,1.45,14878.0,United Kingdom,1.45
574063,21166,cook with wine metal sign,2,2011-11-02 14:31:00,2.08,13271.0,United Kingdom,4.16
574063,23275,set of 3 hanging owls ollie beak,1,2011-11-02 14:31:00,1.25,13271.0,United Kingdom,1.25
552174,85116,black candelabra t-light holder,24,2011-05-06 13:07:00,0.65,15144.0,United Kingdom,15.600000000000001
554016,22472,tv dinner tray dolly girl,3,2011-05-20 13:14:00,4.95,13243.0,United Kingdom,14.850000000000001
541987,21936,red retrospot picnic bag,2,2011-01-24 16:05:00,2.95,14130.0,United Kingdom,5.9
564727,21034,rex cash+carry jumbo shopper,4,2011-08-28 12:31:00,0.95,16686.0,United Kingdom,3.8
548728,16236,kitty pencil erasers,28,2011-04-04 09:55:00,0.21,13198.0,United Kingdom,5.88
555406,90206A,gold diamante star brooch,2,2011-06-02 19:50:00,4.95,17231.0,United Kingdom,9.9
579854,23202,jumbo bag vintage leaf,2,2011-11-30 16:26:00,2.08,14713.0,United Kingdom,4.16
551387,22427,enamel flower jug cream,3,2011-04-28 11:40:00,5.95,14240.0,United Kingdom,17.85
571413,21507,elephant birthday card,12,2011-10-17 12:33:00,0.42,13923.0,United Kingdom,5.04
573269,23212,heart wreath decoration with bell,1,2011-10-28 13:00:00,1.25,16764.0,United Kingdom,1.25
576246,22666,recipe box pantry yellow design,1,2011-11-14 13:42:00,2.95,17566.0,United Kingdom,2.95
547417,22055,mini cake stand  hanging strawbery,8,2011-03-23 10:25:00,1.65,13239.0,United Kingdom,13.2
567092,23230,wrap alphabet design,25,2011-09-16 12:48:00,0.42,13196.0,United Kingdom,10.5
551218,16014,small chinese style scissor,10,2011-04-27 11:41:00,0.42,18077.0,United Kingdom,4.2
537407,22926,ivory giant garden thermometer,4,2010-12-06 14:55:00,5.95,15502.0,United Kingdom,23.8
540859,22192,blue diner wall clock,1,2011-01-12 10:58:00,8.5,17965.0,United Kingdom,8.5
560473,20725,lunch bag red retrospot,20,2011-07-19 10:42:00,1.65,12431.0,Australia,33.0
573763,23319,box of 6 mini 50's crackers,6,2011-11-01 09:56:00,2.49,17139.0,United Kingdom,14.940000000000001
561519,21791,vintage heads and tails card game,1,2011-07-27 17:01:00,1.25,17870.0,United Kingdom,1.25
544472,22797,chest of drawers gingham heart,1,2011-02-21 09:09:00,16.95,15129.0,United Kingdom,16.95
567912,23367,set 12 colour pencils spaceboy,3,2011-09-22 17:07:00,0.65,15555.0,United Kingdom,1.9500000000000002
564729,23332,ivory wicker heart large,4,2011-08-28 12:44:00,1.65,13137.0,United Kingdom,6.6
562809,22795,sweetheart recipe book stand,1,2011-08-09 15:12:00,6.75,16775.0,United Kingdom,6.75
572091,85123A,white hanging heart t-light holder,18,2011-10-20 14:40:00,2.95,15129.0,United Kingdom,53.1
574336,22367,childrens apron spaceboy design,8,2011-11-04 09:52:00,1.95,12397.0,Belgium,15.6
566566,22227,hanging heart mirror decoration,1,2011-09-13 12:32:00,1.25,14096.0,United Kingdom,1.25
544661,22801,antique glass pedestal bowl,4,2011-02-22 13:59:00,3.75,15303.0,United Kingdom,15.0
580482,23423,pantry 3 hook rolling pin hanger,1,2011-12-04 12:44:00,3.75,16033.0,United Kingdom,3.75
538011,21181,please one person metal sign,2,2010-12-09 12:24:00,2.1,14896.0,United Kingdom,4.2
538248,85114A,black enchanted forest placemat,2,2010-12-10 12:14:00,1.65,18116.0,United Kingdom,3.3
564335,85231B,cinammon set of 9 t-lights,2,2011-08-24 14:23:00,0.85,15800.0,United Kingdom,1.7
558057,23029,drawer knob crackle glaze green,6,2011-06-24 14:57:00,1.65,15665.0,United Kingdom,9.899999999999999
567200,22210,wood stamp set best wishes,12,2011-09-19 10:15:00,0.83,16460.0,United Kingdom,9.959999999999999
540073,22427,enamel flower jug cream,4,2011-01-04 14:47:00,5.95,16814.0,United Kingdom,23.8
553668,21216,"set 3 retrospot tea,coffee,sugar",4,2011-05-18 12:21:00,4.95,13993.0,United Kingdom,19.8
544602,22726,alarm clock bakelike green,8,2011-02-22 09:01:00,3.75,13767.0,United Kingdom,30.0
540514,22624,ivory kitchen scales,1,2011-01-09 11:43:00,8.5,15708.0,United Kingdom,8.5
543354,21454,painted pink rabbit,12,2011-02-07 13:50:00,0.85,13458.0,United Kingdom,10.2
562220,82484,wood black board ant white finish,2,2011-08-03 14:19:00,7.95,15150.0,United Kingdom,15.9
568173,21790,vintage snap cards,24,2011-09-25 13:16:00,0.85,16187.0,United Kingdom,20.4
561894,22252,birdcage decoration tealight holder,1,2011-07-31 15:00:00,1.25,14456.0,United Kingdom,1.25
550906,85016,set of 6 vintage notelets kit,24,2011-04-21 12:34:00,0.65,14298.0,United Kingdom,15.600000000000001
549552,20781,gold ear muff headphones,1,2011-04-10 11:58:00,5.49,13508.0,United Kingdom,5.49
543369,84380,set of 3 butterfly cookie cutters,6,2011-02-07 14:49:00,1.25,16255.0,United Kingdom,7.5
541428,22487,white wood garden plant ladder,2,2011-01-18 08:53:00,9.95,14242.0,United Kingdom,19.9
571745,23307,set of 60 pantry design cake cases,24,2011-10-19 10:48:00,0.55,14911.0,EIRE,13.200000000000001
571671,23207,lunch bag alphabet design,6,2011-10-18 13:15:00,1.65,16940.0,United Kingdom,9.899999999999999
578068,79321,chilli lights,4,2011-11-22 15:45:00,5.75,14505.0,United Kingdom,23.0
572326,23205,charlotte bag vintage alphabet,100,2011-10-24 09:55:00,0.72,14607.0,United Kingdom,72.0
574053,23203,jumbo bag vintage doily,10,2011-11-02 14:04:00,2.08,16379.0,United Kingdom,20.8
537421,22940,feltcraft christmas fairy,3,2010-12-06 15:25:00,4.25,17218.0,United Kingdom,12.75
555400,23054,recycled acapulco mat lavender,6,2011-06-02 17:50:00,7.45,14088.0,United Kingdom,44.7
575339,22584,pack of 6 pannetone gift boxes,2,2011-11-09 14:29:00,2.55,15555.0,United Kingdom,5.1
559313,22318,five heart hanging decoration,6,2011-07-07 13:44:00,2.95,16325.0,United Kingdom,17.700000000000003
568151,23409,photo frame linen and lace large,6,2011-09-25 11:39:00,3.75,17506.0,United Kingdom,22.5
575607,20969,red floral feltcraft shoulder bag,1,2011-11-10 12:37:00,7.46,14096.0,United Kingdom,7.46
576175,22212,four hook  white lovebirds,6,2011-11-14 11:02:00,2.1,15291.0,United Kingdom,12.600000000000001
562146,21929,jumbo bag pink vintage paisley,10,2011-08-03 10:45:00,2.08,17675.0,United Kingdom,20.8
573038,23198,pantry magnetic  shopping list,3,2011-10-27 13:48:00,1.45,17545.0,United Kingdom,4.35
538652,22728,alarm clock bakelike pink,1,2010-12-13 15:12:00,3.75,17890.0,United Kingdom,3.75
548712,22767,triple photo frame cornice,1,2011-04-03 14:42:00,9.95,17050.0,United Kingdom,9.95
561600,22356,charlotte bag pink polkadot,7,2011-07-28 11:29:00,0.85,15861.0,United Kingdom,5.95
555848,23061,vintage embossed heart,12,2011-06-07 13:31:00,1.25,16081.0,United Kingdom,15.0
577483,22778,glass cloche small,1,2011-11-20 11:50:00,3.95,14502.0,United Kingdom,3.95
540968,22930,baking mould heart milk chocolate,3,2011-01-12 13:40:00,2.55,17338.0,United Kingdom,7.6499999999999995
565674,23407,set of 2 trays home sweet home,2,2011-09-06 09:49:00,9.95,15271.0,United Kingdom,19.9
556189,21746,small red retrospot windmill,12,2011-06-09 11:57:00,1.25,15615.0,United Kingdom,15.0
553540,22983,card billboard font,72,2011-05-17 15:32:00,0.36,17511.0,United Kingdom,25.919999999999998
567912,85199S,small hanging ivory/red wood bird,3,2011-09-22 17:07:00,0.42,15555.0,United Kingdom,1.26
553702,22652,travel sewing kit,2,2011-05-18 14:50:00,1.65,13263.0,United Kingdom,3.3
567428,84946,antique silver t-light glass,12,2011-09-20 11:35:00,1.25,14911.0,EIRE,15.0
547921,21470,flower vine raffia food cover,6,2011-03-28 13:28:00,3.75,14766.0,United Kingdom,22.5
539659,22677,french blue metal door sign 2,20,2010-12-21 09:47:00,1.25,15034.0,United Kingdom,25.0
551548,21155,red retrospot peg bag,6,2011-05-03 09:44:00,2.55,14149.0,United Kingdom,15.299999999999999
561915,23027,drawer knob vintage glass hexagon,2,2011-08-01 11:23:00,2.08,14408.0,United Kingdom,4.16
537463,22313,office mug warmer pink,18,2010-12-07 10:08:00,2.95,12681.0,France,53.1
566249,22227,hanging heart mirror decoration,10,2011-09-11 12:09:00,0.65,13527.0,United Kingdom,6.5
571413,22024,rainy ladies birthday card,12,2011-10-17 12:33:00,0.42,13923.0,United Kingdom,5.04
544110,21908,chocolate this way metal sign,4,2011-02-16 11:03:00,2.1,15059.0,United Kingdom,8.4
573666,23369,set 36 colour pencils love london,2,2011-10-31 16:24:00,1.25,15977.0,United Kingdom,2.5
580639,22587,feltcraft hairband red and blue,1,2011-12-05 12:46:00,0.85,17254.0,United Kingdom,0.85
574643,84596B,small dolly mix design orange bowl,8,2011-11-06 11:25:00,0.42,17387.0,United Kingdom,3.36
577751,23554,landmark frame oxford street,1,2011-11-21 14:34:00,12.5,12904.0,United Kingdom,12.5
563709,23275,set of 3 hanging owls ollie beak,3,2011-08-18 15:17:00,1.25,15472.0,United Kingdom,3.75
538106,22816,card motorbike santa,12,2010-12-09 15:20:00,0.42,17950.0,United Kingdom,5.04
548214,84978,hanging heart jar t-light holder,24,2011-03-30 09:17:00,1.25,13720.0,United Kingdom,30.0
549118,84375,set of 20 kids cookie cutters,12,2011-04-06 13:18:00,2.1,14911.0,EIRE,25.200000000000003
552121,22508,doorstop retrospot heart,4,2011-05-06 11:40:00,3.75,15757.0,United Kingdom,15.0
573082,21218,red spotty biscuit tin,12,2011-10-27 14:21:00,3.25,17173.0,United Kingdom,39.0
537130,22913,red coat rack paris fashion,1,2010-12-05 12:23:00,4.95,17796.0,United Kingdom,4.95
575516,22691,doormat welcome sunrise,10,2011-11-10 10:45:00,7.08,17340.0,United Kingdom,70.8
562087,22563,happy stencil craft,1,2011-08-02 12:31:00,1.25,14606.0,United Kingdom,1.25
548351,72351B,set/6 pink  butterfly t-lights,12,2011-03-30 14:51:00,2.1,13001.0,United Kingdom,25.200000000000003
573373,21213,pack of 72 skull cake cases,3,2011-10-30 13:37:00,0.55,14684.0,United Kingdom,1.6500000000000001
553156,22822,cream wall planter heart shaped,1,2011-05-13 14:58:00,5.95,17841.0,United Kingdom,5.95
571509,22942,christmas lights 10 santas,1,2011-10-17 15:28:00,8.5,13110.0,United Kingdom,8.5
560595,22625,red kitchen scales,4,2011-07-19 16:45:00,8.5,16656.0,United Kingdom,34.0
536804,15056BL,edwardian parasol black,12,2010-12-02 16:34:00,5.95,14031.0,United Kingdom,71.4
544803,22954,hen party cordon barrier tape,1,2011-02-23 14:29:00,1.25,14606.0,United Kingdom,1.25
538814,22524,childrens garden gloves blue,1,2010-12-14 12:30:00,1.25,15983.0,United Kingdom,1.25
538307,35004P,set of 3 pink flying ducks,1,2010-12-10 13:27:00,5.45,14667.0,United Kingdom,5.45
542922,22554,plasters in tin woodland animals,12,2011-02-02 09:06:00,1.65,12682.0,France,19.799999999999997
569697,23424,gingham recipe book box,4,2011-10-05 15:38:00,4.95,17647.0,United Kingdom,19.8
550152,22302,coffee mug pears  design,4,2011-04-14 14:43:00,2.55,17362.0,United Kingdom,10.2
546091,20685,doormat red retrospot,4,2011-03-09 11:53:00,7.95,14936.0,Channel Islands,31.8
554630,22035,vintage caravan greeting card,12,2011-05-25 11:34:00,0.42,13268.0,United Kingdom,5.04
558159,15044A,pink paper parasol,2,2011-06-27 11:50:00,2.95,16904.0,United Kingdom,5.9
576593,23514,embroidered ribbon reel sally,1,2011-11-15 14:48:00,2.08,15720.0,United Kingdom,2.08
556504,47578A,english rose small scented flower,10,2011-06-13 08:47:00,0.85,13936.0,United Kingdom,8.5
551885,22711,wrap circus parade,25,2011-05-05 09:18:00,0.42,16700.0,United Kingdom,10.5
569535,23113,pantry chopping board,1,2011-10-04 15:41:00,4.95,15044.0,United Kingdom,4.95
539629,22970,london bus coffee mug,12,2010-12-20 14:51:00,2.55,14062.0,United Kingdom,30.599999999999998
558571,22466,fairy tale cottage nightlight,12,2011-06-30 14:46:00,1.95,17017.0,United Kingdom,23.4
568152,23307,set of 60 pantry design cake cases,24,2011-09-25 11:40:00,0.55,16480.0,United Kingdom,13.200000000000001
574740,22029,spaceboy birthday card,24,2011-11-06 16:07:00,0.42,12357.0,Switzerland,10.08
561876,22413,metal sign take it or leave it,1,2011-07-31 12:08:00,2.95,14472.0,United Kingdom,2.95
555728,21162,toxic area  door hanger,1,2011-06-06 16:41:00,1.45,17252.0,United Kingdom,1.45
564733,23148,miniature antique rose hook ivory,1,2011-08-28 13:18:00,0.83,17841.0,United Kingdom,0.83
551531,22131,food container set 3 love heart,6,2011-05-01 13:45:00,1.95,15376.0,United Kingdom,11.7
572490,23103,jingle bell heart decoration,6,2011-10-24 13:59:00,1.65,14467.0,United Kingdom,9.899999999999999
575583,22531,magic drawing slate circus parade,1,2011-11-10 11:55:00,0.42,14456.0,United Kingdom,0.42
539754,47566,party bunting,1,2010-12-21 16:06:00,4.65,12748.0,United Kingdom,4.65
547079,21637,assorted sanskrit mini notebook,18,2011-03-20 15:02:00,1.25,15408.0,United Kingdom,22.5
564961,23060,heart beaded trellis decoration,6,2011-08-31 14:28:00,2.08,14525.0,United Kingdom,12.48
537219,84029G,knitted union flag hot water bottle,2,2010-12-05 15:47:00,3.75,14081.0,United Kingdom,7.5
546486,22423,regency cakestand 3 tier,1,2011-03-14 11:41:00,12.75,15039.0,United Kingdom,12.75
537034,84029E,red woolly hottie white heart.,12,2010-12-03 17:20:00,3.75,13081.0,United Kingdom,45.0
573552,22632,hand warmer red retrospot,12,2011-10-31 13:43:00,2.1,13203.0,United Kingdom,25.200000000000003
572552,22423,regency cakestand 3 tier,1,2011-10-24 17:07:00,24.96,14096.0,United Kingdom,24.96
543371,22375,airline bag vintage jet set brown,1,2011-02-07 14:53:00,4.25,14048.0,United Kingdom,4.25
549014,21673,white spot blue ceramic drawer knob,2,2011-04-05 15:00:00,1.25,17841.0,United Kingdom,2.5
570718,22326,round snack boxes set of4 woodland,18,2011-10-12 10:36:00,2.95,12518.0,Germany,53.1
553199,21936,red retrospot picnic bag,1,2011-05-15 15:14:00,2.95,17758.0,United Kingdom,2.95
572453,23480,mini lights woodland mushrooms,4,2011-10-24 12:37:00,3.75,12921.0,United Kingdom,15.0
574943,21992,vintage paisley stationery set,12,2011-11-08 07:52:00,1.25,13026.0,United Kingdom,15.0
536784,22752,set 7 babushka nesting boxes,72,2010-12-02 15:20:00,7.65,15061.0,United Kingdom,550.8000000000001
564510,84818,danish rose photo frame,24,2011-08-25 14:42:00,0.79,14194.0,United Kingdom,18.96
541107,85019A,romantic images notebook set,24,2011-01-13 14:55:00,1.25,17744.0,United Kingdom,30.0
547650,20713,jumbo bag owls,1,2011-03-24 12:08:00,1.95,17059.0,United Kingdom,1.95
568798,23546,wrap paisley park,25,2011-09-29 10:23:00,0.42,12615.0,France,10.5
553709,22423,regency cakestand 3 tier,6,2011-05-18 15:29:00,12.75,13767.0,United Kingdom,76.5
576667,35953,folkart star christmas decorations,48,2011-11-16 11:48:00,0.39,12963.0,United Kingdom,18.72
543398,20724,red retrospot charlotte bag,20,2011-02-08 10:47:00,0.85,16458.0,United Kingdom,17.0
580757,21485,retrospot heart hot water bottle,3,2011-12-06 10:27:00,4.95,13709.0,United Kingdom,14.850000000000001
540267,22524,childrens garden gloves blue,100,2011-01-06 11:12:00,1.06,12415.0,Australia,106.0
541855,21317,glass sphere candle stand medium,2,2011-01-23 14:59:00,5.45,13742.0,United Kingdom,10.9
552036,48138,doormat union flag,1,2011-05-05 19:16:00,7.95,12748.0,United Kingdom,7.95
570129,22956,36 foil heart cake cases,6,2011-10-07 13:34:00,2.1,12885.0,United Kingdom,12.600000000000001
538652,21393,blue polkadot pudding bowl,6,2010-12-13 15:12:00,2.1,17890.0,United Kingdom,12.600000000000001
569213,47566,party bunting,2,2011-10-02 12:11:00,4.95,13782.0,United Kingdom,9.9
572703,22565,feltcraft hairbands pink and white,2,2011-10-25 14:35:00,0.85,16110.0,United Kingdom,1.7
564950,23005,travel card wallet i love london,6,2011-08-31 13:31:00,0.42,17320.0,United Kingdom,2.52
559746,21034,rex cash+carry jumbo shopper,2,2011-07-12 11:16:00,0.95,16515.0,United Kingdom,1.9
569867,84992,72 sweetheart fairy cake cases,24,2011-10-06 14:54:00,0.55,12569.0,Germany,13.200000000000001
578113,84991,60 teatime fairy cake cases,24,2011-11-23 09:35:00,0.55,14560.0,United Kingdom,13.200000000000001
556671,22659,lunch box i love london,1,2011-06-13 16:33:00,1.95,17841.0,United Kingdom,1.95
546995,22851,set 20 napkins fairy cakes design,1,2011-03-18 13:25:00,0.85,14041.0,United Kingdom,0.85
572887,POST,postage,4,2011-10-26 13:47:00,15.0,12362.0,Belgium,60.0
568955,23172,regency tea plate pink,12,2011-09-29 15:40:00,1.65,13759.0,United Kingdom,19.799999999999997
541991,84796B,blue savannah picnic hamper for 2,2,2011-01-25 09:11:00,12.75,12417.0,Belgium,25.5
565580,23399,home sweet home hanging heart,12,2011-09-05 12:36:00,0.85,13851.0,United Kingdom,10.2
558063,22925,blue giant garden thermometer,1,2011-06-24 15:28:00,5.95,16395.0,United Kingdom,5.95
555125,23076,ice cream sundae lip gloss,24,2011-05-31 15:26:00,1.25,13481.0,United Kingdom,30.0
559155,23292,spaceboy childrens cup,8,2011-07-06 15:49:00,1.25,13418.0,United Kingdom,10.0
551270,22037,robot birthday card,12,2011-04-27 12:35:00,0.42,15891.0,United Kingdom,5.04
569220,22197,popcorn holder,2,2011-10-02 13:26:00,0.85,16007.0,United Kingdom,1.7
548610,84926D,la palmiera tile coaster,4,2011-04-01 11:28:00,1.25,15860.0,United Kingdom,5.0
547095,16161U,wrap suki and friends,25,2011-03-21 09:03:00,0.42,13018.0,United Kingdom,10.5
562450,23202,jumbo bag vintage leaf,10,2011-08-05 08:40:00,2.08,12562.0,France,20.8
569220,23395,belle jardiniere cushion cover,5,2011-10-02 13:26:00,3.75,16007.0,United Kingdom,18.75
536390,22969,homemade jam scented candles,96,2010-12-01 10:19:00,1.25,17511.0,United Kingdom,120.0
565197,23307,set of 60 pantry design cake cases,24,2011-09-01 16:16:00,0.55,13376.0,United Kingdom,13.200000000000001
575063,22577,wooden heart christmas scandinavian,1,2011-11-08 12:32:00,0.29,16764.0,United Kingdom,0.29
575091,22578,wooden star christmas scandinavian,24,2011-11-08 14:05:00,0.29,17160.0,United Kingdom,6.959999999999999
554278,21913,vintage seaside jigsaw puzzles,2,2011-05-23 13:25:00,3.75,13831.0,United Kingdom,7.5
571304,23348,childrens toy cooking utensil set,6,2011-10-17 09:37:00,2.08,12526.0,Germany,12.48
